word	Frequency
может	1507110
есть	121298
является	817990
году	693860
имеет	444057
стоит	443737
люди	395976
человек	393682
следует	353776
компания	304116
позволяет	292386
количество	226732
работа	226398
система	226271
часть	218039
дело	211258
находится	208095
происходит	202141
вопрос	196238
говорит	193383
работает	180474
связи	173005
существует	171912
становится	168315
дети	167608
правило	164722
зависит	163784
стоимость	161227
составляет	160435
идет	158001
цена	144530
возможность	143874
информация	133774
процесс	133143
программа	133064
представляет	131358
дает	131263
решение	130817
жизнь	129226
место	129110
большинство	126226
история	125143
проблема	123046
россия	121265
используется	120728
специалисты	120517
центр	118597
автор	118533
речь	117900
уровень	116428
вариант	115575
делает	115435
проект	114340
ребенок	113972
бывает	112710
касается	110869
время	110779
дом	109601
требуется	109221
состоит	108775
способ	108365
день	107145
требует	106935
предлагает	106869
директор	106866
выбор	106652
хочет	106367
проблемы	105754
остается	105645
хочется	104304
использование	102713
опыт	102532
группа	101578
приходится	100514
знает	99496
организация	99465
качество	99354
получается	98773
кажется	98728
женщина	98589
вид	98050
город	97922
считается	97857
мир	97849
главное	97596
наличие	97152
помогает	96927
развитие	95889
осуществляется	94224
ситуация	93347
глава	91972
средства	91553
москва	91032
множество	90422
начинает	89675
материалы	89435
вода	89334
результат	88930
обладает	86790
означает	85853
задача	85647
возникает	85466
создание	85381
данные	85117
имеется	84849
представители	84777
условия	84346
фото	83989
цель	83794
сайт	82908
отличается	81845
анализ	81647
форма	81462
проходит	81458
раз	81213
обеспечивает	80987
приводит	80952
подходит	80945
размер	80870
результаты	80723
руководитель	80563
заключается	80179
работы	80168
относится	80070
рекомендуется	79636
родители	79332
нравится	79238
вопросы	78976
материал	78894
книга	78783
цены	77751
сотрудники	77698
игра	77687
модель	76103
президент	75983
проводится	75725
включает	75345
бог	75324
название	75016
слово	74971
начинается	74787
отсутствие	74779
управление	74554
число	73796
считает	73571
входит	73562
отец	73540
содержит	73375
интернет	72912
компании	72666
участники	72653
значит	72374
девушка	72154
мама	72049
сообщает	70320
деньги	70272
ответ	69851
лечение	69681
состояние	68981
метод	68643
называется	68161
команда	68099
оборудование	68061
рост	67548
закон	67351
женщины	67074
мужчина	66985
тема	66862
оказывается	66708
год	66662
вызывает	66438
виды	66363
пишет	65588
объем	65551
статья	65221
идея	65220
срок	65032
любовь	64685
особенности	64557
ооо	64326
спасибо	64211
выглядит	64180
врач	63897
показывает	63752
применение	63687
факт	63507
слова	63502
председатель	63402
сумма	63304
занимает	62787
суд	62566
появляется	62439
жители	62101
бизнес	62062
описание	62016
цвет	61901
школа	61857
методы	61843
изменения	61375
фильм	61354
производится	61163
деятельность	60745
сведения	60616
строительство	60560
отношения	60560
средство	60504
хватает	60489
комплекс	60161
заместитель	60029
установка	59760
получает	59546
производство	59504
документы	59353
требования	59134
температура	59085
дизайн	58470
минимум	58432
сын	57875
ребята	57875
новости	57611
область	57242
способствует	57148
любит	57119
семья	57041
банк	56953
применяется	56744
системы	56696
имя	56636
технологии	56478
номер	56460
эффект	56153
подход	56142
занимается	56053
народ	55621
машина	55371
ремонт	55037
определяется	54465
разработка	54463
пример	54375
страна	54356
государство	53840
вес	53614
муж	53569
соответствует	53102
виду	53092
член	52984
желание	52664
модели	52583
содержание	52177
действует	52098
причина	52022
друзья	51923
говорится	51669
лицо	51561
образование	51553
тип	51446
помощь	50931
устройство	50886
правила	50566
ряд	50478
ведет	50242
начальник	50108
список	50106
значение	50102
видео	49988
проведение	49914
подготовка	49880
площадь	49563
оценка	49398
курс	49296
правительство	49168
играет	49063
язык	48727
процедура	48682
образ	48611
повышение	48573
дата	48105
скорость	48062
приходит	47714
отношение	47670
порядок	47659
положение	47569
доктор	47555
ученые	47374
путь	47199
необходимость	47069
рис	47038
совет	47002
специалист	46900
влияет	46855
элементы	46793
договор	46681
контроль	46522
обеспечение	46353
выходит	46183
мать	46101
планируется	46042
технология	46024
общество	46007
жена	45990
практика	45935
руководство	45858
живет	45527
продолжает	45484
продукты	45471
сила	45468
тело	45381
начало	45364
отвечает	45285
текст	45167
право	45166
масса	44906
услуги	44895
принцип	44827
война	44504
автомобиль	44468
исследования	44289
рынок	44121
лежит	43734
принимает	43716
состав	43641
режим	43620
смысл	43609
действия	43474
рассказывает	43420
мнение	43385
техника	43364
поддержка	43245
определение	43235
увеличение	42843
источник	42827
предполагает	42686
праздник	42686
чувство	42673
защита	42667
этап	42606
мужчины	42370
кожа	41971
лица	41777
версия	41759
структура	41680
движение	41648
врачи	41607
обучение	41245
район	41170
набор	41131
понятие	41115
церковь	40992
делается	40941
ощущение	40882
игры	40862
проводит	40832
власть	40799
исследование	40790
создает	40693
встреча	40649
снижение	40646
растет	40511
представитель	40475
продукт	40310
формы	40257
оказывает	40252
роль	40247
возможности	39909
программы	39785
длина	39763
телефон	39753
доля	39700
предприятие	39699
характеристики	39572
изделия	39416
эксперты	39392
формирование	39295
сервис	39263
план	39263
земля	39170
профессор	39057
действие	39050
мастер	39041
мебель	38987
реклама	38887
органы	38885
предоставляет	38874
изменение	38828
документ	38824
развивается	38742
доставка	38741
служит	38678
продукция	38651
члены	38587
боль	38514
политика	38308
наблюдается	38293
показатель	38138
характер	38115
адрес	38033
клиент	37985
стиль	37827
размеры	37810
предстоит	37541
показатели	37410
функция	37383
определяет	37382
музыка	37360
поиск	37356
министр	37327
студенты	37320
возраст	37269
оформление	37100
прием	36942
класс	36745
высота	36591
волосы	36532
видит	36528
связь	36505
ждет	36322
причины	36285
вещи	35945
способы	35865
конструкция	35715
власти	35704
герой	35676
организации	35663
украина	35511
выступает	35452
сети	35394
конкурс	35377
свет	35193
завод	35101
вероятность	35076
свойства	35003
открытие	34995
схема	34985
берегу	34973
глаза	34858
карта	34851
суть	34757
варианты	34701
выход	34700
пытается	34615
превышает	34532
разница	34507
использует	34476
база	34435
питание	34374
е	34330
мысль	34316
продажа	34264
беларусь	34255
парень	34167
занятия	34094
голос	34092
институт	33994
события	33967
принадлежит	33878
служба	33864
давление	33840
мероприятия	33825
квартира	33805
выставка	33796
предложение	33715
сердце	33652
друг	33621
культура	33539
учитель	33501
осуществляет	33158
производители	33048
инструмент	33034
период	32938
дорога	32924
появление	32871
сотрудник	32731
авторы	32676
внимание	32605
организм	32516
фонд	32493
увеличивается	32399
масло	32378
пара	32347
напоминает	32337
способность	32333
отсутствует	32294
решения	32246
проверка	32223
нарушение	32209
сеть	32135
меняется	32115
идёт	32079
сша	32074
болезнь	32047
гости	32030
пользователь	32003
душа	31967
оплата	31873
перечень	31866
присутствует	31835
образец	31823
недвижимость	31790
администрация	31567
проекты	31497
дела	31492
случаи	31462
музей	31346
граждане	31283
клиенты	31247
производитель	31240
поддерживает	31169
понимает	31162
механизм	30979
процессы	30968
следствие	30960
приложение	30901
малыш	30898
здание	30898
риск	30821
магазин	30778
девушки	30761
одежда	30753
дочь	30671
солнце	30627
комиссия	30620
отзывы	30457
фирма	30376
выполняет	30366
встречается	30358
регистрация	30317
борьба	30308
серия	30209
отдых	30170
заболевание	30142
линия	30128
природа	30060
господь	29974
предлагается	29830
раздел	29804
собирается	29773
картина	29760
направление	29670
задачи	29647
уходит	29638
книги	29562
водитель	29511
дома	29382
проститутки	29376
элемент	29357
проявляется	29348
устанавливается	29305
пользователи	29288
клуб	29279
свидетельствует	29145
симптомы	29068
папа	28997
отмечает	28971
девочка	28965
машины	28962
перевод	28937
наука	28924
работники	28873
оао	28871
союз	28856
пользуется	28808
монтаж	28808
судьба	28793
письмо	28770
реализация	28723
искусство	28617
удается	28589
сторона	28573
университет	28554
эффективность	28550
обслуживание	28527
объект	28503
секрет	28435
форум	28407
замена	28351
препарат	28320
знание	28266
теория	28257
комментарии	28244
лидер	28242
брат	28223
запись	28110
функции	28091
интерес	28091
предприятия	28031
агентство	27897
операция	27883
содержится	27837
ответственность	27716
препараты	27656
изучение	27601
несет	27525
смерть	27514
факторы	27441
вывод	27421
территория	27399
парк	27395
силы	27381
предметы	27329
руководители	27303
банки	27260
выполнение	27255
плюс	27207
степень	27206
голова	27195
фотографии	27080
объекты	27072
воздух	27029
дух	26980
крови	26970
фестиваль	26957
нуждается	26842
отмечается	26822
заявление	26818
растения	26766
сочетание	26729
газета	26720
случай	26674
расходы	26657
переход	26636
статьи	26632
настроение	26584
получение	26548
г	26493
понимание	26314
мысли	26223
заболевания	26208
ведется	26192
мощность	26188
указывает	26166
население	26156
выполняется	26134
меры	26133
половина	26100
интересует	26069
предусматривает	26032
явление	25967
кухня	25807
вещь	25792
сон	25773
мальчик	25765
экономика	25733
передает	25699
депутат	25686
предоставляется	25659
влияние	25650
товары	25609
вещества	25567
код	25556
собака	25539
реакция	25532
акция	25517
умение	25506
признаки	25500
мероприятие	25427
продолжается	25403
владелец	25400
журнал	25319
носит	25317
умеет	25248
уход	25246
менеджер	25227
впечатление	25218
шаг	25213
безопасность	25188
энергия	25161
постановление	25114
приносит	25093
эксперт	25055
корпус	25055
блок	24998
пункт	24987
мастера	24981
сроки	24972
событие	24948
участник	24927
растение	24913
участие	24897
точка	24813
сообщение	24800
места	24775
яндекс	24764
производит	24746
решает	24731
память	24634
планирует	24623
повышает	24620
слой	24527
руки	24503
стены	24487
ошибка	24478
мешает	24458
достигает	24451
ширина	24418
зона	24391
преимущества	24367
предложения	24355
поверхность	24347
труд	24309
цветы	24253
продолжительность	24222
принципы	24156
поведение	24151
допускается	24101
даёт	24094
представление	24087
расчет	24065
дерево	24005
министерство	23986
здоровье	23854
звучит	23804
идеи	23781
казахстан	23777
знания	23765
отель	23733
разу	23719
кровь	23686
утверждает	23676
окна	23619
гост	23590
рекомендации	23527
фактор	23515
основа	23476
гарантирует	23464
особенность	23444
комната	23400
изготовление	23397
театр	23351
открывается	23343
коллектив	23303
море	23247
гражданин	23227
запах	23187
листья	23169
ссылка	23153
отдел	23153
партия	23135
товар	23121
двери	23086
конференция	23080
камень	23015
стремится	22996
издание	22979
введение	22964
плата	22932
ветер	22875
сезон	22872
детали	22861
методика	22841
изображение	22808
упражнения	22788
мясо	22781
советы	22701
портал	22670
сюжет	22665
инструменты	22625
создается	22620
ассортимент	22594
позиция	22583
попадает	22578
страх	22561
общение	22544
саду	22519
рецепт	22506
герои	22468
подарок	22450
характеризуется	22400
берет	22381
услуга	22363
правда	22327
сбор	22323
знак	22320
массаж	22258
участок	22232
кризис	22204
конец	22195
заставляет	22112
тел	22069
источники	22052
погода	22040
группы	22022
германия	21963
санкт-петербург	21956
наступает	21944
пространство	21937
располагается	21927
покрытие	21917
недостаток	21906
храм	21888
устройства	21874
депутаты	21846
попытка	21842
инструкция	21796
кандидат	21729
счастье	21718
ставка	21710
сидит	21691
обработка	21643
онлайн	21633
покупка	21617
минус	21612
секс	21610
аппарат	21588
примеры	21572
хозяин	21547
предполагается	21526
параметры	21475
символ	21470
художник	21382
стремление	21367
основы	21354
нарушения	21278
слава	21264
формируется	21263
восстановление	21257
улица	21249
успех	21248
чувствует	21224
последствия	21220
владельцы	21070
страница	20997
предмет	20992
свобода	20950
законы	20933
приобретает	20921
работник	20906
автомобили	20892
заканчивается	20849
формат	20774
рыба	20760
красота	20744
размещение	20739
привлекает	20735
объясняется	20729
обращение	20724
преимущество	20688
открывает	20610
желает	20596
снижается	20573
покупатель	20551
животные	20546
ищет	20517
качества	20458
губернатор	20446
ставит	20401
аренда	20321
диагностика	20316
снижает	20295
диета	20287
термин	20280
страны	20221
писатель	20204
оставляет	20174
комитет	20151
затраты	20107
двигатель	20085
презентация	20058
части	20056
подразумевает	20055
теряет	20040
гарантия	19993
стратегия	19957
орган	19951
распространяется	19936
обзор	19928
преподаватель	19925
победа	19922
потребность	19920
атмосфера	19911
заседание	19905
персонал	19892
армия	19866
китай	19837
площадка	19833
сад	19823
рейтинг	19823
передача	19817
библиотека	19776
выпуск	19761
максимум	19712
рисунок	19689
файл	19684
отделение	19684
рука	19665
назначение	19617
категория	19607
доход	19601
режиссер	19562
расширение	19542
республика	19517
коллеги	19505
тренер	19503
концепция	19486
драйвер	19483
достигается	19448
номера	19411
защищает	19408
увеличивает	19315
спрос	19286
личность	19286
компоненты	19250
смотрит	19248
звук	19232
радость	19226
среда	19214
часы	19145
организаторы	19134
боли	19133
взгляд	19068
планы	19054
готовится	19054
процент	19024
поток	18983
рассказ	18979
ссылки	18959
находит	18948
удаление	18946
девочки	18946
ребёнок	18937
царь	18885
статус	18885
факты	18849
думает	18819
сестра	18790
активность	18787
права	18778
расстояние	18772
оружие	18766
остаётся	18743
смена	18692
цели	18689
нагрузка	18663
характеристика	18661
редактор	18645
расположение	18636
напряжение	18636
рассматривается	18609
сопровождается	18608
звезда	18603
ожидается	18553
разработчики	18542
имена	18526
песня	18518
соглашение	18513
график	18509
норма	18508
придает	18505
смесь	18497
заказ	18479
груди	18469
лесу	18458
роман	18449
исследователи	18444
бабушка	18438
попытки	18436
вкус	18425
ответы	18419
индекс	18412
просит	18406
акт	18388
нормы	18379
тенденция	18374
камера	18369
толщина	18323
поле	18321
газ	18306
справка	18298
занятие	18273
магазины	18269
отказ	18223
край	18222
песни	18191
радует	18183
предоставление	18111
внедрение	18103
заключение	18080
возвращается	18074
цвета	18056
перспективы	18042
игроки	18038
поступает	18025
дверь	18017
продается	18012
снег	17991
заказчик	17977
лето	17934
превращается	17931
шанс	17925
учет	17907
свидетельство	17905
остальное	17853
условие	17851
вход	17817
ресурсы	17803
пациент	17762
молоко	17760
коэффициент	17759
компьютер	17699
игрок	17658
спб	17590
диаметр	17505
вера	17493
сохраняется	17483
продвижение	17468
скидка	17446
случается	17413
итоги	17401
сотрудничество	17391
сми	17370
чиновники	17367
разговор	17365
устраивает	17353
статистика	17340
ночь	17316
переходит	17314
падает	17272
ноги	17272
продавец	17243
пресс-служба	17240
крем	17239
взаимодействие	17222
литература	17217
исключение	17215
мечта	17167
акции	17166
приказ	17165
участки	17158
процедуры	17156
воздействие	17098
ходит	17076
линии	17072
спорт	17070
курсы	17046
улучшает	17034
кредит	17032
остров	16992
стандарт	16980
смотрится	16966
повышается	16964
прибыль	16949
господин	16921
поэт	16887
складывается	16884
коллекция	16855
углу	16816
отражает	16805
участвует	16798
отчет	16763
прибор	16760
терапия	16754
соревнования	16749
операции	16749
ошибки	16720
сфера	16717
посещение	16698
судья	16691
объясняет	16682
доступ	16652
неделя	16616
русские	16576
приглашает	16576
воспаление	16569
станция	16563
ткань	16551
величина	16536
зал	16527
центры	16522
дизайнеры	16499
зарплата	16473
кот	16468
овощи	16445
оператор	16437
боится	16375
конструкции	16354
тест	16313
ученики	16309
чувства	16303
комментарий	16295
ресурс	16265
цифры	16248
объединение	16232
таблица	16230
длится	16215
выражение	16207
модуль	16179
учащиеся	16165
обеспечивается	16162
родственники	16142
князь	16079
приборы	16069
соотношение	16060
печать	16057
собрание	16043
стол	16032
мозг	16032
посетители	16026
партнер	16012
указывается	16000
капитан	15963
полу	15955
ощущения	15923
поколение	15911
киев	15894
м	15886
фильмы	15863
опасность	15863
век	15818
численность	15762
возрастает	15758
войска	15741
король	15733
вечер	15729
страдает	15713
направления	15704
обсуждение	15703
сознание	15695
комплект	15680
ип	15675
подтверждает	15669
вещество	15665
блог	15664
делится	15632
уменьшается	15602
разнообразие	15601
поездка	15584
сокращение	15583
офис	15582
динамика	15569
требование	15560
секретарь	15560
старается	15529
чудо	15493
дождь	15484
пост	15483
карты	15467
бюджет	15462
учителя	15448
час	15431
дед	15405
употребление	15369
деревья	15361
дни	15359
адвокат	15346
принятие	15324
туристы	15316
трубы	15303
полиция	15301
доходы	15295
соблюдение	15291
глубина	15290
подлежит	15260
воспитание	15245
торговля	15229
крыму	15229
канал	15198
дороги	15183
расход	15171
еда	15165
держит	15155
сказывается	15148
житель	15144
помещение	15140
объединяет	15121
шоу	15112
зима	15108
сохраняет	15093
пособие	15092
смартфон	15017
студент	14968
называет	14965
братья	14962
гость	14944
профессионалы	14933
тени	14921
продолжение	14911
помощник	14911
звезды	14906
настройка	14893
учреждение	14888
огонь	14866
сотни	14846
мышцы	14819
признак	14818
витамины	14807
актер	14771
сок	14755
творчество	14750
обувь	14747
кошка	14672
потеря	14669
навыки	14653
цикл	14642
отделка	14638
знакомство	14632
планирование	14630
эмоции	14629
предприниматель	14627
десятки	14625
франция	14619
распределение	14615
механизмы	14588
беда	14588
взрослые	14558
разрешение	14548
дается	14547
выборы	14544
молодежь	14525
снимает	14514
преподаватели	14510
новость	14508
журналисты	14500
транспорт	14488
маска	14485
частота	14478
путешествие	14472
законодательство	14471
игрушки	14468
обстоятельства	14465
сайты	14431
выделяется	14424
круг	14415
собор	14411
памятник	14366
камни	14362
семинар	14361
сказка	14359
немцы	14325
каталог	14317
работодатель	14311
пвх	14296
интересы	14290
улучшение	14288
грозит	14286
обмен	14277
река	14249
весна	14247
зао	14236
собаки	14228
любители	14213
сертификат	14202
устанавливает	14192
пациенты	14172
копия	14113
тренинг	14110
положения	14101
присутствие	14085
плоды	14081
города	14077
обновление	14055
экскурсия	14051
фраза	14041
европа	14031
концерт	14029
консультация	14023
падение	14019
обязанности	14011
медицина	14010
сообщается	13994
аксессуары	13992
типы	13984
исполнение	13964
болезни	13951
выбирает	13946
бренд	13946
испытывает	13929
покупатели	13904
подбор	13900
беременность	13828
отзыв	13820
меняет	13816
принимается	13775
клетки	13765
ожидает	13735
соль	13714
уменьшение	13709
обстановка	13695
прогноз	13680
пол	13665
сборник	13658
предприниматели	13649
актриса	13641
инвестиции	13622
аромат	13601
привет	13589
пути	13587
произведения	13578
генерал	13569
сигнал	13549
окно	13532
тысячи	13525
строится	13523
регион	13523
традиция	13522
реальность	13513
студия	13500
телефоны	13491
ресторан	13482
соединение	13478
ассоциация	13476
надежность	13465
надежда	13464
экономия	13454
партнеры	13452
недостатки	13438
потенциал	13424
свадьба	13399
удар	13364
выступление	13356
наименование	13338
американцы	13332
понятия	13329
момент	13327
тенденции	13326
тенге	13314
составление	13278
плитка	13277
черты	13260
птицы	13244
тур	13243
приобретение	13234
сохранение	13217
подруга	13202
лист	13199
психология	13191
встречи	13166
будущее	13153
ограничение	13148
интерьер	13144
диск	13142
учреждения	13133
семена	13115
раствор	13100
дому	13092
панели	13082
проектирование	13076
климат	13068
читатели	13062
формула	13043
ведущий	13030
контакты	13024
платье	13012
обращается	13001
ход	12996
аспекты	12992
ум	12988
сериал	12988
салон	12984
проживает	12966
философия	12964
ведение	12957
стихи	12954
академия	12946
рак	12935
журналист	12934
сущность	12911
фрукты	12887
интерфейс	12887
конфликт	12863
концентрация	12849
распространение	12845
традиции	12841
меню	12824
чай	12818
ученик	12812
крым	12808
доска	12800
моменты	12799
фамилия	12778
порно	12769
урок	12764
потолки	12758
фотография	12757
школы	12749
инфраструктура	12748
замок	12739
кино	12735
утверждение	12698
золото	12696
хозяева	12692
куча	12682
тексты	12671
критерии	12649
блюдо	12648
мед	12634
столица	12629
признание	12623
просьба	12621
небо	12620
изделие	12603
основания	12590
здания	12579
располагает	12565
держится	12548
команды	12545
реализуется	12540
заслуживает	12539
ворота	12532
залог	12511
выдается	12489
зависимость	12484
читатель	12481
блоки	12481
блюда	12480
воспоминания	12474
кнопка	12470
марка	12464
прокуратура	12450
цифра	12448
уделяется	12439
готовит	12436
лес	12433
подключение	12415
повод	12405
объемы	12404
образцы	12401
предпочитает	12400
охрана	12399
освещение	12392
длительность	12387
зрители	12369
фигура	12361
мэр	12361
производительность	12350
ограничения	12346
решается	12340
простота	12335
плотность	12301
кислота	12278
трудности	12276
протокол	12263
владеет	12256
польза	12240
помещения	12239
спортсмены	12238
сопровождение	12223
панель	12222
профилактика	12213
обои	12212
менеджеры	12187
налог	12180
жилье	12178
диагноз	12177
стекло	12174
чтение	12165
задание	12156
знаки	12141
командир	12135
животное	12096
озеро	12095
революция	12094
мониторинг	12086
рассматривает	12074
корреспондент	12069
назначается	12066
консультации	12059
чемпионат	12040
страхование	12008
пакет	12004
христос	11977
картинка	11956
шум	11931
лидеры	11925
господа	11925
оптимизация	11912
передается	11909
спрашивает	11892
осуществление	11885
комплексы	11885
соседи	11882
фирмы	11881
добавляет	11880
витамин	11866
исключает	11862
выводы	11849
классификация	11846
наносится	11843
демонстрирует	11842
кафе	11828
законопроект	11823
ходу	11820
ключ	11820
темы	11817
выдает	11814
произведение	11807
газпром	11806
учится	11775
жидкость	11769
дефицит	11747
файлы	11736
движения	11733
удобство	11724
угроза	11722
ценности	11719
ценность	11714
промышленность	11714
отражается	11706
психолог	11691
доцент	11687
мужик	11681
филиал	11669
священник	11663
воля	11662
церемония	11658
стимулирует	11658
италия	11653
лук	11652
аналитики	11638
враг	11635
редакция	11618
форекс	11616
почта	11614
лента	11608
победитель	11605
род	11604
упаковка	11596
мера	11594
комфорт	11590
семьи	11589
человечество	11578
интернет-магазин	11568
профиль	11567
поражает	11562
радио	11553
борту	11548
обещает	11540
совокупность	11539
письма	11537
картины	11531
капитал	11506
ткани	11504
ток	11487
болит	11463
самолет	11439
верит	11436
поднимается	11429
интервью	11429
структуры	11426
диапазон	11417
подарки	11408
салат	11400
изображения	11399
украшения	11391
инженер	11390
аэропорту	11384
педагог	11381
уверенность	11376
выпускает	11371
пятна	11370
бумага	11370
продажи	11365
пища	11365
персонаж	11362
экспертиза	11358
привлечение	11357
школьники	11354
отказывается	11347
конкуренция	11342
хлеб	11323
включается	11321
мода	11318
образы	11312
уменьшает	11299
рецепты	11277
представления	11273
дыхание	11271
хранится	11261
читает	11246
учение	11245
отправляется	11228
существо	11227
дизайнер	11218
водители	11210
логика	11193
популярность	11185
подчеркивает	11180
вино	11168
выявление	11160
ситуации	11134
алгоритм	11128
установки	11120
баланс	11114
товарищ	11084
ставится	11077
бассейн	11076
осень	11070
ряду	11064
луна	11059
подтверждение	11056
запуск	11041
имущество	11039
остатки	11034
яйца	11022
свойство	11014
кодекс	10993
синдром	10978
названия	10974
евреи	10967
подача	10956
реконструкция	10949
дворец	10934
слухи	10922
достижение	10917
сбербанк	10916
вина	10915
россияне	10907
мечтает	10903
платформа	10902
парни	10902
ученый	10900
корпорация	10893
пластик	10889
подробности	10879
солдаты	10872
формирует	10871
признается	10870
прогресс	10861
металл	10858
корабль	10825
различия	10822
рабочие	10822
следы	10820
планета	10809
юрист	10775
мост	10769
сложность	10768
религия	10763
аудитория	10756
установление	10746
обязанность	10746
изменяется	10733
брак	10733
бюро	10731
жанр	10722
маршрут	10721
способности	10718
табл	10716
датчик	10700
оценивается	10698
постановка	10692
дочка	10685
сценарий	10678
профессия	10672
паспорт	10661
уборка	10655
спит	10647
сахар	10646
живёт	10639
победители	10635
явления	10617
стена	10616
корни	10613
гора	10607
капли	10604
описывает	10600
департамент	10597
спектакль	10596
родина	10594
наказание	10594
штат	10593
экран	10568
сорт	10549
реагирует	10549
подается	10548
методики	10541
динамо	10537
протекает	10531
платит	10506
новинка	10506
итог	10500
напиток	10499
возникновение	10499
светильники	10493
обходится	10484
исчезает	10477
чемпион	10468
горы	10464
песок	10457
изготавливается	10453
устойчивость	10445
краска	10435
справляется	10433
основание	10431
выплаты	10429
вспоминает	10429
педагоги	10423
едет	10420
споры	10381
диалог	10359
потребление	10357
истина	10357
выпускается	10353
штраф	10346
дружба	10333
впечатления	10331
мышление	10322
сводится	10321
долг	10321
совершенствование	10320
сочетается	10319
сообщество	10318
схемы	10313
надпись	10310
забота	10308
тянет	10306
этапы	10302
запрещается	10287
отличает	10282
выражается	10281
супер	10267
уступает	10259
птица	10257
волнует	10257
сборная	10253
разум	10246
премьера	10240
звуки	10237
персонажи	10230
препятствует	10221
потери	10211
этаж	10205
учит	10189
записи	10178
издательство	10175
разрешается	10174
император	10173
собственник	10168
инициатива	10168
эффекты	10160
страницы	10158
проявление	10157
конкурсы	10148
старт	10141
упражнение	10133
стандарты	10131
выпускники	10127
миллионы	10122
премьер-министр	10120
картинки	10100
подтверждается	10099
отели	10099
просмотр	10098
отчетность	10098
полковник	10092
функционал	10081
регулирование	10074
тарифы	10036
хозяйство	10027
исполнитель	10020
квартиры	10018
стаж	10013
вирус	10013
актеры	10007
переговоры	9999
гостиница	9995
выделение	9984
сравнение	9982
разделение	9976
облегчает	9975
авто	9966
алкоголь	9948
хозяйка	9947
кабинет	9947
испытания	9945
лаборатория	9930
краски	9922
основатель	9917
компонент	9908
охватывает	9897
финансирование	9879
маркетинг	9869
полицейские	9867
знакомые	9862
архив	9857
подвергается	9856
доклад	9853
плюсы	9846
движется	9842
желающие	9826
восприятие	9820
артист	9811
рекомендует	9805
утро	9804
косметика	9802
узи	9765
праздники	9760
оттенки	9758
совпадает	9749
художники	9746
рестораны	9741
набирает	9738
усиление	9736
расчеты	9736
бою	9733
монастырь	9725
сделка	9713
ограничивается	9705
истории	9702
консультант	9692
труба	9688
деревня	9680
значения	9674
пленка	9670
ставки	9658
кольцо	9656
приемы	9651
улыбка	9649
федерация	9645
премия	9643
больной	9641
архитектура	9641
сорта	9639
екатеринбург	9629
усилия	9626
мистер	9621
запрет	9619
сообщения	9617
деталь	9617
влечет	9612
точность	9604
строение	9603
новгород	9600
специализируется	9599
въ	9599
грудь	9596
влажность	9592
цветок	9585
организует	9584
клиника	9580
вступает	9578
миссия	9575
тесто	9570
звонок	9565
гласит	9565
курорт	9562
психологи	9559
собирает	9556
вводится	9548
осознание	9538
сооружения	9535
риа	9523
выделяет	9518
удовольствие	9515
встает	9514
диски	9513
вмешательство	9511
развивает	9510
хостинг	9505
перец	9501
приложения	9500
япония	9493
волны	9493
заработок	9490
бонусы	9461
фабрика	9458
оформляется	9455
турция	9454
дядя	9454
миф	9446
турнир	9438
заявка	9435
оказание	9424
разговоры	9414
сопротивление	9408
составляется	9407
сталь	9405
сборка	9393
активисты	9382
рассчитывается	9379
кошки	9378
менеджмент	9377
противоречит	9348
столы	9347
народы	9343
инвесторы	9335
обследование	9333
организатор	9329
берется	9321
туры	9319
реакции	9313
фотограф	9293
помнит	9291
тестирование	9287
проявляет	9285
включение	9282
прочность	9271
администратор	9264
усиливает	9263
перестает	9262
крыша	9242
порт	9240
образует	9237
баня	9225
доходит	9224
талант	9222
воспринимается	9210
функционирует	9209
заявляет	9202
торрент	9194
достижения	9189
риски	9188
построение	9186
аспект	9170
наблюдение	9154
возвращение	9148
зоны	9146
тесты	9145
портрет	9142
лауреат	9142
хобби	9135
агент	9134
аккумулятор	9124
ведёт	9117
мотивация	9114
показания	9110
версии	9106
нарушает	9092
насчитывает	9091
советник	9082
подходы	9078
справочник	9077
отличие	9077
автобус	9065
интеграция	9061
певица	9049
виза	9047
зубы	9046
создатели	9039
сомнения	9030
старик	9029
уроки	8997
л	8995
экскурсии	8988
героиня	8981
татарстан	8977
рисунки	8976
пляж	8975
слабость	8973
молитва	8972
остановка	8963
тишина	8961
предки	8956
битва	8952
израиль	8948
реквизиты	8941
объём	8938
поражение	8937
стадия	8930
сыр	8925
копии	8914
америка	8914
инструкции	8913
патриарх	8898
кирпич	8894
академик	8888
митрополит	8884
профессионализм	8881
укрепление	8879
реализует	8876
рассказы	8866
акты	8855
штука	8851
диплом	8850
стороны	8845
поселок	8844
возврат	8842
карьера	8830
игрушка	8821
расписание	8819
памятники	8815
инженеры	8813
отряд	8812
мечты	8809
кафедра	8806
товарищи	8805
подъем	8798
единство	8797
классы	8793
регулируется	8783
вице-президент	8782
минск	8780
коробка	8774
рту	8773
контролирует	8762
альтернатива	8761
противопоказания	8759
чувствуется	8756
поддерживается	8750
молодец	8749
магия	8746
выражает	8742
пункты	8726
грибы	8726
управляет	8722
спектр	8721
беспокоит	8711
фнс	8710
оценки	8694
запасы	8693
специфика	8689
фон	8669
аппараты	8666
согласие	8660
признает	8641
учитывается	8636
сектор	8632
супруга	8629
выплата	8625
народу	8622
пфр	8619
примечание	8613
осмотр	8609
документация	8609
очистка	8607
категории	8607
композиция	8606
политики	8603
посуда	8602
аэропорт	8591
крест	8579
выводит	8565
полагает	8564
хранение	8562
рассмотрение	8555
заходит	8555
горит	8554
черт	8552
пары	8546
рождение	8541
приготовление	8536
легенда	8525
продавцы	8523
кругу	8523
матч	8521
охота	8518
сервер	8516
потребители	8501
кампания	8480
крепится	8474
акцент	8442
враги	8440
трава	8434
следит	8431
индикатор	8426
ложь	8423
крепость	8423
пиво	8419
подразделение	8417
телевизор	8415
вносит	8404
дама	8403
ингредиенты	8393
мамы	8389
новосибирск	8388
колеблется	8387
картофель	8386
чистка	8385
тайна	8385
юристы	8370
выдача	8367
поезд	8361
обращает	8356
медики	8351
музыканты	8350
цветки	8347
епископ	8347
стресс	8343
доступность	8341
шаги	8337
визит	8333
объявления	8325
артисты	8324
кровать	8316
эксплуатация	8315
изобретение	8314
туризм	8313
аналог	8311
граница	8296
инспектор	8295
модернизация	8294
голоса	8288
суды	8278
лампы	8259
печи	8254
телевидение	8241
понимается	8238
запрос	8234
устранение	8233
палата	8233
городок	8230
ест	8224
ужас	8221
коррекция	8216
архитектор	8214
мастер-класс	8209
фильтр	8197
предотвращает	8194
очередь	8190
толку	8186
великобритания	8184
танцы	8180
альбом	8166
переживает	8152
волна	8146
ждёт	8145
профессионал	8135
задолженность	8133
кадры	8132
убийство	8131
суммы	8122
проявления	8120
прокурор	8118
потребитель	8118
каналы	8115
рыбы	8114
фундамент	8110
указ	8101
взрыв	8097
платья	8094
эксперимент	8093
больные	8092
аллергия	8083
разновидность	8068
классика	8066
деятель	8054
роды	8052
смех	8051
потолок	8050
разработки	8045
существа	8041
сервисы	8035
нарушается	8035
мотивы	8031
темпы	8017
сложности	8017
доставляет	8010
контакт	8002
башня	7999
объявление	7995
украшение	7988
таблетки	7974
костюм	7973
кондиционер	7970
границы	7967
емкость	7965
леди	7962
плод	7959
языки	7956
основывается	7951
различие	7942
казань	7937
точки	7935
черта	7926
приключения	7923
лекарства	7923
бригада	7912
удобрения	7905
нагрузки	7903
задания	7903
сады	7900
снятие	7899
совершает	7890
сказки	7890
запас	7890
усиливается	7883
снимается	7865
отбор	7863
ангел	7862
календарь	7856
параметр	7847
доза	7846
лицензия	7843
замечает	7839
мотор	7833
сетка	7830
плиты	7829
камеры	7827
прирост	7815
королева	7803
публикация	7802
дедушка	7794
билеты	7789
богатство	7786
существование	7782
операторы	7779
учёные	7778
воды	7777
проживание	7775
подростки	7775
улучшается	7774
сталкивается	7759
чувствительность	7750
уровни	7750
полотно	7746
поставка	7743
факультет	7742
тела	7742
превосходит	7739
добыча	7739
умирает	7731
стартует	7724
пыль	7716
мнения	7714
слезы	7709
рождается	7708
автобусы	7704
историк	7702
завтрак	7702
тепло	7700
шкаф	7688
заводы	7688
днр	7688
беседа	7687
соединения	7684
сторонники	7682
направляется	7679
укрепляет	7678
должность	7674
лекарство	7670
каркас	7664
октябрь	7656
собеседник	7655
удача	7654
насос	7652
граф	7647
шерсть	7644
цитата	7644
трагедия	7642
минусы	7640
допускает	7636
юноша	7628
пляжи	7628
объявляет	7628
дамы	7611
ветераны	7608
сцена	7606
обстоятельство	7601
принтер	7598
последовательность	7598
танец	7594
полоса	7594
стабильность	7587
глаз	7587
субъект	7583
мальчики	7578
нанесение	7576
выступления	7563
гороскоп	7558
супруги	7557
ндфл	7557
службы	7554
страсть	7553
объяснение	7537
поставщик	7528
собственность	7527
борется	7527
зло	7525
зеркало	7515
процессор	7511
словарь	7506
воспринимает	7504
достоинства	7503
маски	7502
автомат	7499
приезжает	7498
корень	7494
больница	7491
робот	7486
фильтры	7484
малыши	7480
кашель	7480
пожар	7479
листы	7475
ужин	7469
эпоха	7464
польша	7463
инфекция	7459
взгляды	7455
призывает	7454
отдает	7453
опрос	7450
перемены	7444
перспектива	7443
икона	7438
характеризует	7435
готовность	7435
сосуды	7434
вселенная	7433
упоминается	7427
бред	7424
толпа	7423
блеск	7419
критерий	7418
запад	7418
ввод	7415
встречает	7414
строит	7410
математика	7400
гамма	7399
макияж	7396
почва	7395
переводится	7384
предупреждение	7380
железо	7380
проезд	7376
грех	7374
китайцы	7373
округ	7366
выезд	7355
преступление	7352
платежи	7352
посту	7349
измерение	7348
дар	7348
интенсивность	7347
учитывает	7346
клей	7345
индия	7336
кровообращение	7335
санкции	7333
поднимает	7323
проникает	7319
переносит	7318
вызов	7318
приводится	7317
узел	7311
обозначает	7311
молодцы	7311
принц	7310
мудрость	7308
судьи	7306
доллар	7305
бар	7304
отличия	7302
лучи	7300
растёт	7298
пдд	7296
линейка	7293
ролик	7289
творог	7288
империя	7283
убивает	7280
быту	7279
поклонники	7278
насчитывается	7278
пахнет	7277
поля	7265
конструктор	7257
кроется	7239
бизнесмен	7239
русь	7238
отражение	7238
галерея	7236
конфликты	7234
символы	7232
пик	7231
отрасль	7230
мастер-классы	7230
кольца	7226
фио	7224
разрыв	7221
холодильник	7220
происхождение	7220
площадки	7215
отчеты	7210
нефть	7205
легкость	7204
звание	7204
пароль	7200
отображается	7199
воспитатель	7199
реформа	7198
христиане	7196
переезд	7191
ассоциируется	7185
добавление	7184
прогулка	7182
порода	7181
укладка	7180
строители	7179
краснодар	7174
краю	7170
дон	7166
настройки	7164
село	7160
поставляется	7160
привычка	7159
контракт	7159
осложнения	7156
разрушение	7154
фигуры	7153
нога	7152
супруг	7151
ощущается	7148
висит	7145
медведь	7142
крепление	7141
продает	7135
семинары	7118
волк	7114
приговор	7111
договоры	7105
жир	7103
добавляется	7097
разрабатывает	7095
редкость	7085
башкортостан	7083
совещание	7082
надеется	7082
критика	7080
внесение	7075
расширяет	7072
противник	7069
леса	7069
посетитель	7067
ягоды	7064
создатель	7061
сп	7056
владыка	7053
шкафы	7051
поломки	7036
очки	7032
детство	7032
костюмы	7031
тематика	7026
исходит	7024
нью-йорк	7023
доказывает	7019
тень	7010
подпись	7008
андроид	6996
возглавляет	6992
чистота	6986
красавица	6980
билет	6978
зуд	6977
невеста	6972
политик	6971
свечи	6969
месяц	6962
славится	6947
ложка	6947
собственники	6946
май	6941
частицы	6934
чиновник	6929
офицер	6923
успехи	6922
карточка	6922
доказательства	6922
бланк	6919
губы	6917
вакансии	6916
вестник	6912
ил	6910
выдерживает	6902
знакомый	6899
предупреждает	6894
строка	6891
оплачивается	6887
солдат	6880
мастерская	6878
заявления	6878
детки	6876
пальцы	6868
зрение	6868
желающий	6866
варьируется	6864
приближается	6862
плита	6860
печь	6860
люкс	6855
единицы	6847
испания	6845
боги	6845
экология	6843
лестница	6843
грязь	6843
взаимоотношения	6840
полы	6839
гордость	6838
гель	6835
буквы	6835
подразделения	6823
обед	6823
сочетает	6822
медиа	6821
тренировка	6819
совершается	6815
кубок	6813
яблоки	6804
новинки	6803
капуста	6797
труды	6793
бренды	6791
предел	6790
сентябрь	6788
белки	6785
ручки	6781
символизирует	6780
перевозка	6780
соответствие	6777
выбирается	6776
внешность	6776
добро	6775
бухгалтер	6775
связывает	6774
премиум	6763
воздействует	6761
датчики	6760
тариф	6758
предусматривается	6758
покупает	6757
сотрудничает	6756
возвращает	6752
поддержание	6742
благодарность	6739
бой	6738
пресса	6734
выделения	6734
приз	6733
налоги	6733
задержка	6730
коллективы	6728
ложится	6726
ручка	6724
древесина	6720
недостаточность	6719
анализы	6719
ноутбук	6711
компьютеры	6710
сооружение	6709
счету	6706
оригинал	6705
дисплей	6705
делегация	6700
корабли	6699
достоинство	6698
ансамбль	6697
загрузка	6694
пишется	6693
крестьяне	6689
экспозиция	6687
слышит	6684
военные	6684
белок	6682
повреждение	6680
самолеты	6675
создаёт	6674
выводится	6674
полагается	6672
издания	6664
усталость	6656
склад	6650
поворот	6645
графика	6637
проспект	6635
габариты	6631
базируется	6631
топливо	6627
горе	6621
оценивает	6620
патология	6619
войны	6619
украинцы	6617
весит	6617
комплектация	6616
восток	6616
раскрывает	6614
коллега	6611
рассказывается	6600
пропаганда	6600
экстракт	6594
фантазия	6590
март	6590
утверждается	6587
самара	6582
инвестор	6576
расследование	6574
зелень	6574
изменяет	6573
полет	6568
направляет	6564
скрывается	6557
парковка	6557
вводит	6553
мисс	6550
хирург	6549
экспорт	6548
испытание	6546
заявитель	6543
белье	6543
секреты	6538
кости	6533
доверие	6533
пассажиры	6528
финал	6526
оттенок	6525
угол	6521
регионы	6521
серебро	6519
видение	6512
царство	6509
публикации	6506
посол	6504
адреса	6504
петербург	6501
моделирование	6501
демонтаж	6501
бонус	6499
печень	6495
суп	6490
изучает	6489
аудио	6487
деятели	6477
нюансы	6476
возрождение	6473
отопление	6472
очищает	6471
сокращается	6467
порождает	6467
автоматизация	6466
пятница	6461
фиксируется	6455
лагерь	6452
пенсия	6451
содействие	6447
модули	6444
хаос	6440
репутация	6439
обоснование	6439
регулирует	6434
груз	6434
ректор	6431
премьер	6422
разработчик	6421
шторы	6418
государства	6417
освоение	6413
газеты	6411
разновидности	6410
директ	6409
депрессия	6407
ядро	6403
бетон	6403
поддается	6399
свидетельства	6398
дополнение	6397
благо	6396
нож	6392
укладывается	6385
чеснок	6384
апрель	6377
посадка	6376
жюри	6372
такси	6371
снимки	6370
провоцирует	6370
рыбалка	6361
домик	6360
снится	6359
электричество	6355
декабрь	6355
фаза	6352
районы	6352
гармония	6352
дым	6344
лошадь	6343
восстанавливает	6343
историки	6342
выставки	6337
энергетика	6336
тренировки	6335
апостол	6335
приём	6331
устраняет	6324
завершается	6321
размещается	6320
прекращается	6317
двигатели	6310
мужики	6304
исполняется	6302
гостиная	6301
депозит	6300
химия	6295
написание	6295
иммунитет	6294
прогулки	6289
напитки	6286
спор	6284
весы	6283
останавливается	6280
сдача	6277
заботится	6276
спина	6274
комбинация	6273
философ	6271
кальций	6266
квалификация	6263
интересуется	6260
духи	6260
улицы	6258
травы	6258
личности	6258
полив	6256
нехватка	6255
станции	6250
юмор	6247
курение	6245
ад	6245
отцы	6242
сумка	6240
заведение	6239
увольнение	6237
защитник	6234
уничтожение	6233
специализация	6228
цивилизация	6221
колесо	6220
тренинги	6219
след	6219
финансы	6217
офицеры	6217
кусок	6215
обладатель	6214
сестры	6213
списки	6212
эволюция	6205
книжка	6203
бактерии	6198
эконом	6196
желания	6196
хранит	6195
писатели	6192
вклад	6186
расстройства	6184
клубы	6183
удивляет	6182
проверяет	6179
экспресс	6177
композитор	6172
течет	6171
руководит	6171
публика	6169
уведомление	6167
шары	6160
география	6160
оборот	6159
заказчики	6157
флаг	6155
обсуждается	6155
феномен	6149
лекция	6148
шины	6145
прическа	6141
опция	6141
доказательство	6138
спортсмен	6136
шоссе	6135
февраль	6130
яблоко	6127
ярмарка	6125
полки	6123
экипаж	6121
треть	6117
ограничивает	6116
холод	6115
добавки	6111
нос	6110
кровотечения	6109
ускоряет	6102
иран	6102
воспитанники	6093
родитель	6091
тактика	6090
ритм	6089
трасса	6088
комнаты	6087
сосед	6083
физика	6081
узлы	6081
швы	6080
прогнозы	6079
исследователь	6079
лейтенант	6075
времена	6070
шансы	6066
раздражает	6064
разрабатывается	6063
эпизод	6061
рим	6060
развлечения	6056
теряется	6050
перемещение	6043
конституция	6043
морковь	6042
луч	6041
партии	6039
смеси	6038
рубль	6038
зритель	6035
расширяется	6032
аудит	6032
любитель	6031
задает	6029
воплощение	6026
переводчик	6024
информирует	6019
учебник	6014
опухоль	6012
выручка	6010
ноль	6006
компенсация	6003
фонды	6000
наносит	6000
кислоты	5998
кофе	5994
покрытия	5992
пакеты	5983
японцы	5981
шоколад	5981
ухудшение	5980
насосы	5979
жертва	5979
музыкант	5973
ипотека	5973
очищение	5971
конкуренты	5965
потребности	5962
застройщик	5962
скрывает	5957
награда	5954
подразумевается	5950
буква	5949
вытекает	5946
горожане	5945
летит	5943
кричит	5943
идеология	5943
спутник	5940
сдается	5940
бежит	5937
лампа	5933
потоки	5931
январь	5927
проценты	5924
жалоба	5922
быт	5918
пропадает	5915
фантастика	5914
регулировка	5914
слушатели	5913
судно	5906
колеса	5906
указание	5900
тотчас	5898
выработка	5898
исполняет	5897
запросы	5897
драма	5892
тон	5890
колебания	5888
отключение	5886
батюшка	5885
аллах	5883
том	5878
вычет	5877
единица	5872
линзы	5867
красноярск	5865
известия	5865
пенсионеры	5863
ао	5863
июнь	5858
упрощает	5856
улыбается	5854
перенос	5854
синтез	5849
земли	5848
согласование	5847
ключи	5845
коммуникации	5842
узбекистан	5841
мастерство	5840
комедия	5840
ненависть	5839
показ	5837
суббота	5829
повреждения	5827
бойцы	5827
морщины	5825
подросток	5822
приоритет	5820
рвота	5818
окраска	5815
претензии	5814
вред	5812
уделяет	5811
квест	5810
голод	5807
закрывается	5806
ветеран	5802
съезд	5794
валюта	5794
каша	5792
танки	5788
аргумент	5788
зверь	5785
жалобы	5784
ванна	5782
спасает	5781
подборка	5780
навык	5774
телеканал	5773
демократия	5773
демонстрация	5767
предположение	5758
повторяется	5758
совесть	5755
институты	5755
деление	5751
лодка	5748
описывается	5746
следователь	5745
егэ	5744
шутка	5742
угрожает	5741
темп	5739
орехи	5736
помидоры	5735
пугает	5734
журналы	5730
оболочка	5723
интеллект	5723
замки	5723
почки	5721
ликвидация	5720
котлы	5701
бизнесмены	5697
англия	5697
майор	5695
певец	5687
симптом	5674
дитя	5674
новичок	5672
наследие	5670
скандал	5669
сигналы	5665
сюрприз	5662
солнышко	5661
брюки	5661
воины	5653
назначает	5650
дискуссия	5648
французы	5646
окончание	5645
обман	5643
масла	5643
комплектующие	5643
заполнение	5643
уникальность	5640
бронирование	5637
субсидии	5634
штукатурка	5632
активы	5628
страховка	5626
надежды	5626
танк	5625
пророк	5625
наблюдения	5625
ведомости	5625
авария	5624
адаптация	5623
сэр	5621
закрытие	5621
эксперименты	5617
отводится	5616
советует	5615
легенды	5614
футболки	5612
самочувствие	5608
торт	5607
выпадает	5602
гибель	5598
выясняется	5598
близость	5597
доски	5593
спасение	5589
представительство	5583
цепи	5579
оппозиция	5579
крылья	5578
думается	5578
дурак	5574
инфекции	5571
храмы	5570
упк	5567
трещины	5566
консультанты	5565
воин	5561
тошнота	5559
невозможность	5558
маг	5557
декларация	5557
фасад	5555
декор	5555
комментирует	5550
иа	5549
сырье	5547
инструктор	5543
полк	5535
ожидание	5534
голосование	5532
конгресс	5531
элита	5527
тв	5526
сауна	5524
принцесса	5520
актуальность	5520
пар	5514
жильцы	5513
мп	5510
лед	5506
коммунисты	5506
генератор	5506
батарея	5504
артерии	5503
успевает	5496
поиски	5496
крышка	5496
ноябрь	5494
рассчитывает	5491
корея	5490
исход	5490
дракон	5488
бег	5487
подсветка	5482
обстоит	5480
отправка	5479
запчасти	5477
функциональность	5476
станки	5475
букет	5475
породы	5474
дожди	5474
двор	5473
кредиты	5472
ангелы	5471
кондиционеры	5470
запрещает	5468
специальность	5464
ведомство	5459
биржа	5449
звонки	5447
помещается	5446
освобождение	5446
многообразие	5446
полномочия	5445
трафик	5444
выписка	5439
заполняется	5437
травма	5430
слои	5428
льготы	5428
дума	5428
спа	5423
раздражение	5423
повторяет	5417
фрагмент	5413
раскрывается	5413
уважение	5410
ориентация	5410
рынки	5408
прохождение	5408
даты	5407
заказы	5405
заслуга	5404
заведующая	5403
плачет	5402
роза	5398
потомки	5395
родные	5394
рай	5394
дисциплина	5393
юбилей	5391
постройки	5391
воскресенье	5389
находка	5388
переносится	5386
гимнастика	5381
иск	5377
дефекты	5377
долина	5373
пилот	5372
отверстие	5372
награждение	5371
выпускник	5370
опирается	5368
предназначение	5364
колледж	5363
тяга	5359
работодатели	5359
поэзия	5359
аналитик	5356
ощущает	5355
гарантии	5354
обнаруживается	5352
настоятель	5350
жара	5346
ис	5345
ролики	5344
жених	5343
хвост	5342
мусор	5342
машинка	5342
община	5338
спокойствие	5337
подает	5335
кровотечение	5334
алтай	5331
значимость	5328
атака	5326
христианство	5324
заведения	5323
комбинат	5322
кандидаты	5317
ценит	5316
эко	5312
мелочи	5312
опускается	5311
заголовок	5309
авторитет	5309
отходы	5306
стрижка	5305
заемщик	5305
отпуск	5303
дача	5303
планировка	5301
фрагменты	5298
кровля	5297
бьет	5296
автоматы	5290
жалюзи	5282
штаты	5277
поставки	5277
царит	5275
обновляется	5267
удаляется	5265
поет	5262
музеи	5262
опора	5261
понедельник	5254
шар	5251
пламя	5250
области	5248
семейство	5240
субъекты	5239
пожелания	5239
поясняет	5238
исполнители	5236
увлечение	5229
аргументы	5227
баба	5224
чудеса	5216
светит	5204
награды	5204
инфляция	5200
поставщики	5197
посещает	5197
обилие	5197
заряд	5197
студентка	5195
техники	5194
поправки	5193
спальня	5192
приход	5191
яйцо	5189
секция	5187
госпожа	5187
прекращение	5186
поход	5184
обязательства	5183
диван	5180
вентиляция	5178
санузел	5176
достопримечательности	5176
август	5176
читается	5173
греки	5172
холдинг	5171
индустрия	5170
сны	5169
взносы	5169
отклонения	5168
композиции	5159
повесть	5158
площади	5152
урал	5149
фитнес	5146
париж	5146
оснащение	5143
реферат	5140
режимы	5125
раб	5123
браузер	5120
терпение	5119
разделы	5118
смеется	5116
пособия	5116
поселение	5113
коллекции	5113
мука	5110
йога	5109
мазь	5108
ванны	5107
альфа	5105
честь	5104
несёт	5099
влага	5095
возведение	5094
тренд	5088
проверяется	5087
носитель	5085
звонит	5085
пребывание	5084
бои	5082
трансфер	5075
сессия	5068
воронеж	5068
сокращает	5065
вывоз	5062
биография	5060
позиции	5056
ген	5052
соглашения	5051
матрица	5045
подвеска	5042
урожай	5040
заключает	5040
зрелище	5034
рама	5033
охотник	5032
впо	5032
июль	5031
мыло	5030
продюсер	5029
девчонки	5029
пьет	5028
проверки	5025
консультирование	5025
сделки	5021
кредитование	5017
штрафы	5016
тянется	5015
хор	5014
вписывается	5008
розы	5006
экспедиция	5004
выгода	4996
агрегат	4995
жительница	4992
приток	4990
издержки	4989
зарабатывает	4988
стимул	4984
затрагивает	4984
отмена	4980
мыши	4977
дуб	4977
лекции	4970
удерживает	4969
разрушает	4968
наборы	4968
содержимое	4967
лечит	4966
подушка	4960
сборы	4958
пятно	4958
насилие	4957
восстанавливается	4954
клетка	4953
англичане	4953
огурцы	4948
живопись	4946
кресло	4941
истец	4940
живот	4939
марафон	4935
пес	4934
владение	4929
наполнение	4928
агенты	4928
подбирается	4927
поверхности	4925
импорт	4925
забор	4923
воображение	4920
ржд	4919
крик	4919
залы	4915
рабочий	4914
резюме	4913
инцидент	4913
регламент	4912
паста	4908
порту	4907
ритуал	4906
облик	4904
носу	4904
ламинат	4903
роботы	4901
насекомые	4900
экономист	4899
изд	4899
радиаторы	4898
аннотация	4895
пресс-секретарь	4892
эхо	4891
бензин	4886
координатор	4884
окружает	4883
терпит	4882
бросается	4881
оперативность	4879
нить	4878
сб	4877
творится	4870
разбирается	4868
призыв	4865
настой	4865
седан	4863
души	4861
соглашается	4853
ленты	4853
вложения	4853
справедливость	4850
концерты	4850
удаётся	4843
закрывает	4841
кнопки	4838
годы	4837
флот	4836
избыток	4834
девиз	4832
гипотеза	4832
футбол	4831
травмы	4831
канада	4830
вов	4829
провода	4828
покой	4827
калорийность	4825
челябинск	4823
прослеживается	4823
гнев	4819
уши	4816
уфа	4814
копирование	4813
развод	4812
удовлетворяет	4811
превращает	4807
шкафу	4803
бросает	4802
острова	4800
лак	4798
зуб	4798
ст	4796
противники	4796
тасс	4794
ездит	4794
боку	4794
противостояние	4792
заменяет	4792
территории	4791
впечатляет	4791
софия	4790
жертвы	4789
марки	4788
душ	4786
гонка	4786
фразы	4785
государь	4785
концерн	4783
боевики	4783
отклонение	4779
дневник	4777
полосы	4775
оправдывает	4771
реки	4770
подключается	4770
льду	4769
линолеум	4767
вектор	4767
становление	4766
фасады	4764
дышит	4764
съемка	4763
переживания	4762
остаток	4762
употребляется	4759
переводы	4759
пузырь	4752
слух	4749
фронт	4747
океан	4747
фгос	4746
захватывает	4743
смущает	4741
меч	4740
вирусы	4736
обозначение	4734
ущерб	4732
пребывает	4730
альянс	4726
завершение	4725
побеги	4724
предпочтение	4721
придерживается	4720
оркестр	4717
дно	4716
прилагается	4715
покидает	4715
приспособления	4710
выпадение	4710
себестоимость	4708
тц	4707
туман	4705
садится	4705
мифы	4703
минфин	4697
джинсы	4696
критики	4685
подушки	4684
обнаруживает	4684
рок	4682
арт	4682
волонтеры	4680
головка	4679
теории	4678
счета	4675
уют	4666
адвокаты	4665
дтп	4664
преобладает	4663
отверстия	4663
факс	4661
годится	4660
совместимость	4658
лишение	4657
парламент	4656
лошади	4655
видится	4652
сухость	4651
распоряжение	4650
катастрофа	4650
утепление	4649
одесса	4649
беседы	4648
поездки	4647
вулкан	4646
запускает	4641
строки	4639
перчатки	4638
долги	4635
ухудшается	4633
стенки	4630
указания	4628
цитирует	4625
котел	4625
турист	4624
отправляет	4623
протяженность	4620
пропускает	4617
туфли	4616
бытие	4613
удаляет	4609
срабатывает	4609
наклейки	4609
греция	4609
трудится	4608
преследует	4608
сибирь	4603
софт	4602
надписи	4602
тратит	4601
мотив	4597
конь	4594
заведующий	4593
аксессуар	4593
апартаменты	4591
мошенники	4588
выплачивается	4588
агентства	4588
накопление	4587
термины	4586
пирог	4586
отек	4585
гений	4583
ногти	4581
казино	4581
пуск	4577
милиция	4577
карелия	4576
иваново	4576
доктора	4576
разделяет	4571
стимулирование	4569
круги	4569
роскошь	4566
медь	4566
применяет	4565
оплачивает	4564
форд	4563
станок	4563
спикер	4561
трамп	4558
облака	4556
обитает	4553
старец	4550
архитекторы	4550
главы	4548
устав	4547
роли	4546
фокус	4545
массив	4538
лига	4537
олимпиада	4528
пробег	4525
науки	4521
рус	4519
лестницы	4519
осознает	4513
нахождение	4512
рубрика	4511
мышь	4508
прически	4506
архиепископ	4504
омск	4501
кресла	4501
шарики	4500
обвинение	4498
директора	4497
упоминание	4490
убийца	4486
состояния	4486
экземпляр	4483
ком	4483
реформы	4481
берёт	4480
велосипед	4478
подвижность	4475
открытия	4475
ссср	4473
паркет	4473
первенство	4472
жажда	4471
разъем	4469
камаз	4469
страхи	4468
неприятности	4465
лоджии	4463
сочи	4461
бухгалтерия	4457
якутия	4456
лнр	4452
кран	4452
порты	4451
обязуется	4451
кукла	4449
щит	4448
покров	4448
стеллажи	4446
притягивает	4446
приступы	4446
запускается	4446
уголок	4442
излучение	4441
фурнитура	4439
швейцария	4437
бабушки	4436
наращивание	4429
рекорд	4426
энциклопедия	4423
выигрывает	4422
образования	4420
молекулы	4419
захват	4417
склонность	4416
рисует	4412
подвиг	4411
составы	4406
владивосток	4406
антибиотики	4405
гормоны	4404
спасатели	4403
стойкость	4400
следователи	4394
квартал	4394
пермь	4393
звери	4393
общественность	4390
иркутск	4388
вступление	4388
коды	4387
разрешает	4384
браслет	4384
карточки	4383
артикул	4383
питает	4380
доверенность	4380
алгоритмы	4380
ножки	4377
питается	4373
лечится	4373
анкета	4373
отвар	4367
гибкость	4367
модерн	4366
курица	4365
берег	4364
привод	4363
модификация	4355
обязывает	4354
маяк	4352
пенсионер	4351
нервы	4351
иностранцы	4350
мк	4349
луковицы	4349
зеркала	4347
побеждает	4345
петли	4345
наступление	4345
цепь	4339
обряд	4338
коррупция	4334
планшет	4333
рассылка	4331
отток	4331
близкие	4330
минералы	4328
инспекция	4326
выравнивание	4324
выращивание	4322
угрозы	4320
окружающие	4319
ок	4319
вырабатывается	4319
стулья	4316
кпд	4316
финляндия	4315
пора	4309
уголь	4307
адмирал	4307
маршруты	4305
поставляет	4303
усадьба	4302
индивидуалки	4301
парки	4300
интерфакс	4298
протоколы	4297
терминал	4293
офисы	4291
доходность	4290
приветствуется	4289
стихотворение	4288
измеряется	4287
подсказывает	4286
середина	4284
тревога	4281
стойка	4276
охотники	4271
отображение	4271
армения	4270
реабилитация	4266
контроллер	4265
нация	4264
верующие	4264
вашингтон	4264
пейзажи	4263
аналоги	4263
инъекции	4262
опера	4261
гендиректор	4261
миссис	4260
противоречия	4258
удары	4255
домики	4255
саха	4251
избавляет	4251
управляющий	4249
приглашение	4247
тона	4243
свидетели	4243
таблицы	4242
рацион	4241
мяч	4241
базы	4241
покрывает	4240
обретает	4239
священники	4237
подписание	4236
благодать	4235
библия	4235
новички	4234
программирование	4233
слушает	4232
арматура	4232
акпп	4232
поэты	4230
минута	4230
расстройство	4228
мусульмане	4228
отеки	4225
командование	4222
град	4222
отряды	4221
клик	4220
знакомая	4219
тренеры	4218
стрелка	4212
покрывается	4210
исключается	4210
сцены	4209
спешит	4208
вице-премьер	4207
удостоверение	4206
волга	4206
урожайность	4204
резина	4204
стенд	4202
ценится	4200
сегмент	4197
орден	4197
описания	4196
независимость	4196
вырастает	4196
координация	4195
племена	4194
балл	4194
п	4192
одноклассники	4192
крещение	4192
путешествия	4189
штаб	4186
квадрат	4182
курьер	4180
постройка	4177
четверг	4174
брокер	4174
сюжеты	4172
радуга	4171
еврей	4168
мелочь	4166
канализация	4166
сигнализация	4163
закрепление	4155
дева	4155
атрибут	4153
размножение	4152
ракета	4151
портит	4151
раскрутка	4150
дополняет	4150
полис	4148
избавление	4141
гимназия	4141
лимит	4139
замечания	4139
строй	4136
мороз	4136
насморк	4135
режиссёр	4134
парадокс	4134
кремль	4134
месячные	4131
несоблюдение	4129
загадка	4126
снегу	4124
рискует	4124
направленность	4124
баннеры	4123
разворачивается	4119
иконы	4119
авиакомпания	4119
цех	4115
грузия	4115
ваз	4115
попадание	4114
записки	4114
лыжи	4112
толкование	4109
донбасс	4108
юбка	4106
стекла	4106
фанаты	4103
ес	4102
сувениры	4100
спартак	4100
ас	4099
сыновья	4096
стул	4095
ведётся	4095
экземпляры	4094
шампунь	4090
начальство	4086
блондинка	4083
цветет	4076
нападение	4076
общается	4074
настрой	4073
претендует	4069
австрия	4069
ведущая	4068
партнерство	4067
интервал	4066
диабет	4065
близнецы	4065
учительница	4064
наряд	4064
празднование	4062
настаивает	4061
электроника	4060
учеба	4060
счет	4060
лишает	4058
наставник	4057
туалет	4056
радиус	4056
дозировка	4052
стакан	4050
функционирование	4049
мрт	4048
коэффициенты	4047
ножи	4045
мультфильм	4044
культ	4042
диеты	4042
разочарование	4037
прелесть	4037
коллегия	4037
благоустройство	4037
нормализует	4036
египет	4036
стадион	4035
бутылка	4031
орел	4030
регулятор	4029
съемки	4027
ответчик	4027
реестр	4025
инвалиды	4025
обслуживает	4024
монеты	4022
идеал	4022
глина	4020
практичность	4019
швеция	4017
взаимосвязь	4015
кт	4014
контролируется	4014
страсти	4012
творит	4011
успокаивает	4009
исо	4009
иллюзия	4009
сходство	4008
меркель	4007
змея	4007
москвичи	4006
курорты	4006
металлы	4005
медаль	4005
контур	4002
космос	4001
колонна	4001
прошлое	4000
вершина	3999
информирование	3997
обитатели	3990
водка	3990
изоляция	3989
шагу	3987
переписка	3987
звено	3987
вал	3986
бали	3983
масштаб	3981
блоги	3981
навигатор	3979
послание	3977
новостройки	3977
монах	3976
катание	3976
саратов	3975
резервы	3973
щенок	3972
смертность	3972
обычай	3970
вести	3969
пассажир	3968
палитра	3968
ступень	3963
слива	3963
переработка	3963
европейцы	3962
грипп	3960
скайп	3959
приспособление	3958
политолог	3958
портреты	3955
нити	3955
высказывания	3952
задумывается	3950
усилитель	3946
ожидания	3946
муки	3946
монитор	3946
парочка	3945
дрожжи	3945
внуки	3945
гостиницы	3942
посещаемость	3939
фиксирует	3938
бумаги	3937
поступление	3936
мораль	3934
лев	3933
поздравляет	3932
большевики	3930
фишка	3928
помощники	3928
пчелы	3927
превращение	3927
жалуется	3926
тетя	3925
углеводы	3923
предпосылки	3921
отдается	3921
кусочек	3921
ак	3919
тьма	3918
ускорение	3916
пейзаж	3913
инн	3911
отображает	3910
жжение	3907
мат	3906
распределяется	3905
порошок	3899
старение	3898
нагревается	3898
привычки	3896
перемещается	3895
свидетель	3894
астана	3894
преступники	3893
диет	3892
вручение	3889
профи	3888
видеоролик	3888
антивирус	3888
калий	3887
опасения	3885
зенит	3885
счетчик	3883
верх	3883
проводник	3880
поступки	3880
крики	3880
прокладка	3879
ислам	3879
окрашивание	3878
комплекты	3878
шутки	3876
дополнения	3876
принадлежность	3875
стратегии	3874
посылает	3874
спад	3873
чехлы	3871
останавливает	3871
магнит	3871
наркотики	3869
высказывание	3869
отрицает	3865
публикует	3863
транспортировка	3860
фиксация	3859
суда	3858
вор	3858
ордена	3853
внук	3853
боец	3853
аппетит	3853
гид	3851
матушка	3849
сочетания	3846
яд	3845
интуиция	3845
манипуляции	3844
комиссии	3841
авокадо	3841
алюминий	3840
перелом	3839
православие	3838
тормозит	3837
познание	3835
пополнение	3834
столовая	3833
снимок	3831
шея	3830
молния	3830
гп	3830
агрессия	3830
тренды	3828
компрессор	3827
гараж	3827
стрельба	3826
поликлиника	3826
углы	3822
коронки	3822
митинг	3820
шедевр	3819
матрасы	3819
преобразование	3816
местность	3816
забирает	3816
пресс	3815
икт	3814
ракеты	3813
наблюдает	3812
везет	3811
перегородки	3809
соединяет	3808
имидж	3808
татары	3806
формулировка	3804
кремы	3804
взимается	3803
тираж	3802
совпадение	3801
погибает	3801
личинки	3801
фигурки	3800
пс	3800
мск	3800
монахи	3798
школьник	3797
серии	3797
сопровождает	3796
байкал	3796
сертификация	3795
теги	3791
оаэ	3788
надзор	3786
конфигурация	3786
волки	3786
покраска	3784
защитники	3783
конструкторы	3781
анализирует	3781
цепочка	3779
полицейский	3778
пена	3777
цинк	3776
коттедж	3775
создаётся	3774
пение	3774
задается	3773
стрелки	3772
прививки	3771
железа	3770
болеет	3769
тд	3768
раскрытие	3767
огни	3767
набережная	3767
саженцы	3766
русский	3766
путешественники	3766
водится	3764
медитация	3762
поздравления	3761
очереди	3760
корректировка	3760
каникулы	3759
навигация	3758
забывает	3758
просвещение	3755
учебники	3754
служение	3753
затрудняет	3753
закрепляется	3753
обвинения	3750
метро	3750
маркировка	3750
реставрация	3747
виноград	3744
тайны	3743
кусочки	3743
накапливается	3741
харьков	3740
секции	3739
освобождает	3738
провод	3736
подчиняется	3736
инвалид	3734
училище	3733
пульс	3732
ослабление	3732
стенка	3730
наследник	3730
гормон	3728
остекление	3727
просыпается	3724
выявляется	3723
австралия	3723
позитив	3722
поезда	3722
сканирование	3721
поступок	3720
оп	3719
повествует	3718
группировка	3716
клавиатура	3714
износ	3712
блокирует	3711
куклы	3710
террористы	3705
стойки	3705
родственник	3705
детектив	3704
мощности	3703
вдохновение	3703
развлечение	3702
интерпретация	3702
болгария	3702
склады	3701
усваивается	3700
коктейль	3698
обращения	3694
дьявол	3694
заговоры	3693
разногласия	3690
папка	3686
рентабельность	3684
скульптура	3683
рекомендация	3683
мех	3683
налет	3681
исключения	3681
демон	3681
зарядка	3680
преодоление	3679
инновации	3677
аппаратура	3677
ряды	3675
ожирение	3675
облако	3673
механика	3672
пирамида	3670
тигр	3669
сынок	3669
колонны	3669
старики	3668
молчит	3667
шеф	3666
столкновение	3665
предпочтения	3664
мальчишки	3662
смартфоны	3659
рождество	3659
материя	3659
зерно	3658
болельщики	3658
иллюстрации	3657
проч	3656
плавание	3656
молдова	3656
чаша	3655
святой	3655
нюанс	3650
пилинг	3649
подрядчик	3647
сводит	3643
турки	3642
шорты	3641
роспись	3641
экзамен	3638
торжество	3638
корпуса	3637
дорожка	3637
треугольник	3634
возбуждение	3634
сочинение	3633
вторник	3630
мобильность	3629
последнее	3628
сплав	3627
методология	3625
мадам	3622
су	3621
произносит	3621
сапоги	3618
окружение	3618
надлежит	3617
арест	3617
приходиться	3616
пицца	3614
дивизия	3614
самка	3611
кислород	3611
кинотеатр	3610
преступник	3609
текстиль	3607
вспышка	3605
батареи	3604
групп	3601
прозрачность	3600
азия	3600
превышение	3598
потребляет	3598
диссертация	3596
обрабатывается	3594
ассоциации	3593
американец	3593
юность	3592
фонтан	3590
баннер	3590
разрушается	3589
блин	3588
стили	3581
кухни	3580
анимация	3578
подруги	3575
творец	3571
куртка	3571
повар	3570
микроэлементы	3570
должник	3570
выстрел	3570
важность	3568
отходит	3567
ник	3567
законодатель	3567
мойка	3566
заявки	3566
предстает	3564
правление	3564
томск	3563
выносит	3561
сержант	3560
взнос	3560
чип	3559
нормативы	3559
настроения	3559
увлажняет	3558
рбк	3556
святитель	3551
находки	3551
кроссовер	3549
евангелие	3548
микроорганизмы	3546
соус	3545
кабина	3545
рыцарь	3542
масштабы	3540
учения	3536
патриот	3536
знакомится	3534
призы	3532
помнится	3531
прайс	3530
подполковник	3529
грибок	3529
прорыв	3527
подозрение	3523
носители	3523
координаты	3523
уничтожает	3521
калькулятор	3521
сердца	3520
повторение	3519
коробки	3518
ерунда	3518
север	3517
сосна	3516
бассейны	3516
актив	3516
измерения	3513
лот	3512
справки	3509
матрас	3509
бары	3508
сомневается	3506
стоянка	3505
импульсы	3505
ферменты	3504
гг	3504
рельеф	3500
перепады	3500
кн	3499
показывается	3497
подставки	3497
высыпания	3497
богиня	3497
дальность	3496
глазу	3496
заполняет	3495
обзоры	3489
ящики	3488
камин	3486
тяжесть	3485
творение	3485
пистолет	3485
хрен	3484
улан-удэ	3484
трансформация	3484
экономисты	3482
впитывает	3482
ящик	3477
разведка	3477
севастополь	3475
работоспособность	3474
ук	3471
спуск	3471
разбор	3469
объединения	3469
слияние	3468
переходы	3467
панорама	3466
лбу	3466
релиз	3465
глонасс	3465
весть	3465
купание	3464
манера	3463
рабы	3461
таро	3458
контора	3458
обнаружение	3457
вложение	3457
сварка	3453
программист	3453
украшает	3452
черепица	3450
славяне	3450
санкт	3450
отдыхает	3449
ветви	3449
наложение	3448
двигается	3448
сумки	3447
воспитатели	3447
военнослужащие	3447
балкон	3447
запахи	3446
вентилятор	3446
футболисты	3444
терапевт	3444
доклады	3444
месторасположение	3443
являет	3441
зарплаты	3440
утилита	3436
кл	3435
таджикистан	3434
серьги	3434
водоснабжение	3434
порция	3433
кабели	3433
узоры	3427
открытость	3424
поза	3423
правитель	3421
пластика	3420
перестройка	3420
кошмар	3420
вечеринка	3419
критик	3416
записка	3416
кора	3415
растворы	3414
пещера	3414
заморозки	3414
гарант	3413
яркость	3412
посольство	3411
останки	3411
инстинкт	3409
принадлежности	3408
коттеджи	3408
вождь	3407
вызывается	3406
заражение	3405
бурятия	3404
рефераты	3403
скалы	3401
прекращает	3395
обожает	3395
этика	3394
инспекторы	3392
приятель	3390
агрегаты	3390
периоды	3389
бомба	3387
плену	3386
мосты	3384
майонез	3384
гепатит	3384
похудение	3380
отчество	3380
артистка	3380
вузы	3379
удовлетворение	3378
фантазии	3376
начинка	3375
бак	3375
приступ	3374
рыбка	3369
редактирование	3369
пульт	3369
соцветия	3368
молодость	3367
импульс	3366
плакаты	3365
заповедник	3364
макет	3363
блокировка	3363
поляна	3360
поисковик	3360
марс	3360
злоупотребление	3358
башни	3356
самооценка	3355
знакомства	3354
зависть	3353
пробки	3352
монтируется	3352
застройщики	3352
перерыв	3350
эссе	3347
арсенал	3347
лозунг	3345
диктует	3345
призрак	3344
замечание	3343
индикаторы	3342
несоответствие	3341
волгоград	3340
микрорайон	3339
желудок	3339
рейс	3335
газель	3335
поляки	3334
актёр	3334
стеклопакеты	3333
закупка	3333
водоем	3333
убеждение	3332
призер	3332
чтения	3330
ч	3330
отделы	3329
гордится	3329
возмещение	3329
добавка	3327
меркурий	3323
строитель	3322
осадки	3322
ос	3322
азербайджан	3322
сыпь	3320
поделки	3320
звучание	3320
отложения	3319
инсульт	3319
обострение	3318
капля	3318
вредит	3317
проникновение	3316
восстание	3316
авангард	3315
войско	3314
мировоззрение	3313
герб	3312
вокзал	3311
загрязнение	3310
столик	3309
знамя	3309
свеча	3307
муп	3307
походы	3305
пополняется	3305
завершает	3305
продаётся	3304
шрифт	3303
спрей	3301
гр	3298
матери	3296
пробка	3294
монастыри	3294
мальчишка	3294
котировки	3294
графики	3293
шок	3292
керамика	3292
подчеркивается	3291
атрибуты	3288
участь	3287
роду	3287
ловля	3287
герметичность	3287
гадание	3285
начальники	3283
изложение	3283
пауза	3282
внимательность	3282
хирургия	3281
пресс-конференция	3281
охлаждение	3281
наследники	3281
бат	3281
фонари	3280
приватизация	3280
медсестра	3280
заметки	3280
корзина	3279
концепт	3279
подводит	3277
путешественник	3274
бытует	3273
кладбище	3271
особи	3270
тоска	3269
топ	3269
слуга	3268
союзники	3265
пустота	3264
озера	3264
рассуждения	3262
благополучие	3262
впадает	3261
сбой	3259
мелодия	3259
массы	3258
аптека	3258
ссылается	3256
корова	3256
имитация	3255
царапины	3254
христианин	3254
трубка	3254
равновесие	3253
концы	3253
чехия	3252
вечера	3251
конфеты	3250
мерседес	3248
коляска	3247
елка	3246
вращается	3246
сулит	3245
куратор	3245
аттестация	3245
сонник	3242
отрасли	3242
деформация	3242
верится	3242
церкви	3241
роснефть	3240
питомец	3240
педагогика	3240
наполняет	3240
салаты	3239
пылесос	3239
предъявляет	3239
кустарники	3239
дилер	3239
проза	3238
понижение	3238
опыты	3236
смещение	3232
решетка	3232
договоренность	3231
ель	3229
стихия	3227
резерв	3227
матка	3226
аквариум	3225
лендинг	3223
наряды	3221
накладки	3221
стоматология	3219
регистрируется	3218
давит	3218
посылка	3217
шаблоны	3215
труп	3213
охранник	3213
тропа	3211
управляется	3209
заборы	3209
тезис	3206
алматы	3205
убирает	3204
къ	3202
по	3201
нотариус	3201
аквапарк	3200
ростелеком	3199
малышка	3197
равенство	3196
поздравление	3195
нагрев	3194
взаимодействует	3194
горки	3193
кусты	3192
библиотеки	3192
сходит	3191
фракция	3188
радуется	3184
одиночество	3184
узор	3183
орудия	3183
ось	3182
парад	3181
молчание	3181
кормление	3181
отметка	3180
грузоподъемность	3180
фамилии	3177
пьеса	3177
служащие	3176
степи	3174
знакомит	3174
соседка	3173
блины	3173
прячется	3172
вовлечение	3172
шапка	3169
собрания	3169
младенец	3169
авиация	3167
уточняется	3165
морозы	3163
скульптуры	3162
рубашка	3162
лимон	3162
дискуссии	3162
соперник	3161
патент	3161
капитализм	3161
газы	3161
экологичность	3160
универсальность	3160
кристалл	3160
диспетчер	3160
строения	3159
неисправности	3159
приветствует	3157
вырабатывает	3157
немец	3156
целостность	3153
упор	3153
разговаривает	3152
приворот	3149
значится	3147
лодки	3144
картошка	3144
рождает	3140
геометрия	3139
дебют	3138
римляне	3136
движок	3134
тракт	3133
сжатие	3132
вариации	3132
дуэт	3130
трансляция	3127
именуется	3126
аукцион	3125
скрипт	3124
связывается	3122
обозначается	3122
тройка	3120
равняется	3120
числа	3119
розыгрыш	3118
лондон	3117
последователи	3115
настойка	3115
выпечка	3115
замедление	3114
вышивка	3114
слон	3112
носки	3112
статуя	3111
шарик	3109
местоположение	3109
бандиты	3109
геморрой	3108
тысяча	3106
отнимает	3106
ту	3104
кость	3103
гидроизоляция	3103
отчисления	3102
гонки	3102
тюмень	3101
шкала	3100
венера	3100
подведение	3099
мощь	3099
холестерин	3098
заря	3098
водопад	3096
вертолет	3096
анонс	3095
овощ	3093
бум	3092
нападающий	3089
могила	3088
археологи	3088
модератор	3087
змеи	3087
горка	3087
тылу	3085
ревность	3084
локомотив	3084
жемчужина	3084
диваны	3083
подписка	3082
святые	3081
публикуется	3080
печенье	3080
обладатели	3080
няня	3080
футболист	3079
метки	3078
снип	3077
ствол	3075
приметы	3075
добивается	3072
головокружение	3071
силуэт	3070
цемент	3069
истоки	3068
окт	3067
кристаллы	3067
рыбаки	3066
прыщи	3066
куст	3065
вспоминается	3065
ветка	3065
хан	3064
мозги	3063
калифорния	3063
томаты	3061
салоны	3061
ножницы	3061
занятость	3060
присваивается	3058
лиса	3058
шедевры	3057
рассуждает	3057
вдохновляет	3057
держатель	3056
проректор	3055
лифт	3055
лепестки	3055
обычаи	3054
размышления	3053
приоритеты	3052
мозаика	3050
уточнение	3049
аналитика	3049
видимость	3048
веселье	3048
определения	3047
иудеи	3046
барьер	3045
баллы	3045
стрела	3044
бразилия	3044
богослужение	3042
преступления	3041
упоминает	3040
дистанция	3040
пластины	3039
форумы	3037
планка	3037
волоски	3037
тойота	3036
соединяется	3036
племя	3030
спец	3029
варенье	3029
отстает	3027
эталон	3025
рд	3025
воск	3025
спаситель	3023
поворачивается	3023
таинство	3021
литва	3021
проволока	3020
пошив	3018
кадр	3018
дефект	3017
социология	3016
патриотизм	3016
информатика	3016
буря	3016
братство	3016
глагол	3015
ботинки	3014
доводы	3012
вознаграждение	3012
поселки	3011
опросы	3011
крысы	3010
удивление	3008
увлекается	3007
печаль	3007
мозгу	3005
теплоизоляция	3003
расчёт	3003
активизирует	3002
суставы	3000
паразиты	3000
наблюдатели	3000
уточняет	2999
белоруссия	2999
сенатор	2998
утрата	2997
трейдеры	2997
сферы	2997
индивидуальность	2997
тренажеры	2996
сатурн	2996
накладывает	2996
учредитель	2995
конференции	2995
воспитывает	2995
нежелание	2994
мдф	2994
дискомфорт	2993
алкоголизм	2993
орех	2992
кружки	2992
кончается	2992
столбы	2989
температуры	2986
просматривается	2986
бальзам	2986
юноши	2984
коммент	2984
экспонаты	2983
планеты	2982
пуля	2981
значок	2981
аэрофлот	2981
грн	2980
напоминание	2979
прототип	2978
концепции	2976
проходимость	2975
пиар	2975
ур	2971
жесткость	2971
глупость	2971
паника	2970
лезет	2970
издает	2969
вып	2967
приобретается	2966
мтс	2965
щука	2964
молодёжь	2963
корп	2963
ковры	2962
кавказ	2962
бегает	2962
практикуется	2961
каталоги	2960
исправление	2960
экстракты	2959
практики	2958
пальто	2958
берега	2958
рана	2957
победы	2957
спектакли	2951
грамота	2949
фиг	2948
морепродукты	2948
побуждает	2947
обида	2947
видеонаблюдение	2947
уроженец	2946
краны	2946
барон	2945
цб	2943
поговорка	2943
генерал-майор	2942
автосервис	2941
бал	2940
напрашивается	2938
загадки	2938
тег	2937
стройка	2937
диаграмма	2937
освобождается	2936
эра	2935
титул	2935
присвоение	2935
уверяет	2933
честность	2932
универсал	2932
арена	2931
фэнтези	2930
вдова	2930
лицей	2929
ученица	2928
креветки	2928
впишется	2926
банка	2926
участница	2923
биология	2920
нотки	2919
проститутка	2917
заключенные	2917
фосфор	2916
проводки	2912
обряды	2912
тз	2911
админ	2911
кемерово	2909
зерна	2909
происшествие	2907
доброта	2906
конвенция	2905
стебли	2904
посты	2904
начисление	2904
лидерство	2904
юг	2903
инициативы	2903
восходит	2902
социализм	2901
протест	2901
бюст	2901
симферополь	2897
декрет	2897
рейтинги	2896
африка	2896
подставка	2894
мамочка	2894
логистика	2893
хром	2892
края	2892
пруд	2891
мучает	2891
летает	2891
итальянцы	2891
котенок	2890
боязнь	2890
сош	2889
употребляет	2887
ралли	2887
идентификация	2887
сценарии	2886
специи	2886
фигня	2884
лидирует	2884
нарастает	2883
министры	2882
отрицание	2881
колонка	2881
соки	2879
кладка	2879
аккумуляторы	2879
тренажер	2878
контейнеры	2878
дорожки	2878
удел	2877
подавление	2877
обобщение	2877
форматы	2875
ритуалы	2875
правит	2875
ориентируется	2872
поглощает	2871
переводит	2871
латвия	2871
ходьба	2870
компресс	2870
гражданство	2869
стенды	2867
воровство	2866
барс	2866
провинция	2864
лукойл	2863
проигрывает	2861
правоохранители	2861
администраторы	2861
заяц	2860
рот	2857
гранит	2857
даётся	2856
самец	2854
формулы	2853
гибрид	2853
монета	2852
звёзды	2852
доверяет	2852
отслеживание	2851
девчонка	2849
корм	2848
езда	2848
периодичность	2846
створки	2844
кредитор	2844
фермеры	2843
мрамор	2843
беспокойство	2843
поселения	2842
контуры	2842
стрессы	2841
вата	2841
любопытство	2840
фотографы	2839
облицовка	2839
замедляет	2839
яма	2838
романтика	2838
досуг	2838
рф	2837
указатель	2836
юбки	2834
нидерланды	2834
исчисляется	2834
вуз	2834
ненавидит	2830
головы	2830
обложка	2829
бульвар	2827
коты	2826
дипломы	2825
продление	2824
побережье	2824
фестивали	2822
страдания	2822
вклады	2822
сплавы	2821
придаёт	2818
азбука	2818
орудие	2817
батальон	2816
сука	2815
ск	2813
передаёт	2813
князья	2813
вставка	2813
застой	2812
мастерские	2807
выигрыш	2806
философы	2805
молитвы	2804
комиссар	2803
аминокислоты	2802
университеты	2800
путеводитель	2800
заместители	2799
шампуни	2798
рио	2798
очаг	2798
запоры	2798
присоединяется	2797
оригинальность	2795
вакансия	2794
сочинения	2793
сияние	2793
шишки	2790
кроха	2790
фотоаппарат	2788
отпадает	2788
слизь	2787
искра	2786
конкурент	2785
трейлер	2784
сдает	2784
докладчик	2784
телевизоры	2783
свекровь	2783
номинация	2782
активизация	2782
маги	2780
инвентарь	2779
вр	2779
чайка	2778
цитаты	2778
тезисы	2778
спинка	2777
переворот	2776
россиянин	2774
ведьма	2774
активация	2774
профессии	2773
безработица	2773
оригиналы	2772
программисты	2770
декан	2769
норвегия	2768
медведи	2766
сладости	2765
рефлекс	2765
насадка	2765
ловит	2764
слуги	2762
ночи	2762
лихорадка	2762
культуры	2762
домодедово	2761
зовет	2760
гарантируется	2760
дань	2759
резиденция	2758
светильник	2757
выражения	2757
пушки	2756
пос	2756
юпитер	2755
рыбки	2755
модификации	2755
капсул	2755
кормит	2754
феникс	2752
сканер	2752
распад	2752
поломка	2752
обязательство	2752
кубань	2752
бригады	2752
выявляет	2751
въезд	2751
мечеть	2750
воспроизведение	2750
возлагается	2750
сторонник	2749
заготовка	2749
различается	2745
вносится	2744
страничка	2743
местонахождение	2743
депозиты	2743
взрослый	2743
ветки	2743
спецслужбы	2742
реле	2742
грузовик	2742
гк	2742
преподавание	2741
новшества	2741
гуляет	2741
вакцинация	2741
оборона	2740
миграция	2740
грузовики	2740
гитара	2740
симптоматика	2739
павильон	2739
антенна	2737
режиссеры	2735
метр	2733
кролик	2733
корона	2733
благодарит	2732
фабрики	2731
медали	2731
эфир	2730
тм	2730
налогоплательщик	2730
доплата	2728
стяжка	2727
психика	2727
идиот	2727
соотечественники	2726
словосочетание	2725
прибытие	2724
арендатор	2724
рамка	2723
подстанции	2723
интеллигенция	2723
вязкость	2723
сушка	2722
позор	2721
переключение	2721
крестьянин	2721
комплектуется	2721
очерки	2720
светодиоды	2718
вилла	2718
сингапур	2717
берлин	2717
недочеты	2716
макс	2716
атлас	2715
провал	2714
полнота	2714
откровение	2714
патриоты	2712
подписывается	2711
марш	2711
алмаз	2711
текстура	2710
подбирает	2710
оси	2710
мыс	2710
низ	2709
консульство	2708
гены	2705
трассы	2703
заинтересованность	2703
абонент	2703
шов	2702
спам	2702
поражения	2702
дирекция	2701
противоречие	2700
привлекательность	2700
предшествует	2700
злоумышленники	2700
закономерности	2700
фашисты	2699
скульптор	2699
гаджет	2698
относит	2696
генераторы	2696
замысел	2695
заботы	2695
погружение	2694
романы	2692
землетрясение	2691
воры	2691
реалии	2690
полотна	2689
ярлык	2688
скидки	2688
лазер	2688
величество	2688
ф	2686
трактор	2686
предотвращение	2686
госдума	2686
получатель	2685
гранд	2685
растворяется	2683
предположения	2683
соч	2682
манчестер	2682
заливается	2681
гастрит	2681
совершение	2680
восторг	2679
пираты	2678
вынуждает	2677
пк	2676
неисправность	2676
монография	2676
пояс	2674
донецк	2674
курит	2672
приключение	2671
достопримечательность	2671
трудность	2670
вылет	2670
торговцы	2669
иллюстрация	2668
ул	2667
лету	2667
душевые	2666
рецепторы	2663
ноутбуки	2663
недовольство	2663
здравоохранение	2663
усилие	2662
палочка	2662
натура	2662
минимализм	2662
микробы	2662
щенки	2661
кисти	2661
верху	2660
ресницы	2659
налогообложение	2658
спутники	2657
спид	2656
руководствуется	2656
индексы	2656
сокровища	2655
домены	2654
бабочка	2654
палец	2653
имбирь	2653
уезжает	2652
табличка	2652
плоть	2652
гимн	2652
корпорации	2651
сборные	2650
оклад	2650
дует	2650
прихожане	2649
подавляет	2648
застройка	2647
студии	2646
молодожены	2645
присутствующие	2644
очаги	2644
монстр	2644
кризисы	2644
исчезновение	2643
командующий	2642
повествование	2641
кит	2641
кисты	2641
вэд	2641
соперники	2640
речка	2640
трудоустройство	2639
лаки	2639
залив	2639
штаны	2638
пропорции	2638
плечи	2638
слушания	2637
отменяет	2636
регистратор	2635
полоска	2635
объяснения	2635
повара	2634
оскар	2634
модераторы	2634
качели	2634
прыжки	2633
десерты	2633
царица	2632
счетчики	2631
распродажа	2630
кроссовки	2630
гриб	2630
заканчивает	2629
сливки	2628
разметка	2628
глобус	2628
беседка	2628
астрахань	2628
самки	2627
клещи	2627
архивы	2627
упирается	2626
стабилизатор	2626
воспоминание	2626
вены	2626
шри	2624
череда	2623
ароматы	2623
спирт	2622
кривая	2622
календари	2622
щиты	2621
полоски	2621
магистр	2620
арабы	2620
намерение	2619
герцог	2619
каскад	2618
гигант	2618
котята	2617
старуха	2616
скала	2616
внучка	2615
четкость	2614
речи	2614
планшеты	2614
предательство	2613
портфель	2613
комбинации	2613
туберкулез	2612
стимуляция	2610
адаптер	2610
пожарные	2609
нежность	2609
сражение	2608
ношение	2608
фас	2607
ромашка	2607
решетки	2606
терраса	2605
предвещает	2605
педиатр	2605
коммуникация	2605
чертежи	2604
правители	2604
противостоит	2603
пожары	2603
увлажнение	2602
свод	2601
престиж	2600
дура	2600
полеты	2598
цирк	2596
изучается	2594
зазор	2594
дизель	2593
скопление	2592
сатана	2592
всевышний	2592
толпы	2591
очищается	2591
мотоцикл	2589
миллион	2589
проводка	2588
титан	2587
моряки	2587
силовики	2585
эстетика	2583
чашка	2583
изображает	2583
физик	2582
калининград	2580
бланки	2580
уаз	2579
гинеколог	2579
кв	2578
хозяйства	2577
регламентируется	2577
обороты	2577
самолёт	2576
месть	2576
куски	2575
вмещает	2575
накладывается	2573
снаряжение	2572
оптика	2572
заправка	2572
обуславливает	2571
декорации	2571
приставы	2570
пилоты	2570
грань	2570
полку	2569
отключается	2569
числится	2567
ухудшает	2567
эгоизм	2566
тормоза	2566
убийства	2565
порог	2564
пейдж	2564
хабаровск	2562
проба	2562
судьбы	2561
блага	2561
змей	2560
дополняется	2560
скот	2559
открытки	2559
отдача	2559
гром	2558
ориентир	2557
мид	2556
сужение	2555
претензия	2555
икра	2555
торги	2554
ниша	2553
маршал	2551
гвардия	2551
свекла	2550
отравление	2550
начисляется	2550
мосту	2550
клика	2550
театры	2549
стоматолог	2549
организмы	2548
волшебник	2548
водоемы	2547
боевик	2546
религии	2545
дипломат	2545
мордовия	2544
записывает	2544
действительность	2543
тюрьма	2542
инфаркт	2540
водоросли	2540
соли	2538
ростов	2538
императрица	2536
браслеты	2536
чувак	2535
прибывает	2535
подразделяется	2535
колодец	2534
щетка	2533
стирка	2533
бананы	2530
автоматика	2530
тумбы	2529
водопады	2528
издатель	2527
тратится	2526
мэрия	2526
матчи	2526
бабочки	2526
инвестирование	2525
раю	2524
измена	2524
ломается	2522
наполнитель	2521
замедляется	2521
скапливается	2520
отечество	2520
вл	2520
ознакомится	2519
погрешность	2518
осадок	2518
новизна	2517
ярославль	2515
купцы	2515
хранитель	2514
неполадки	2514
кровати	2512
убийцы	2511
вхождение	2511
непонимание	2510
букеты	2510
обвиняемый	2508
намек	2508
бельгия	2508
палочки	2507
задумка	2507
визуализация	2507
раса	2506
резьба	2505
подписывает	2504
звон	2504
скрипты	2503
эпидемия	2502
беспредел	2502
фигурирует	2499
редакторы	2499
мёд	2498
вместимость	2497
грыжа	2496
милосердие	2494
жены	2494
фасоль	2493
анекдот	2493
профессора	2492
трикотаж	2491
протезы	2491
непереносимость	2491
королевство	2491
достает	2491
самцы	2490
пробуждение	2490
перевозчик	2490
стук	2489
ап	2489
дания	2488
банкротство	2488
скорпион	2487
неправда	2487
мочеиспускания	2487
фары	2486
ступени	2486
машиностроение	2485
типография	2484
фонарь	2482
красотка	2480
духовенство	2480
утомляемость	2479
хранилище	2477
рыбак	2477
поединок	2476
наводит	2476
выдержка	2476
внедорожник	2474
купец	2472
волокно	2472
си	2470
крутится	2470
величины	2470
руны	2469
вакцина	2469
поцелуй	2468
цунами	2467
бессонница	2467
артефакты	2467
флаги	2466
осложнение	2466
рюкзак	2465
реал	2465
закономерность	2465
оборачивается	2464
лампочка	2464
куртки	2464
дисбаланс	2464
вспышки	2464
индивид	2463
эстония	2461
перечисление	2461
упорство	2460
поисковики	2460
таланты	2459
неспособность	2459
вишня	2458
неудачи	2457
граничит	2457
ми	2456
стих	2455
иерархия	2455
писание	2454
диетологи	2454
вольт	2454
трубопроводы	2453
либералы	2452
компенсирует	2452
фея	2451
отправление	2451
сопоставление	2450
предание	2449
атаки	2449
мак	2448
классик	2448
открытка	2447
коран	2446
жар	2446
пушка	2445
часовня	2442
трубопровод	2442
минерал	2442
интрига	2442
рамки	2441
напрягает	2441
моторы	2441
мышца	2439
изготавливает	2438
пряди	2436
кариес	2436
глазки	2436
цеху	2435
паркинг	2435
евросоюз	2435
петля	2434
быстрота	2434
лорд	2433
подписи	2431
моча	2431
добровольцы	2431
дыра	2430
грунтовки	2430
вкладывает	2430
уголки	2428
старушка	2428
венгрия	2428
утилизация	2427
скважина	2427
сеанс	2426
рассвет	2423
контейнер	2423
мониторы	2422
изюминка	2422
ижевск	2422
часу	2421
рота	2421
курск	2421
крона	2421
драйв	2421
вертолеты	2420
чат	2419
фанера	2419
продлевает	2419
мешок	2419
частички	2418
современность	2417
отрывок	2417
затруднения	2417
филиалы	2416
поп	2415
учёный	2414
согласуется	2414
разделяется	2414
охват	2414
возвышается	2413
оформляет	2412
обезьяна	2412
велосипеды	2412
борода	2412
реорганизация	2411
подозреваемый	2410
изобретатель	2410
девица	2410
фермер	2409
объектив	2409
фотосессия	2408
ассистент	2408
сюрпризы	2407
публицист	2406
демоны	2406
раны	2405
гнездо	2405
акционеры	2405
выезжает	2404
растительность	2401
тула	2400
совмещение	2400
излишки	2400
снаряд	2396
призывы	2394
психотерапия	2393
отработка	2393
браки	2393
вкладка	2392
рыцари	2391
мрск	2391
хит	2390
прописка	2390
отечность	2390
случайность	2389
водопровод	2389
стройматериалы	2388
крепления	2388
сыворотка	2387
плаву	2387
перепад	2387
сцепление	2385
бабка	2385
вставляется	2384
недуг	2382
замминистра	2382
чп	2381
иностранец	2381
асфальт	2381
мвд	2380
заседания	2379
выдаёт	2379
расходуется	2378
наполняется	2378
выведение	2378
месторождения	2377
обрабатывает	2376
сценарист	2375
па	2375
опционы	2374
компенсируется	2374
карандаш	2372
ванная	2372
полузащитник	2371
первое	2371
омега	2369
оболочки	2369
нужда	2369
белорусы	2369
пасха	2367
неуверенность	2367
сваи	2366
перемена	2366
смета	2365
обозреватель	2365
посвящается	2363
достается	2363
брови	2361
отделения	2360
жемчуг	2360
профсоюз	2359
президиум	2359
разрез	2358
освещает	2357
соблюдается	2355
кипит	2355
гроза	2355
предназначается	2354
понос	2354
тварь	2353
диалоги	2353
томография	2351
стая	2351
четверть	2350
переживание	2350
объявляется	2350
нововведение	2348
анемия	2347
палатка	2346
миры	2346
вибрация	2346
тверь	2345
оговаривается	2345
ведущие	2345
чемпионка	2344
сотрудница	2344
комп	2344
футболка	2343
ленинград	2343
контекст	2343
выплачивает	2343
гигиена	2342
наблюдатель	2341
куры	2341
ферма	2340
массивы	2338
зам	2338
всплеск	2338
расшифровка	2337
коса	2337
клиники	2337
француз	2336
чудовище	2335
грунтовка	2334
фонтаны	2332
сало	2332
взрывы	2332
современники	2331
жилище	2331
центробанк	2329
камины	2329
постановления	2328
отдыхающие	2328
компетентность	2328
флора	2327
пила	2327
торг	2326
вс	2326
викторины	2325
смирение	2324
ред	2324
посредник	2324
вращение	2324
свиньи	2323
архимандрит	2323
потерпевший	2322
пострадавший	2322
люстры	2322
коммунизм	2322
хирурги	2321
отделяет	2321
намечается	2321
соблюдает	2319
задерживается	2319
обусловливает	2318
токсины	2317
частица	2315
суета	2315
вкусы	2315
сирия	2314
передачи	2314
выкуп	2313
скраб	2312
аду	2312
последствие	2311
бокс	2311
спицы	2310
соревнование	2310
виновник	2310
факел	2309
кипр	2308
грузы	2308
репетитор	2307
гирлянды	2307
горох	2306
удобства	2304
пересечение	2304
локоны	2304
иллюстрирует	2304
мухи	2303
чаю	2302
подъезд	2302
таймер	2301
олицетворяет	2301
искажение	2301
заменяется	2301
бук	2301
репортаж	2300
джаз	2300
бесплодие	2300
содействует	2298
зоопарк	2298
достоверность	2298
гол	2298
холодильники	2297
рязань	2297
обучается	2297
номенклатура	2297
шлем	2296
осмотры	2296
гранулы	2296
сериалы	2295
командиры	2294
балки	2294
популяризация	2293
монстры	2293
мач	2293
исследует	2293
записывается	2293
вокал	2293
упоминания	2292
опоры	2292
кэш	2292
чайник	2291
вебинар	2291
смягчает	2290
хроника	2289
следование	2289
эвакуация	2288
триллер	2288
позиционирование	2288
квитанция	2288
произрастает	2285
тучи	2283
касса	2283
анапа	2283
купол	2282
кукуруза	2282
кража	2282
штамп	2281
толкает	2281
оптимизм	2280
маркетологи	2280
склоны	2279
кб	2279
аккуратность	2279
2-е	2279
локализация	2278
оренбург	2277
разведение	2275
калина	2275
стабилизация	2274
скандалы	2274
картон	2273
зомби	2273
приступает	2272
совершенство	2271
кабинеты	2271
знатоки	2271
перелет	2270
крошка	2270
диарея	2270
расценки	2269
плач	2269
паралич	2269
судороги	2268
ремни	2267
практикум	2267
кошелек	2267
усложняет	2265
очевидцы	2265
кроватки	2265
закладывается	2264
поднятие	2263
стрелок	2262
настои	2262
почвы	2260
развязка	2259
волшебство	2259
вагоны	2259
фрукт	2258
индейцы	2258
игнорирование	2258
слуху	2256
макеты	2255
коврик	2255
вампир	2255
сообщества	2254
ремень	2254
поклонник	2254
брюнетка	2254
продвигается	2252
турниры	2251
пожелание	2250
жаждет	2250
дискотека	2250
столешница	2249
профсоюзы	2249
детектор	2249
карантин	2247
ирония	2246
возбуждает	2246
уравнение	2245
статуэтки	2245
клинок	2245
пословица	2244
аватар	2244
хищник	2242
переломы	2242
литургия	2242
порча	2241
кпрф	2241
уфсин	2240
прага	2240
ссоры	2239
расторжение	2238
протеин	2238
барселона	2236
подобие	2235
раздражительность	2234
подозревает	2234
бабы	2234
утрачивает	2233
пациентка	2233
неопределенность	2233
загружается	2232
овцы	2231
изобилие	2230
трамвай	2229
досааф	2229
амур	2229
рецензия	2228
лицензирование	2228
сдвиг	2227
петух	2227
оповещение	2227
менталитет	2227
бьется	2227
подсчет	2226
актёры	2226
язва	2225
подружка	2225
горизонт	2225
утечка	2224
ульяновск	2224
малина	2224
спрашивается	2223
коммерсант	2223
грязи	2223
предрасположенность	2222
выброс	2222
пороки	2221
закуска	2221
углубление	2220
генералы	2220
тыква	2219
слоган	2219
веку	2219
убытки	2218
балет	2218
дворцы	2217
выходы	2217
пучок	2216
племянник	2215
клетчатка	2215
остеохондроз	2214
стереотипы	2213
собачка	2213
хозяйки	2212
супы	2212
стадо	2212
лунки	2212
пластина	2211
месторождение	2211
фактура	2209
трата	2209
психотерапевт	2209
обрезка	2209
контраст	2209
дозы	2209
эпиляция	2208
сбои	2208
нива	2208
течение	2207
процветает	2207
помада	2207
паук	2207
сортировка	2206
сан-франциско	2206
одышка	2206
макароны	2206
крах	2206
ар	2206
диагностируется	2205
гаджеты	2205
бык	2205
состязания	2204
коврики	2204
перья	2202
закуски	2202
сливается	2201
разность	2201
несчастье	2201
дымоход	2201
величие	2201
ь	2200
семя	2200
журналистика	2200
приведение	2199
мегафон	2199
выносливость	2199
доминирует	2198
восхождение	2198
вагон	2198
астма	2198
снаряды	2197
складки	2197
современник	2196
наушники	2196
вена	2195
белка	2195
шина	2194
папки	2193
недоверие	2192
контракты	2191
закладка	2191
сова	2190
призвание	2190
осколки	2189
фотки	2188
убыток	2188
товарищество	2188
пшеница	2188
плесень	2188
ниссан	2188
договоренности	2188
верность	2188
оснащается	2187
тает	2186
предоплата	2186
паруса	2186
вп	2186
обеспеченность	2184
погружается	2183
абзац	2183
незнание	2182
ит	2181
тольятти	2180
неровности	2180
книжки	2180
препятствия	2179
знаменитости	2179
злоумышленник	2179
триумф	2178
знаток	2178
енвд	2177
морщинки	2175
экспо	2174
сода	2174
онъ	2174
нии	2174
соски	2173
мокроты	2173
роща	2172
прививка	2171
заметка	2171
делит	2171
внушает	2171
арка	2171
фотошоп	2167
расклад	2167
квт	2167
завтраки	2167
говядина	2167
таблички	2165
смешение	2165
пещеры	2165
предпринимательство	2164
подделка	2164
красители	2164
завораживает	2164
настраивается	2163
мельница	2163
символика	2162
запреты	2162
шампанское	2160
содружество	2160
преобразования	2160
откладывается	2160
низу	2160
микс	2160
какъ	2160
сост	2159
скорости	2159
свинья	2159
новшество	2159
карма	2159
гуру	2159
выставляется	2159
вк	2158
шелк	2157
уважает	2157
трактовка	2157
отставание	2157
наслаждение	2157
сменяется	2156
смазка	2156
лаборатории	2156
драка	2156
аравия	2156
пленки	2154
заголовки	2154
бронхит	2154
абхазия	2154
филе	2153
искушение	2153
эцп	2152
итар-тасс	2152
форвард	2151
спускается	2151
перепланировка	2151
охранники	2151
выставляет	2151
чушь	2149
мегаполис	2149
ходатайство	2148
банкиры	2148
сайдинг	2147
подозрения	2147
кустарник	2147
вызовы	2147
злость	2146
созревание	2145
литр	2145
волнение	2145
пузырьки	2144
партнёр	2142
целесообразность	2141
контингент	2141
консистенция	2141
дилеры	2141
жестокость	2140
чин	2139
фашизм	2139
дураки	2139
детишки	2139
гипертония	2139
аллея	2139
шлаки	2136
талисман	2136
рамы	2136
предохраняет	2136
поглощение	2135
коньяк	2135
цветочки	2134
билайн	2134
пот	2133
мешки	2133
шик	2131
клубника	2131
талия	2130
салют	2130
рено	2130
повестка	2130
отвлекает	2130
клубни	2130
страховщик	2129
синонимы	2129
вьетнам	2129
банкомат	2129
повороты	2128
болт	2128
таит	2127
прозвище	2127
тыва	2126
суждения	2126
биржи	2126
эластичность	2125
раковина	2125
прогнозирует	2124
крыши	2124
имплантация	2124
проработка	2123
оберег	2123
лабиринт	2122
ре	2121
сердцебиение	2119
держава	2119
примета	2118
подопечные	2118
ммоль	2118
водолей	2117
тнт	2116
сброс	2116
сборники	2116
азот	2116
пн	2115
оппоненты	2115
омоложение	2115
намекает	2115
мыслит	2114
москвич	2114
нестабильность	2113
синхронизация	2112
бедность	2112
перебор	2111
ускоряется	2110
судак	2110
пошлина	2110
грани	2110
отпускает	2109
говно	2109
выяснение	2109
союзы	2107
ведомства	2107
артрит	2107
древо	2106
буддизм	2106
ковер	2105
пустыня	2104
понижается	2104
минздрав	2104
игла	2104
петрушка	2103
консоль	2103
редуктор	2102
официант	2102
математик	2102
ландшафт	2102
освящение	2101
национализм	2100
мемориал	2100
маршрутки	2100
трупы	2099
барабан	2099
казак	2098
доктрина	2098
ветру	2097
националисты	2096
кисть	2095
подобает	2094
летопись	2094
индексация	2094
умница	2093
стержень	2092
олигархи	2092
поколения	2091
шапочка	2090
предисловие	2089
лапы	2089
молится	2088
метаболизм	2088
крыло	2088
известие	2088
жук	2088
сколково	2087
мигранты	2087
кс	2086
вратарь	2086
чёрт	2085
соло	2085
игнорирует	2085
воспроизводит	2085
плакат	2084
вентиляторы	2084
безумие	2084
атаман	2084
преподает	2083
наименования	2082
доводит	2082
усовершенствование	2081
действо	2081
представляется	2080
куб	2080
концовка	2080
утка	2079
допуск	2079
шнур	2078
сметана	2078
креативность	2078
казнь	2078
снежинки	2077
предписания	2077
грамотность	2076
лауреаты	2074
любимая	2073
ветвь	2073
струя	2072
пропитки	2072
протезирование	2071
пересадка	2071
магниты	2071
констатирует	2070
босс	2070
мужество	2069
борец	2069
бад	2069
пер	2068
усвоение	2067
рейсы	2067
прихожая	2067
особняк	2067
убранство	2065
сжигание	2065
очерк	2065
коридор	2065
санаторий	2064
медикаменты	2064
божество	2064
страдание	2063
пудра	2063
таиланд	2062
сохранность	2062
фз	2061
празднует	2061
обвиняет	2061
тюнинг	2060
слушатель	2060
артиллерия	2060
обитель	2059
захоронение	2059
светится	2058
приезд	2058
негатив	2058
ауди	2058
совмещает	2057
президенты	2057
позвоночник	2057
мужья	2057
греет	2056
черви	2055
анализируется	2055
стражи	2054
рога	2054
никель	2054
кредиторы	2054
побег	2053
бутылки	2053
ворона	2052
дрова	2051
отвергает	2049
обивка	2049
выходной	2049
пт	2048
пророчество	2048
вставки	2048
раскопки	2047
привязка	2047
завещание	2047
туалеты	2046
крупы	2046
чередование	2045
начинания	2045
лифты	2045
кыргызстан	2045
удерживается	2044
простор	2044
оригами	2044
листочки	2043
таблетка	2042
штрих	2041
утверждения	2041
тонус	2041
опережает	2041
засыпает	2041
тушь	2040
стрелец	2040
попадается	2040
отслеживает	2040
котлеты	2040
грузоперевозки	2040
простатит	2039
патроны	2039
крыса	2039
жест	2039
дифференциация	2039
писательница	2038
обозначения	2038
муниципалитет	2038
бронза	2038
мсфо	2037
экраны	2036
посёлок	2036
лишается	2036
автомобилисты	2036
резолюция	2035
преобразователь	2034
апостолы	2034
бесит	2033
тараканы	2032
муравьи	2032
головки	2032
приказы	2031
привязанность	2030
луки	2030
кони	2028
циклы	2027
хакеры	2027
провайдер	2027
пр	2027
мембрана	2027
активист	2027
общества	2026
подошва	2025
облагается	2024
будни	2024
совершенствуется	2023
прикосновение	2023
представительницы	2023
посиделки	2022
убеждает	2020
колония	2020
рулевой	2019
компетенция	2019
аналогия	2018
отступление	2017
общность	2017
скелет	2016
заготовки	2016
видеокарта	2016
сравнивает	2015
летчик	2015
выходцы	2015
ячмень	2014
погашение	2014
трещина	2013
мафия	2013
имитирует	2013
извлечение	2011
воплощает	2011
гибнет	2010
возгорание	2010
администрирование	2010
строю	2009
нс	2009
машинки	2008
дары	2007
гул	2007
усугубляется	2005
пастор	2005
официанты	2005
мангал	2005
возводится	2005
хищение	2004
карнавал	2004
драматург	2004
бета	2004
придается	2003
радиостанция	2002
песнь	2002
отчёт	2002
истекает	2002
бездействие	2002
разъемы	2001
кастинг	2001
ингредиент	2001
сотня	2000
египтяне	2000
причиняет	1999
княгиня	1999
бизнес-план	1999
уф	1998
сувенир	1998
стыд	1998
поэма	1998
физики	1997
сигареты	1996
выдвигает	1996
зампред	1995
держатели	1995
фен	1994
затягивает	1994
верхушка	1994
бич	1994
протоиерей	1993
пласт	1993
выпускной	1992
фанат	1991
спонсор	1991
прошивка	1991
десерт	1991
ягода	1990
стилисты	1990
поступления	1990
наезд	1990
коровы	1990
экономичность	1989
порок	1988
заблуждение	1988
гражданка	1988
шуба	1987
сонливость	1987
наследство	1987
пластинка	1986
обшивка	1985
метафора	1985
внж	1984
чт	1983
раскол	1983
член-корреспондент	1982
строчка	1981
видеорегистратор	1981
аспирант	1981
распадается	1980
механик	1980
жесты	1980
напряженность	1979
старость	1977
инструкторы	1977
груши	1977
реактор	1976
ветерок	1976
расцвет	1975
лень	1975
куба	1975
выносится	1975
беспорядок	1975
афганистан	1975
провокация	1974
вазы	1974
колонки	1973
нато	1972
прыжок	1970
меньшинство	1970
диагональ	1970
амбиции	1970
эпизоды	1969
кружок	1968
колбаса	1968
пророчества	1966
приставка	1966
хитрость	1965
пересмотр	1965
кладет	1965
ручей	1964
мкр	1964
незнакомец	1963
бутоны	1963
багаж	1963
испанцы	1962
вывеска	1962
жадность	1961
бес	1961
банда	1961
переулок	1960
партнёры	1960
молочко	1960
затягивается	1960
движет	1960
тонкости	1959
понижает	1959
неудача	1959
мята	1959
мексика	1959
муха	1958
лайнер	1958
учредители	1957
толерантность	1957
пневмония	1957
переводчики	1957
нпп	1957
сквер	1956
задержки	1956
полотенца	1955
династия	1955
заводится	1954
гипсокартон	1954
торможение	1953
слёзы	1953
птс	1953
нормализация	1953
кишечник	1952
тарелка	1951
облигации	1950
грусть	1949
газон	1949
троица	1948
терроризм	1948
твари	1948
скачки	1948
поручение	1948
молот	1947
богородица	1947
прыгает	1945
перекрытия	1945
бухта	1945
аптеки	1944
пцр	1943
глобализация	1943
сосуд	1942
прочтение	1942
пацаны	1942
мистика	1942
мз	1942
кал	1941
плитки	1940
отказывает	1940
жильё	1940
трусы	1939
вице-губернатор	1939
береза	1939
электрики	1938
короли	1938
шприц	1937
скользит	1937
изыскания	1937
фольксваген	1936
стс	1936
проклятие	1936
пб	1936
общины	1936
направляющие	1936
эквивалент	1935
передаётся	1935
осложняется	1934
генерал-лейтенант	1933
соображения	1932
регуляторы	1932
подмосковье	1932
венеция	1932
бобы	1932
абоненты	1932
членство	1931
посланник	1931
кофеин	1931
штурм	1930
ценители	1930
устраивается	1930
смарт	1930
привыкание	1930
очертания	1930
клещ	1930
доработка	1930
распознавание	1929
прогрессирует	1929
масленица	1928
вершины	1927
чернила	1926
табак	1926
социологи	1926
снабжение	1926
самостоятельность	1926
огонек	1926
дистрибьютор	1926
пекин	1925
беды	1925
шланг	1924
спецэффекты	1924
пруду	1923
помеха	1923
науч	1923
встаёт	1923
взаимопонимание	1923
препятствие	1922
отрывки	1922
столб	1921
создания	1921
пули	1921
простуда	1921
избиратели	1921
значки	1921
поправка	1920
неизвестные	1920
балка	1920
урон	1919
галактика	1919
плавает	1918
коммерсантъ	1918
полка	1916
лен	1916
блокада	1916
уполномоченный	1915
трение	1915
нитки	1915
удобрение	1913
производные	1913
отталкивает	1913
наклон	1913
глас	1913
иерусалим	1912
высказывает	1912
брокеры	1912
афиша	1912
самосознание	1910
боксер	1909
фсс	1908
родник	1908
разъяснения	1908
чили	1907
фгуп	1907
смоленск	1907
ремонты	1907
пмж	1907
островок	1907
челны	1906
тр	1906
нач	1906
цари	1905
стыки	1905
псевдоним	1905
пенсионерка	1904
катер	1904
канцлер	1904
жительницы	1904
связка	1903
процессоры	1903
конечности	1903
съедает	1902
смола	1902
извещение	1902
ценник	1901
представительница	1901
стреляет	1900
дельта	1900
благословение	1900
надёжность	1899
привыкает	1898
перераспределение	1898
моль	1898
златоуст	1898
воздействия	1898
предпринимает	1897
панно	1897
драконы	1897
хлопья	1896
ренессанс	1896
лексика	1896
эстафета	1895
черепаха	1895
красавец	1895
косметолог	1895
вязание	1895
барак	1895
поощрение	1894
опасности	1894
лоджия	1894
кролики	1894
экзамены	1893
набирается	1893
лик	1893
самоуправление	1892
законодатели	1892
обсуждает	1891
ссора	1890
свинина	1890
садоводы	1889
дерматит	1889
вампиры	1889
пенза	1887
генерирует	1887
санатории	1886
гриль	1886
црб	1885
путешествует	1884
бардак	1884
темнота	1882
солидарность	1882
перечисляет	1882
магистраль	1882
проход	1881
закат	1881
интер	1880
замеры	1880
армяне	1880
курсанты	1879
закрепляет	1879
беженцы	1879
пружина	1878
полировка	1878
икс	1878
тест-драйв	1877
фк	1876
розетка	1876
питомцы	1876
красавицы	1876
экскаватор	1875
румыния	1875
регламентирует	1875
пропуск	1875
пересекает	1875
наделяет	1875
консолидация	1875
груша	1875
человечек	1874
размещает	1874
монополия	1874
кпп	1874
айфон	1874
устраняется	1872
схватки	1872
калуга	1872
замглавы	1872
идеалы	1871
аварии	1871
шествие	1870
светодиод	1870
портится	1870
интернет-магазины	1870
вскрытие	1870
сумерки	1869
респект	1869
разборка	1869
подписчики	1869
баки	1869
удилища	1868
рига	1868
примыкает	1868
прибавка	1868
гели	1868
грамматика	1866
ввп	1865
белгород	1865
экологи	1864
хищники	1864
скачок	1864
аттракционы	1864
брикс	1863
выбросы	1862
ослабевает	1861
коалиция	1861
бульон	1861
тарелки	1860
притча	1860
язвы	1859
наркомания	1859
выпускница	1859
аббревиатура	1859
череп	1858
чемпионы	1858
электрик	1857
котельная	1857
холмы	1856
парус	1856
особа	1856
яхта	1855
бижутерия	1855
всплывает	1854
переезжает	1853
мотивирует	1853
жанры	1853
танцует	1852
пруды	1852
перо	1852
выезды	1852
соусы	1851
снегопад	1851
связки	1851
миллиарды	1851
духовность	1851
апельсин	1851
птичка	1850
шведы	1849
соотносится	1849
роспотребнадзор	1849
подшипники	1849
шторм	1848
физкультура	1848
сустав	1848
тгу	1847
португалия	1846
отсрочка	1846
грузчики	1846
гипноз	1846
генетика	1846
рио-де-жанейро	1845
раздается	1845
прохожие	1845
осетия	1845
оргкомитет	1845
крокодил	1845
кинематограф	1844
заводит	1844
прибегает	1843
с	1842
расстановка	1842
террор	1841
мытье	1841
правозащитники	1840
обследования	1840
металлочерепица	1840
упрощение	1839
ставрополь	1839
сокращения	1839
полюс	1839
перебои	1839
лектор	1839
шляпа	1838
оскорбление	1838
вылетает	1838
кресты	1837
коза	1837
психиатр	1836
континент	1836
перестаёт	1834
финны	1832
мфц	1832
иконки	1832
возбудитель	1832
аплодисменты	1832
милан	1831
люстра	1831
этикетки	1830
отзывается	1830
примечания	1829
нажатие	1829
листовки	1829
залежи	1829
джоли	1829
благосостояние	1829
барьеры	1829
соблазн	1828
связной	1828
свежесть	1828
металлоконструкции	1828
разброс	1827
папы	1827
задерживает	1827
варвары	1827
украинец	1826
вздутие	1826
тетрадь	1825
сальдо	1825
конверсия	1825
художница	1824
пробы	1824
аура	1824
рождаемость	1823
приверженцы	1823
налоговики	1823
купон	1823
винтовка	1823
астрология	1823
дирижер	1822
влечение	1822
беспокоится	1822
приманка	1821
вытяжка	1821
энтузиазм	1820
коммуникабельность	1820
быдло	1820
предвидится	1819
инициатор	1819
горечь	1819
шпинат	1818
сейф	1818
неприятность	1818
смешивается	1817
роллы	1817
обещание	1817
наркотик	1816
ураган	1815
полуфабрикаты	1815
усугубляет	1814
тревожит	1814
пограничники	1814
винт	1813
маз	1812
загрязнения	1812
прп	1811
преданность	1811
пафос	1811
паспорта	1811
мышка	1811
путевки	1810
натрий	1809
смывается	1808
перекресток	1808
орнамент	1808
коммунист	1808
аутсорсинг	1808
автотранспорт	1808
сл	1807
рвется	1806
фаворит	1805
переключатель	1805
мчс	1805
ветры	1805
аудитор	1803
азарт	1803
охраняет	1802
манипуляция	1802
стартап	1801
модема	1801
ужесточение	1800
снегурочка	1800
обладательница	1800
бревно	1800
милиционеры	1799
аспирин	1799
закупки	1798
рулетка	1797
ослабляет	1797
затея	1797
мотоциклы	1796
креатив	1796
кассир	1796
аномалии	1796
любовник	1795
выдаётся	1795
бор	1795
сорняки	1794
впитывается	1794
фс	1793
астрономы	1793
целлюлит	1792
овладение	1792
ловушка	1792
кабачки	1792
больницы	1792
челси	1791
раки	1791
братия	1791
атомы	1791
посвящение	1790
лк	1790
страховщики	1789
служители	1789
анкеты	1789
суши	1788
колики	1788
столкновения	1787
проповедь	1787
продуктивность	1787
пенсии	1787
настраивает	1787
кантри	1787
истребители	1787
загар	1787
щетки	1786
пальмы	1786
отказы	1786
мультик	1786
доли	1786
британцы	1786
убеждения	1785
поёт	1785
напор	1785
режет	1784
выключение	1784
слобода	1783
простирается	1783
милость	1781
летчики	1781
преп	1780
инфа	1780
вагонка	1780
укроп	1779
манжеты	1779
корреспонденты	1779
кладезь	1779
епархия	1779
фильтрация	1778
уколы	1778
слышится	1778
огрн	1778
кедр	1778
закладки	1778
бочка	1778
намерения	1777
банкноты	1777
мягкость	1776
запор	1776
хроники	1775
радикалы	1775
пророки	1775
преступность	1775
кушает	1775
ошибается	1774
фигурка	1773
супермаркет	1773
курган	1773
хиты	1772
принт	1772
любимец	1772
доставляется	1772
цензура	1770
тетка	1770
принуждение	1770
раздача	1769
поликарбонат	1769
маневренность	1769
гречка	1769
вологда	1769
шлифовка	1768
сыны	1768
пластичность	1768
влюбляется	1768
бусы	1768
претендент	1767
павильоны	1767
уклон	1766
покушение	1766
олень	1766
колдун	1766
воспаления	1766
платформы	1765
обвиняется	1765
синоним	1764
надоедает	1764
идиоты	1764
легион	1763
кредо	1763
колокольня	1763
генерация	1763
автолюбители	1763
стоки	1762
през	1762
отъ	1762
овен	1762
рвп	1761
рассрочка	1761
львы	1761
сафари	1760
местечко	1760
катушка	1759
разгон	1758
уран	1757
торгует	1757
приемник	1757
обретение	1757
облегчение	1756
лезвие	1756
косметологи	1756
выключатели	1756
сохнет	1755
ноты	1755
цилиндр	1754
уборы	1754
прогревается	1754
неумение	1754
делегаты	1754
достояние	1753
верстка	1753
темперамент	1752
секта	1752
антенны	1752
попы	1751
каток	1751
журналистка	1751
деформируется	1751
химик	1750
прогнозируется	1750
колорит	1750
киров	1750
вывески	1750
бунт	1750
мудрецы	1749
маркеры	1749
ковчег	1749
кампании	1749
евразия	1749
веточки	1749
усложняется	1748
триколор	1748
специальности	1748
расстояния	1748
сияет	1747
распределяет	1747
кавалер	1747
демократы	1747
наркоз	1746
консервы	1746
зашкаливает	1746
губка	1746
герпес	1745
вердикт	1745
анестезия	1745
дод	1744
буфер	1744
служащий	1743
изъятие	1743
изготовитель	1743
вторжение	1742
брест	1742
распространяет	1741
луга	1741
крс	1741
отвод	1740
оздоровление	1740
колокол	1740
банкет	1740
улов	1739
твердость	1739
соискатель	1739
комитеты	1739
зов	1739
третьи	1738
сомнение	1738
пробует	1738
субстанция	1737
плоскость	1737
маэстро	1737
избегает	1737
озеленение	1736
коучинг	1735
арки	1735
прокол	1734
пресс-центр	1734
передвигается	1734
жесть	1734
растягивается	1733
дневники	1733
устает	1732
сосны	1732
листва	1732
пирожки	1731
вой	1731
подсказка	1730
подвески	1730
элегантность	1729
изобилует	1729
убирается	1728
смелость	1728
фрески	1727
разрывы	1727
прибавляет	1726
издается	1726
дрель	1726
берётся	1726
стучит	1725
статуи	1725
походка	1725
клан	1725
соперничество	1724
мадрид	1724
исповедь	1724
дворы	1724
бас	1724
увлечения	1723
сыры	1722
злодей	1722
путаница	1721
микрофон	1721
сиденья	1720
рукопись	1720
приёмы	1720
дайвинг	1720
возлюбленный	1720
торнадо	1719
таможня	1719
пирамиды	1719
борщ	1719
блогеры	1719
пионер	1718
крокус	1718
кодирование	1718
шашлык	1717
торопится	1717
почитание	1717
мудрец	1717
анонсы	1717
зонд	1716
электроэнергия	1715
хлопоты	1715
аукционы	1715
позиционируется	1714
учёт	1712
издатели	1712
заселение	1712
полёт	1711
ухаживает	1710
пускает	1710
подъём	1710
гной	1710
телец	1709
атеросклероз	1709
шумы	1708
настойчивость	1708
впадины	1708
энергии	1707
металлолом	1707
кварталы	1707
затмение	1707
шоппинг	1706
позиционирует	1706
лицензии	1706
ялта	1705
репертуар	1705
преследование	1705
браузеры	1705
стволы	1704
скачет	1704
предписание	1704
амплитуда	1704
маркет	1703
деградация	1703
внедряется	1703
указатели	1702
реформирование	1702
порошки	1702
избирается	1702
жрецы	1702
витражи	1702
бремя	1702
произносится	1701
пансионат	1701
голландия	1701
холм	1700
укрепляется	1700
собеседование	1700
риторика	1700
проемы	1700
конструирование	1700
дуга	1700
дельфин	1700
партизаны	1699
биотехнологии	1699
эвакуатор	1698
рассуждение	1698
мурашки	1698
ячейка	1697
фсин	1697
кейсы	1697
водоканал	1697
чулки	1696
машинист	1696
крупа	1696
деды	1696
борцы	1696
социум	1695
разъяснение	1695
клавиши	1695
целеустремленность	1694
хз	1694
радости	1694
расслабляет	1693
гонщик	1693
оргазм	1692
коляски	1692
изжога	1692
снт	1691
сбыт	1691
паломники	1691
обсуждения	1691
проектор	1690
живется	1690
размах	1689
подчиненные	1689
изгнание	1689
выключается	1689
босоножки	1689
исцеление	1688
резинка	1687
звукоизоляция	1687
созерцание	1686
светофор	1686
референдум	1685
разводы	1685
отбеливание	1685
боеприпасы	1685
явка	1684
приравнивается	1684
милая	1684
библиотекарь	1684
дебаты	1683
ассамблея	1683
дипломаты	1682
шахматы	1681
систематизация	1681
врата	1681
богослов	1681
саммит	1680
расхождения	1680
прованс	1680
половинка	1680
отчаяние	1680
вредители	1680
методист	1679
справочники	1678
роса	1676
острота	1676
электростанция	1675
сом	1675
огурец	1675
аниматоры	1675
пух	1674
грехи	1674
регламенты	1673
датируется	1673
спонсоры	1672
ордер	1672
обезьяны	1672
шумит	1671
повелитель	1671
анализатор	1671
мороженое	1670
контроллеры	1670
изъ	1669
стажировка	1668
размножается	1668
псков	1668
погрузка	1668
лирика	1668
козерог	1668
калибр	1668
евр	1668
сопутствует	1667
косметология	1667
священнослужители	1666
карусель	1666
шрифты	1665
рефлексы	1665
полезность	1665
матерь	1665
репрессии	1664
палка	1664
визы	1664
тара	1663
подружки	1663
отрезок	1662
освещенность	1662
столбец	1661
тендер	1660
обуславливается	1660
главнокомандующий	1660
бюллетень	1660
спецназ	1659
словари	1659
комсомолец	1659
синяки	1658
руины	1658
цилиндры	1657
вручается	1657
врио	1657
богословие	1657
автозапчасти	1657
шеф-повар	1656
утки	1656
торпедо	1656
булочки	1656
шутит	1655
трек	1655
обучает	1655
взятие	1655
топор	1654
оопт	1654
запоминается	1654
противодействие	1653
периметр	1653
тор	1652
осужденный	1652
мыслитель	1652
аврора	1652
голуби	1651
шейка	1650
шахтер	1650
суждение	1650
спортсменка	1650
советники	1650
цска	1649
хоккей	1649
телеком	1649
рекламодатели	1649
похороны	1649
обогащение	1649
молнии	1649
консул	1649
идентичность	1649
сколы	1648
сеансы	1648
жалеет	1648
атом	1648
напоминания	1647
истребитель	1647
придумывает	1646
питье	1646
ясность	1645
морда	1645
выборка	1645
теплообменник	1644
подсистема	1644
гдз	1644
поршня	1643
экипажи	1642
участницы	1642
унитаз	1642
рубашки	1642
конкурентоспособность	1642
комментировать	1642
сокровище	1641
всадник	1641
печка	1640
отводит	1640
осанка	1640
животик	1640
горло	1640
рядовой	1639
порыв	1639
наследственность	1639
исследуется	1639
единение	1639
селезенки	1638
нептун	1638
насыщает	1638
визитка	1638
эрмитаж	1637
шумоизоляция	1637
хребет	1637
рецидив	1637
лозунги	1637
калейдоскоп	1637
туроператор	1636
наказания	1636
кончик	1636
фишки	1635
статусы	1635
загорается	1635
фрезы	1633
излучает	1633
слушание	1632
сердечко	1632
онемение	1632
леска	1632
табло	1630
искренность	1630
трогает	1629
разбивается	1629
покаяние	1629
компрессоры	1629
брекеты	1629
стекает	1628
скрин	1628
ломает	1628
амортизаторы	1628
земляки	1627
завесы	1627
компромисс	1626
алфавит	1626
листок	1625
рукоятка	1624
преференции	1624
невыполнение	1624
иглы	1624
заливка	1624
заказывает	1624
самсунг	1623
нло	1623
врет	1623
взвод	1623
автоваз	1623
недуги	1622
комфортность	1622
шарф	1621
скважины	1621
проекция	1621
видеокамера	1621
астрологи	1621
абонемент	1621
удаленность	1620
рог	1620
подкормка	1619
отделяется	1619
насаждения	1619
кострома	1619
клоун	1618
клитор	1618
пешеходы	1617
влюбленные	1617
туловище	1616
сео	1616
пир	1616
патрон	1616
автокредит	1615
опровергает	1614
кандидатура	1614
выливается	1614
блаженство	1614
активизируется	1614
рапорт	1613
прокуроры	1613
переселение	1613
оферты	1613
опасается	1613
базар	1613
циркуляция	1612
столики	1612
подшипник	1612
подбородок	1612
бочки	1612
аспиранты	1612
оладьи	1610
физиология	1609
стан	1609
опасение	1609
галлюцинации	1609
усы	1608
синтаксис	1608
св	1608
валу	1608
термометр	1607
серверы	1607
лагеря	1607
глаголы	1607
аккредитация	1606
электростанции	1605
стр	1605
стихотворения	1605
стилист	1605
осваивает	1605
яр	1604
разграничение	1604
апокалипсис	1604
осуждение	1602
ирландия	1602
брелок	1602
всасывается	1601
бесы	1601
ростки	1600
литье	1600
искры	1600
трансаэро	1599
разъясняет	1599
зараза	1599
активируется	1599
стирается	1598
продюсеры	1598
лампочки	1598
балконы	1598
рейды	1597
обвал	1597
нерв	1597
трактуется	1596
приют	1596
здравствует	1596
рэп	1595
пластинки	1594
инструментарий	1594
дисбактериоз	1594
трубки	1593
таксист	1593
консалтинг	1593
заповедь	1593
пёс	1592
привкус	1592
ионы	1592
бриллиант	1592
проводники	1591
оперативники	1591
металлургия	1591
дрожь	1591
грибки	1591
тележка	1590
неравенство	1590
днепр	1590
уплата	1589
темнеет	1589
рг	1589
прерывание	1589
тос	1588
корр	1588
ингушетия	1588
уп	1587
тошнит	1587
развал	1587
потливость	1587
перекрывает	1587
блокируется	1587
флеш	1586
теплопроводность	1586
жалость	1586
одевается	1585
нравственность	1585
католики	1585
ареал	1585
переменная	1584
убегает	1583
кончики	1583
детище	1583
вялость	1583
микроклимат	1582
выключатель	1582
фотосъемка	1581
правильность	1581
недостает	1581
инвентаризация	1581
англичанин	1581
метель	1580
клиренс	1580
епископы	1580
молочница	1579
грохот	1579
подпадает	1578
молоток	1578
деяние	1578
активирует	1578
солист	1577
роутер	1577
парадигма	1577
лягушка	1577
коробочка	1577
колготки	1577
2-ндфл	1577
комары	1576
выдвигается	1576
самоубийство	1575
прослойка	1575
крит	1575
слайды	1574
приближение	1574
охраняется	1574
общежитие	1574
гиганты	1574
полигон	1573
передвижение	1573
вычисляется	1573
разряд	1572
характеры	1571
клавиша	1571
днк	1571
осмысление	1570
кружево	1569
сдерживает	1568
плащ	1568
пельмени	1568
панацея	1568
остроты	1568
каштан	1568
общественники	1567
юриспруденция	1566
диктатура	1566
горшки	1566
спорит	1565
спираль	1565
сдвиги	1565
рушится	1565
амортизация	1565
запоминает	1564
богатые	1564
бк	1564
базилик	1564
шапки	1563
сингл	1562
оправдание	1562
обломки	1562
настораживает	1562
бамбук	1562
ужасы	1561
скрипка	1561
дивиденды	1561
тормоз	1560
стоматологи	1560
рагу	1560
изюм	1560
барышня	1560
ямы	1559
своеобразие	1559
помидор	1559
подталкивает	1559
персона	1559
отгрузка	1559
кома	1559
око	1558
обходит	1558
заклинание	1558
выращивается	1558
эскиз	1557
пояснение	1557
полимер	1557
отсчет	1557
остановки	1557
карп	1557
зять	1557
жуть	1557
альбомы	1557
пословицы	1556
полнолуние	1556
излагает	1556
ёмкость	1555
уплотнитель	1555
отступает	1555
насекомое	1555
расцветка	1554
плавность	1554
певцы	1554
новорожденный	1554
неприятие	1554
деяния	1554
степь	1553
доброжелательность	1553
близится	1553
столбик	1552
сплит	1552
прописывается	1552
продвигает	1552
собеседники	1551
льгота	1551
звания	1551
заход	1551
внуково	1551
чума	1550
полководец	1550
маньяк	1550
евро	1550
ги	1550
вожди	1550
погоня	1549
овуляция	1549
искривление	1549
шейх	1548
свидание	1548
расхождение	1548
основатели	1548
круиз	1548
эксплуатируется	1547
фортуна	1547
стипендия	1547
сведение	1547
погрузчик	1547
ностальгия	1547
липа	1547
вечеринки	1547
наркоман	1546
богатства	1546
бильярд	1546
фермы	1545
сетки	1545
метастазы	1545
инопланетяне	1545
предшественник	1544
потомок	1544
недоразумение	1544
годовщина	1544
эмблема	1542
смеситель	1542
призраки	1542
обыски	1542
заслуги	1542
анекдоты	1542
оксид	1541
доминирование	1541
выгоды	1541
восход	1541
фольклор	1540
любовница	1540
метка	1539
биопсия	1539
тунис	1538
ирак	1538
апатия	1538
антураж	1538
стопа	1537
респонденты	1537
размышляет	1537
подаётся	1537
оппонент	1536
испаряется	1536
ворон	1536
составитель	1535
сопредседатель	1535
мкс	1535
вихрь	1535
анкетирование	1535
узнаваемость	1534
оседает	1533
вилка	1533
благотворительность	1533
тонизирует	1532
свитер	1532
развалины	1532
пистолеты	1532
красотки	1532
иски	1532
бревна	1532
мадонна	1531
добывается	1531
прячет	1530
мрак	1530
клад	1530
волнения	1530
3-е	1530
пешеход	1529
перезагрузка	1529
мошенник	1529
клин	1528
дренаж	1527
дождик	1527
вынос	1527
чадо	1526
укус	1526
фуршет	1525
пренебрежение	1525
вакуум	1525
хутор	1524
трио	1524
сигнализирует	1524
разгрузка	1524
организовывает	1524
агрессивность	1524
стесняется	1523
перевозчики	1523
дискотеки	1523
страж	1522
пожертвования	1522
патч	1522
опс	1522
нападает	1522
мелодии	1522
пушкино	1521
прибавляется	1521
посредники	1521
зачисление	1521
буклеты	1521
яхты	1520
электродвигатель	1520
сосет	1520
лотерея	1520
ласточка	1520
курирует	1520
сш	1519
сливы	1519
марганец	1519
шиповник	1518
цепочки	1518
стрелы	1518
спецтехника	1518
рулит	1518
парикмахер	1518
челюсть	1517
миллиардер	1517
эп	1516
отменяется	1516
елки	1516
набережные	1515
звездочки	1515
грант	1515
трансформатор	1514
перегородка	1514
котик	1514
цена-качество	1513
пан	1513
наркоманы	1513
лос-анджелес	1513
компрессы	1513
глюкоза	1513
якутск	1512
житие	1512
огород	1511
изображается	1511
возобновление	1511
торговец	1510
преображение	1510
орнаменты	1510
восхищение	1510
пострадавшие	1509
будит	1509
блестит	1509
пхукет	1508
председатели	1508
плывет	1508
пенопласт	1508
нравы	1508
витязь	1508
пигмент	1507
пасты	1507
кислотность	1507
индикация	1507
поголовье	1506
откладывает	1506
обманывает	1506
сургут	1505
полуостров	1505
порывы	1504
комментаторы	1504
гомель	1504
пропасть	1503
градус	1503
чаи	1502
франшиза	1502
покупки	1501
замыкает	1501
молекула	1500
техас	1499
оживление	1499
новообразования	1499
кластер	1499
автокресло	1499
экранизация	1498
трансмиссия	1498
тик	1498
сострадание	1498
полиэстер	1498
подмена	1498
инициалы	1498
девальвация	1498
сексуальность	1497
шахты	1496
септик	1496
подозревается	1496
лёд	1496
космонавты	1496
ккт	1496
дачники	1496
википедия	1496
сходится	1495
разбирательство	1495
покоится	1495
палатки	1495
выстрелы	1495
финанс	1494
прикрепляется	1494
лось	1494
инстинкты	1494
аргентина	1494
тахикардия	1493
субботник	1493
сражения	1493
пацан	1493
гигабайт	1493
возрастание	1493
течёт	1492
средневековье	1492
соратники	1492
предсказание	1492
пачка	1492
мелодрама	1491
коллаж	1491
карнизы	1491
блики	1491
анатомия	1491
акустика	1491
тумба	1490
подготавливает	1490
колодки	1490
балу	1490
ухо	1489
сауны	1489
рик	1489
предшественники	1489
выстраивается	1489
пользование	1488
координирует	1488
индонезия	1488
высыхает	1488
танцоры	1487
поворачивает	1487
востребованность	1487
арендаторы	1487
отдаёт	1486
отвращение	1486
химчистка	1485
схожесть	1485
сиденье	1485
проблематика	1485
заемщики	1485
совещания	1484
решебник	1484
ножка	1484
комод	1484
ребра	1483
расходится	1483
избрание	1483
рентген	1482
нищета	1482
ки	1482
шахта	1481
ассамблеи	1481
сновидение	1480
повязка	1480
канон	1480
сумочка	1479
преодолевает	1479
отпечатки	1479
митинги	1479
корейцы	1479
микро	1478
возмущение	1478
альфа-банк	1478
абсолют	1478
аб	1478
халат	1477
утюг	1476
старшина	1476
олимп	1476
оберегает	1476
напарник	1476
водород	1476
погрузчики	1475
олени	1475
госпитализация	1475
фотоаппараты	1474
различает	1474
лапки	1474
дерьмо	1474
эмоция	1473
расщепление	1473
равнодушие	1473
подсудимый	1473
дис	1473
богатырь	1473
срыв	1472
слоны	1472
плёнка	1472
очарование	1472
финансируется	1471
поводы	1471
липецк	1471
военнослужащий	1471
будильник	1471
сифилис	1470
преподносит	1470
повести	1470
успеваемость	1469
сжимается	1469
рспп	1469
менты	1469
гчп	1469
бродит	1469
сухофрукты	1468
социолог	1468
ориентиры	1468
коллапс	1467
козел	1467
болты	1467
анал	1467
адаптируется	1467
экскурсовод	1466
транзит	1466
течения	1466
разведчик	1466
объёмы	1466
ангина	1466
чистит	1465
фсб	1465
существительное	1465
сопротивляется	1465
бизнес-центр	1465
смещается	1464
разводка	1464
мобилизация	1464
коллектор	1464
вед	1464
трудолюбие	1463
спойлер	1463
празднуется	1463
лор	1463
энергетики	1462
рекламодатель	1462
потомство	1462
маятник	1462
карандаши	1462
караван	1462
дедушки	1462
горизонты	1462
виагра	1462
фейсбук	1461
рубеж	1461
воспитанник	1461
арендодатель	1460
ясень	1459
сенат	1459
ополченцы	1459
луганск	1459
кубики	1459
живописец	1459
догадывается	1459
времяпрепровождение	1459
сидение	1458
нацисты	1458
зубки	1458
акулы	1458
тайга	1457
опалубка	1457
манифест	1457
трудоемкость	1456
ушки	1455
тамада	1455
шампиньоны	1454
превосходство	1454
корица	1454
джип	1454
невролог	1453
конечность	1453
голубь	1453
целует	1452
сближение	1452
разминка	1452
подоконники	1452
ваза	1452
штаб-квартира	1451
хоккеисты	1451
самолёты	1451
печатается	1451
ихъ	1451
истерика	1451
ярмарки	1450
плательщик	1450
обещания	1450
прощает	1448
лосось	1448
возражает	1448
чужды	1447
перестановки	1447
наконечники	1447
десант	1447
сжигает	1446
крейсер	1446
дыры	1446
абсурд	1446
процветание	1445
пришельцы	1445
памятка	1445
норматив	1445
космонавт	1445
вт	1445
экспозиции	1444
стержни	1444
происшествия	1444
лакомство	1444
псориаз	1443
паренек	1443
разборки	1442
проектировщики	1442
подраздел	1442
новороссийск	1442
апельсины	1442
подчинение	1441
токи	1440
теплота	1440
сторож	1440
приводы	1440
обиды	1440
наниматель	1440
аэропорты	1440
доводится	1439
властелин	1439
веревка	1439
энтузиасты	1438
частоты	1438
ротор	1438
форт	1437
фарфор	1437
сперма	1437
птички	1437
обосновывается	1437
адекватность	1437
терминология	1436
сволочь	1436
попугай	1436
отличник	1436
ер	1436
печатает	1435
газопровод	1435
утопия	1434
щеки	1433
приколы	1433
α	1433
неточности	1432
левые	1432
корочка	1432
комиксы	1432
колонии	1432
документооборот	1432
автостоянка	1432
ведьмы	1431
щели	1430
подольск	1430
манипулятор	1430
льется	1430
инстанция	1430
изобретения	1430
всходы	1430
воздержание	1430
автокресла	1430
трактат	1429
смс	1429
рукава	1429
ик	1429
замирает	1429
царствование	1428
перекрытие	1428
британия	1428
рассада	1427
микрон	1427
червь	1426
стилистика	1426
поражается	1426
оживает	1426
одеяло	1426
распознает	1425
рабство	1425
пикап	1425
бмв	1425
автовладельцы	1425
сити	1424
реплика	1424
предсказывает	1424
енисей	1424
бьёт	1424
боб	1424
мочеиспускание	1423
лавка	1423
кошечка	1423
кардинал	1423
дружина	1423
акб	1423
шланги	1422
приветствие	1422
пародия	1422
дезинфекция	1422
сложение	1421
осень-зима	1421
конференц-зал	1421
почерк	1420
просторы	1418
материнство	1418
кинофестиваль	1418
постановки	1417
акула	1417
саранск	1416
иллюзии	1416
вмешивается	1416
югра	1415
парламентарии	1415
гитарист	1415
резидент	1414
плоти	1414
критикует	1414
долголетие	1414
трусики	1413
ребятишки	1413
потоп	1413
моется	1413
авт	1413
срез	1412
пыльца	1412
монархия	1412
кирпичи	1412
джин	1412
шпион	1411
регистрирует	1411
логопед	1411
сбивает	1410
ружье	1410
перемычки	1410
мезотерапия	1410
медик	1410
забава	1410
дистрибутив	1410
промысел	1409
предчувствие	1409
подтяжка	1409
атлант	1409
ёлка	1408
съ	1408
прайс-лист	1408
опель	1408
катализатор	1408
дисциплины	1408
катера	1407
аноним	1407
налогоплательщики	1405
дисфункция	1405
грызуны	1405
варится	1405
экспедиции	1404
татуировка	1404
пехота	1404
витрина	1404
бюджеты	1404
бриллианты	1403
карась	1402
измеряет	1402
егаис	1402
быстродействие	1402
популяция	1401
амулет	1401
теплица	1400
моря	1400
шифрование	1399
хр	1399
пьянство	1399
палаты	1399
освежает	1399
нпо	1399
ярость	1398
росгосстрах	1398
настойки	1398
янтарь	1397
эмоциональность	1397
шипы	1397
погребение	1397
национальность	1397
напряжения	1397
мурманск	1397
везение	1397
соавтор	1396
прямоугольник	1396
правосудие	1396
колумбия	1396
което	1396
перелеты	1395
отъезд	1395
осторожность	1395
клеймо	1395
аттракцион	1395
смородина	1394
педиатры	1394
брянск	1394
уйма	1393
приобщение	1393
милиционер	1393
золушка	1393
заряжает	1393
голоду	1393
вольво	1393
спецификация	1392
презент	1392
мутации	1392
мвф	1392
ксп	1392
гипс	1392
хорватия	1391
фунт	1391
промывка	1391
отчуждение	1391
обновляет	1391
накопитель	1391
дежурный	1391
вскармливание	1391
внедряет	1391
вальс	1391
широта	1390
свинец	1390
пузыри	1390
кровоснабжение	1390
драйверы	1390
чертеж	1389
технологи	1389
пед	1389
лдпр	1389
субсидия	1388
старты	1388
подгузники	1388
пароход	1388
намеревается	1388
подсказки	1387
обезболивающее	1387
мох	1387
гроб	1387
видеосъемка	1387
творения	1386
претерпевает	1386
потепление	1386
осуждает	1386
домохозяйки	1386
яйцеклетка	1385
кп	1385
компот	1385
клон	1385
тапочки	1384
похвала	1384
бедра	1384
звенья	1383
ташкент	1382
петрозаводск	1382
бегство	1382
черенки	1381
фиалки	1381
тренируется	1381
соседство	1381
майки	1381
уносит	1380
ртуть	1380
истощение	1380
бояре	1380
тренирует	1377
схватка	1377
расписка	1377
моет	1377
исчисление	1377
цит	1376
умы	1376
стартер	1376
орет	1375
ограниченность	1375
гравировка	1375
баку	1375
алкоголик	1375
абитуриенты	1375
коридоры	1374
игумена	1374
шрам	1373
стадии	1373
покровитель	1373
паутина	1373
накопители	1373
копирайтинг	1373
вымысел	1373
ца	1372
формулировки	1372
стареет	1372
интриги	1372
избранник	1372
орг	1371
кузнец	1371
динамик	1371
пробуждает	1370
пепел	1370
ост	1370
обсе	1370
вежливость	1370
веет	1370
эрозия	1369
удачи	1369
мигрень	1369
китаец	1369
гвозди	1369
цар	1368
рубец	1368
раунд	1368
помехи	1368
ввоз	1368
приправы	1367
насыщенность	1367
мега	1367
злоба	1367
выгрузка	1367
багажник	1367
арбуз	1367
акад	1367
хвала	1366
формочки	1366
склон	1366
переизбыток	1366
олигарх	1366
носится	1366
могилы	1366
лифтинг	1366
кружка	1366
ветеринар	1366
линза	1365
дегустация	1365
гонконг	1365
тюльпаны	1364
родня	1363
пенополистирол	1363
охотится	1363
ивы	1363
солисты	1362
свету	1362
исток	1362
воробей	1362
бору	1362
1-е	1362
удлинение	1361
отбирает	1361
веб-сайт	1361
флакон	1360
оазис	1360
хаус	1359
сырость	1359
сосиски	1359
разрастается	1359
манеры	1359
майка	1359
канд	1359
извержения	1359
гуляния	1359
умельцы	1358
тащит	1358
качает	1358
инновация	1358
деревни	1357
галереи	1357
шелушение	1356
толчок	1356
ранжирование	1356
похмелье	1356
конденсатор	1356
фасоны	1355
прослушивание	1355
поцелуи	1355
земляк	1355
добродетель	1355
туроператоры	1354
семечки	1354
сахалин	1354
лавки	1354
известность	1354
шос	1353
восприимчивость	1353
эльдорадо	1352
зелье	1352
теорема	1351
рычаг	1351
разворот	1351
проветривание	1351
предсказания	1351
позывы	1351
наставники	1351
катится	1351
капитализация	1351
банкир	1351
пружины	1350
коррозия	1350
коньки	1350
брожение	1350
автомобилист	1350
триз	1349
причинение	1349
аномалия	1349
траты	1348
разумеется	1348
преемственность	1348
гильдия	1348
волос	1348
этикет	1347
факультеты	1347
тревожность	1347
святыня	1347
поменяется	1347
лохотрон	1347
заряжается	1347
согревает	1346
республики	1346
перемирия	1346
законность	1346
десяток	1346
эликсир	1345
четверка	1345
сенсор	1345
предписывает	1345
окрестности	1345
кроватка	1345
квесты	1345
симулятор	1344
познает	1344
надевает	1344
техник	1343
старшеклассники	1343
ритмы	1343
ремесло	1343
минэкономразвития	1343
лояльность	1343
фотогалерея	1342
риф	1342
продаёт	1342
подъезды	1342
губки	1342
вечность	1342
веб	1342
регистр	1341
пчела	1341
пояснения	1341
груп	1341
шепчет	1340
параграф	1339
износостойкость	1339
блядь	1339
шлейф	1338
терпимость	1338
аксиома	1338
наслаждается	1337
упрощается	1336
принты	1336
ниши	1336
крутит	1336
кейс	1336
телеканалы	1335
израильтяне	1335
еэс	1335
гуси	1335
увлекает	1334
пряжа	1334
помощница	1334
квн	1334
шарм	1333
торчит	1333
подрывает	1333
лиственница	1333
консорциум	1333
зачет	1333
возбудители	1333
водит	1333
фейерверк	1332
прерывается	1332
оперирует	1332
нации	1332
жим	1332
гусь	1332
весна-лето	1332
страхователь	1331
спазмы	1331
подп	1331
парнишка	1331
эрекция	1330
шифр	1330
ром	1330
приятели	1330
предъявляется	1330
мишка	1330
закаливание	1330
нумерация	1329
нашествие	1329
старания	1328
отклик	1328
нейроны	1328
инвалидность	1328
забавы	1328
удивляется	1327
нота	1327
накладная	1327
галстук	1327
трос	1326
растяжки	1326
подрядчики	1326
электроснабжение	1325
сбережения	1325
стабилизаторы	1324
невроз	1324
графиня	1324
флешка	1323
фауна	1323
сушит	1323
сервера	1323
практикует	1323
круговорот	1323
пакистан	1322
изм	1322
господствует	1322
бриз	1322
барин	1322
барабаны	1322
ананас	1322
секретариат	1321
расходует	1321
овал	1321
инвест	1321
тролль	1320
токсикоз	1320
сколиоз	1320
пианист	1320
обаяние	1320
довод	1320
блокнот	1320
пигменты	1319
заповеди	1319
флорида	1318
свечение	1318
пиджак	1318
перила	1317
окупаемость	1317
окунь	1317
костер	1317
веранда	1317
переселенцы	1316
лоб	1316
кг	1316
итд	1316
взор	1316
телескоп	1315
болото	1315
рычаги	1314
роскомнадзор	1314
промывание	1314
обозрение	1314
монумент	1314
месяцы	1314
крючок	1314
копирайтер	1314
велит	1314
уклад	1313
трюк	1313
пространства	1313
минимизация	1313
дачи	1313
выбрасывает	1313
прилегает	1312
предатель	1312
посвящает	1312
когти	1312
вакцины	1312
угнетает	1311
прощание	1311
крапива	1311
хождение	1310
интоксикация	1310
жаба	1310
хамство	1309
монарх	1309
марокко	1309
копирует	1309
социализация	1308
симфония	1308
сверстники	1308
парфюмерия	1308
дискриминация	1308
диаграммы	1308
дверца	1308
умывальник	1307
улыбки	1307
соавт	1307
парфюм	1307
затрудняется	1307
выравнивается	1307
угри	1306
поощряет	1306
акценты	1306
полынь	1305
пежо	1305
облучение	1305
наклейка	1305
ливень	1305
фараон	1304
неудобство	1304
лошадка	1304
кз	1304
скамейки	1303
осложняет	1303
онкология	1303
ноу	1303
кучка	1303
зонирование	1303
фасон	1302
селен	1302
разведчики	1302
герметик	1302
беспорядки	1302
отставка	1301
массажер	1301
бомбы	1301
пансионаты	1300
вяжется	1300
претенденты	1299
чебоксары	1298
представительства	1298
политологи	1298
комета	1298
вкладыш	1298
рефлексия	1297
квас	1297
кварц	1297
гайморит	1297
батарейки	1297
трахает	1296
топы	1296
прощение	1296
познания	1296
кара	1296
девка	1296
послы	1295
дворяне	1295
выраженность	1295
рыболовы	1294
руп	1294
молебен	1294
лос-анджелеса	1294
итальянец	1294
уравнения	1293
тагил	1293
забивает	1293
жилет	1293
должности	1293
выдумка	1293
слесарь	1292
пищеварение	1292
передозировка	1292
мифология	1292
металлург	1291
гробу	1291
боди	1291
черти	1290
тибет	1290
рудн	1290
обогреватель	1290
нейтрализует	1290
маркер	1290
выясняет	1290
тэги	1289
табу	1289
строгость	1289
младенцы	1289
гибдд	1289
телеведущий	1288
чаепитие	1287
номинал	1287
выравнивает	1286
варьирует	1286
тонет	1285
стаи	1285
силуэты	1285
демонстрируется	1285
виллы	1285
топ-менеджеры	1284
продемонстрирует	1284
прогрев	1284
преемник	1284
обнимает	1284
акварель	1284
овчарка	1283
антидепрессанты	1283
физ	1282
смесители	1282
окошко	1282
неизвестный	1282
карманы	1282
гранат	1282
хранители	1281
химиотерапия	1281
усн	1281
равноправие	1281
обеды	1281
морозостойкость	1281
драгоценности	1281
боксы	1281
задержание	1280
верования	1280
билирубина	1280
бикини	1280
эскизы	1279
треск	1279
гусеницы	1279
выдвижение	1279
брызги	1279
штампы	1278
уклонение	1278
указы	1278
привносит	1278
горение	1278
совершенствует	1277
словакия	1277
секунда	1277
раковины	1277
переменные	1277
ммк	1277
кладется	1277
детализация	1277
целитель	1276
участковый	1276
переплата	1276
лейкоциты	1276
затишье	1276
завоевывает	1276
усилители	1275
путевка	1275
накапливает	1275
зачатие	1275
биологи	1275
черногория	1274
сужается	1274
рукописи	1274
оратор	1274
косточки	1274
упц	1273
уведомляет	1273
песенка	1273
пастух	1273
увлажнитель	1272
приближает	1272
керамогранит	1272
державы	1272
освещается	1271
опека	1271
вранье	1271
моряк	1270
странник	1269
организуется	1269
катаклизмы	1269
заговор	1269
электроны	1268
рейки	1268
провалы	1268
клоуны	1268
гипертензия	1268
бюрократия	1268
аллергены	1268
эльбрус	1267
шпаклевка	1267
торжества	1267
очиститель	1267
отпугивает	1267
скука	1266
красуется	1266
короб	1266
инвестирует	1266
задвижки	1266
воюет	1266
буржуазия	1266
блокирование	1266
аборт	1266
чутье	1265
припев	1265
переправа	1265
ока	1265
декорирование	1265
валяется	1265
полотенце	1264
тигры	1263
подчёркивает	1263
одобряет	1263
новокузнецк	1263
надбавка	1263
женственность	1263
бутики	1263
признаётся	1262
жкх	1262
трамваи	1261
атакует	1261
экспансия	1260
тонировка	1260
консерванты	1260
килограммы	1260
гостья	1260
олицетворение	1259
гонит	1259
синоптики	1258
оливье	1258
менструация	1258
княжество	1258
генезис	1258
выходец	1258
арбат	1258
бедствия	1257
инсталляция	1256
высадка	1256
воскресение	1256
модницы	1255
жрец	1255
губа	1255
болота	1255
стирает	1254
нева	1254
гуманизм	1254
взаимосвязи	1254
султан	1253
интернет-портал	1253
шишка	1252
траектория	1252
сигарета	1252
подкладка	1252
перерастает	1252
дядька	1252
высказывается	1252
вороны	1252
возражения	1252
взлет	1252
царицыно	1251
подкрепление	1251
драки	1251
аутизм	1251
спк	1250
обогреватели	1250
меморандум	1250
зори	1250
тётя	1249
трюки	1249
резервуар	1249
пе	1249
паразит	1249
одобрение	1249
массажист	1249
тг	1248
тампоны	1248
староста	1248
обогащает	1248
мамаша	1248
сомали	1247
выживаемость	1247
экстремизм	1246
шут	1246
сгорает	1246
отключает	1246
капельки	1246
заключения	1246
заклинания	1246
термостат	1245
дыни	1245
достаток	1245
выскакивает	1245
брошюра	1245
компенсации	1244
зеленоград	1244
дворянство	1244
вражда	1244
чувственность	1243
талисманы	1243
противоположность	1243
припухлость	1243
полиграфия	1243
победительница	1243
мытищи	1243
кадеты	1243
акционер	1243
расшифровывается	1242
бавария	1242
щиток	1241
таксисты	1241
стеклопакет	1241
разгоняется	1241
оснастка	1241
майкрософт	1241
ландшафты	1241
гаражи	1241
экипировка	1240
реализм	1240
поры	1240
волейбол	1240
автореферат	1240
стандартизация	1239
министерства	1239
комбинезон	1239
клевета	1239
братец	1239
физиотерапия	1238
проигрыватель	1238
пиздец	1238
навес	1238
деформации	1238
визиты	1238
блохи	1238
эмираты	1237
мультиварка	1237
концентрируется	1237
заявители	1237
рнк	1236
подложка	1236
глядит	1236
вита	1236
венесуэла	1236
утилиты	1235
новое	1235
уроды	1234
сперматозоиды	1234
переоценка	1234
орион	1234
неприязнь	1234
кривые	1234
директива	1234
цепляет	1233
туркменистан	1233
твиттер	1233
скорбь	1233
родство	1233
кромка	1233
зеландия	1232
чуткость	1231
фоторепортаж	1231
предопределяет	1231
подвиги	1231
либерализм	1231
девы	1231
яга	1230
соборы	1230
разгром	1230
патруль	1230
овес	1230
наледи	1230
налаживание	1230
ламинирование	1230
зверобой	1230
адлер	1230
язычники	1229
лапша	1229
кону	1229
ушиб	1228
слоги	1228
раввин	1228
приглашения	1228
предводитель	1228
ка	1228
тсж	1227
имение	1227
губерния	1227
варикоз	1227
сказания	1226
рода	1226
матросы	1226
казахи	1226
изгиб	1226
военный	1226
бедствие	1226
пьесы	1225
произношение	1225
ммм	1225
трансформаторы	1224
спортсменки	1224
склоняется	1224
прилив	1224
прадед	1224
окупается	1224
умысел	1223
составители	1223
опилки	1223
маркетолог	1223
зависает	1223
авторство	1223
стерилизация	1222
соя	1222
разложение	1222
приемная	1222
подвергает	1222
воевода	1222
тайвань	1221
предания	1221
перерывы	1221
одеяла	1221
реструктуризация	1220
ревизия	1220
развертывание	1220
нафтогаз	1220
нападки	1220
гавань	1220
арбитраж	1220
фитинги	1219
разводки	1219
окончания	1219
кооперация	1219
второе	1219
разглаживает	1218
придание	1218
ом	1218
бандит	1218
ажиотаж	1218
экспонат	1217
тематик	1217
сан	1217
предостережение	1217
полимеры	1217
озон	1217
обереги	1217
союзник	1216
пг	1216
орда	1216
крушение	1216
колодцы	1216
иконка	1216
елочка	1216
ядра	1215
фотовыставка	1215
тако	1215
саженец	1215
опускает	1215
ковка	1215
финансирует	1214
существительные	1214
перемещения	1214
монтажники	1214
фольга	1213
унижение	1213
совладелец	1213
наст	1213
катается	1213
измайлово	1213
замерзает	1213
заживление	1213
дворик	1213
автопарк	1213
приливы	1212
негр	1212
мусульманин	1212
злаки	1212
задаёт	1212
соприкасается	1211
сдаётся	1211
наместник	1211
миксер	1211
волнуется	1211
рольставни	1210
забывается	1210
кабан	1209
запеканка	1209
байконур	1209
пресс-релиз	1208
колье	1208
феномены	1207
разбойники	1207
возлагает	1207
усваивает	1206
сближает	1206
перегрев	1206
огайо	1206
лоток	1206
клевер	1206
жемчужины	1206
гордыня	1206
бригадир	1206
сбрасывает	1205
переключается	1205
заем	1205
торцы	1204
субстрат	1204
забастовка	1204
доведение	1204
дизайны	1204
вычисление	1204
вселяет	1204
фрегат	1203
столбики	1203
скромность	1203
корма	1203
гибриды	1203
созревает	1202
отсылает	1202
ничья	1202
меридиан	1202
гранаты	1202
генпрокуратура	1202
гвоздика	1202
гаснет	1202
чакра	1201
саморезы	1201
ода	1201
нарастание	1201
ломбард	1201
эл	1200
теща	1200
закупает	1200
труппа	1199
пятерка	1199
лосьоны	1199
автовладелец	1199
электорат	1198
чайки	1198
спартакиада	1198
гиды	1198
сириус	1197
колокола	1197
видеосъемки	1197
бабуля	1197
цеха	1196
фортепиано	1196
остывает	1196
жопа	1196
боты	1196
баллон	1196
аванс	1196
чеки	1195
улочки	1195
типология	1194
теннис	1194
расширения	1194
орёл	1194
недоумение	1194
линейки	1194
искажает	1194
звездочка	1194
бизнес-тренер	1194
бармен	1194
противопоставление	1193
производства	1193
мираж	1193
корректирует	1193
дружок	1193
госсекретарь	1193
комбинезоны	1192
госпиталь	1192
затруднение	1191
валы	1191
аст	1191
шкатулка	1190
просвет	1190
медвежонок	1190
зк	1190
экзема	1189
шлюха	1189
детка	1189
гипермаркет	1189
великолепие	1189
боинг	1189
чехи	1188
свист	1188
оскорбления	1188
выстраивает	1188
бъдат	1188
безразличие	1188
рассказчик	1187
зарождается	1187
дуги	1187
автопроизводитель	1187
плазма	1186
отметки	1186
бра	1186
благородство	1186
цыгане	1185
пьёт	1185
кубки	1185
чешется	1184
цирроз	1184
симпатия	1184
мультимедиа	1184
катар	1184
изящество	1184
зил	1184
альпинисты	1184
технолог	1183
сталкер	1183
смягчение	1183
отстаивает	1183
навязывает	1183
комментатор	1183
бампер	1183
абс	1183
чеченцы	1182
сценаристы	1182
протягивает	1182
зарождение	1182
дипломатия	1182
сновидения	1181
расставание	1181
перекликается	1181
палки	1181
мел	1181
композиторы	1181
инжиниринг	1181
инвестиция	1181
бумажка	1181
пауки	1180
огорчает	1180
миллионер	1180
мариуполь	1180
экзотика	1179
минобразования	1179
коронка	1179
брюссель	1179
автовокзал	1179
капюшон	1178
ультра	1177
теоретик	1177
раздает	1177
псих	1177
прикус	1177
корреляция	1177
горелка	1177
выкладывается	1177
ворс	1177
атырау	1177
поклонение	1176
нарезка	1176
кайф	1176
исх	1176
закладывает	1176
греется	1176
спазм	1175
пикник	1175
грядет	1174
бита	1174
японец	1173
слюна	1173
господство	1173
варшава	1173
хитрости	1172
рывок	1172
радар	1172
просится	1172
охлаждается	1172
излагается	1172
винкс	1172
великан	1172
фьючерсы	1171
смеётся	1171
влечёт	1171
бакалавр	1171
дрожит	1170
гномы	1170
аккаунты	1170
сарафан	1169
мимика	1169
заросли	1169
арк	1169
порядочность	1168
переподготовка	1168
заверение	1168
дилемма	1168
видеозаписи	1168
тора	1167
садик	1167
муниципалитеты	1167
перцы	1166
памперсы	1166
изготовители	1166
филолог	1165
тротуары	1165
рн	1165
линк	1165
лепка	1165
кулинария	1165
уязвимость	1164
распорядок	1164
нрав	1164
корректируется	1164
динозавры	1164
диалектика	1164
арктика	1164
ампир	1164
актуализация	1164
шизофрения	1163
зайцы	1163
вариация	1163
таится	1162
риэлтор	1162
регуляция	1162
обама	1162
нацбанк	1162
грузины	1162
щелчок	1161
корректность	1161
колебание	1161
кеды	1161
дп	1161
диверсификация	1161
афон	1161
яички	1160
слепой	1160
легализация	1160
клопы	1160
кист	1160
эйфория	1159
цинизм	1159
проводы	1159
оборотень	1159
кисточки	1159
задевает	1159
жкт	1159
евроремонт	1159
баран	1159
соловей	1158
полипы	1158
обхват	1158
лимиты	1158
больная	1158
сип	1157
водонагреватель	1157
юань	1156
шиномонтаж	1156
сердечки	1156
пуговицы	1156
племянница	1156
паровоз	1156
луковица	1156
командировка	1156
горчица	1156
эргономика	1155
ультразвук	1155
накладка	1155
провайдеры	1154
корректор	1154
кд	1154
исполнительница	1154
заложенность	1154
бросок	1154
шофер	1153
трапеза	1153
стояк	1153
сертификаты	1153
проповедник	1153
наводнение	1153
акцентирует	1153
пластилин	1152
комикс	1152
эритроциты	1151
успокаивается	1151
сток	1151
склероз	1151
признаёт	1151
рецензии	1150
отголоски	1150
мыслители	1150
вега	1150
перепись	1149
озноб	1149
ноготь	1149
купола	1149
ингибиторы	1149
гипотезы	1149
старший	1148
слог	1148
конденсаторы	1148
аиф	1148
сковорода	1147
регулярность	1147
нтв	1147
изба	1147
завоевание	1147
эпилепсия	1146
стимулы	1146
соты	1146
скептики	1146
сирень	1146
рукав	1146
пролегает	1146
александр	1146
щель	1145
снайпер	1145
репортер	1145
привилегии	1145
оптимизирует	1145
обезвоживание	1145
зрелость	1145
диафрагма	1145
джаред	1145
хостел	1144
пирожные	1144
лотки	1144
ленточки	1144
домовой	1144
джентльмен	1144
дворник	1144
сапожки	1143
резонанс	1143
псы	1143
прога	1143
зак	1143
девелопмент	1143
упаковки	1142
пробивает	1142
лягушки	1142
сучка	1141
округа	1141
ладонь	1141
единомышленники	1141
бородавки	1141
стамбул	1140
сирота	1140
симбиоз	1140
героини	1140
вкс	1140
ако	1140
циркулирует	1139
сокольники	1139
продлевается	1139
плохи	1139
обостряется	1139
аллеи	1139
автономность	1139
проистекает	1138
молва	1138
клумбы	1138
зрачки	1138
выживает	1138
строчки	1137
спс	1137
рпцз	1137
росток	1137
похищение	1137
дотягивает	1137
выручает	1137
формулирует	1136
телеграмма	1136
пятигорск	1136
окружность	1136
драко	1136
гонщики	1136
впп	1136
вест	1136
почка	1135
откр	1135
наконечник	1135
коуч	1135
кинотеатры	1135
донор	1135
выходные	1135
циклон	1134
сро	1134
расы	1134
распоряжается	1134
колхоз	1134
шторки	1133
саморазвитие	1133
росписи	1133
позаботится	1133
мор	1133
арх	1133
теплоход	1132
рой	1132
правка	1132
надевается	1132
воронка	1132
созвездие	1131
лучик	1131
ижс	1131
выстраивание	1131
цепляется	1130
свалка	1130
урегулирование	1129
скриншоты	1129
компоновка	1129
катастрофы	1129
дан	1129
би	1129
чины	1128
ударение	1128
ладони	1128
шкура	1127
уединение	1127
тегеран	1127
судит	1127
святость	1127
пропитка	1127
минимизирует	1127
конвейер	1127
колобок	1127
квартет	1127
зародыш	1127
вздыхает	1127
астероид	1127
регенерация	1126
просьбы	1126
подорожание	1126
монголы	1126
дубна	1126
аппликация	1126
егрп	1125
бегун	1125
бан	1125
гомера	1124
баг	1124
уик	1123
правозащитник	1123
выдох	1123
энергосбережение	1122
рвет	1122
купальник	1122
классики	1122
заключенный	1122
вос	1122
археология	1122
амнистия	1122
троллейбусы	1121
транснефть	1121
слабы	1121
консенсус	1121
выписки	1121
атрофия	1121
товарооборот	1120
сочувствие	1120
ремесленники	1120
плато	1120
малый	1120
кишка	1120
холода	1119
углерод	1119
теоретики	1119
сказание	1119
отрыв	1119
зайчик	1119
устремляется	1118
северсталь	1118
реплики	1118
прерогатива	1118
посадки	1118
ванночки	1118
трейдинг	1117
стража	1117
невежество	1117
комендант	1117
дочери	1117
деньки	1117
дельфины	1117
със	1116
старичок	1116
старина	1116
рояль	1116
птенцы	1116
лопасти	1116
челка	1115
срывается	1115
отсек	1115
наклоны	1115
катаракта	1115
уставы	1114
соотношения	1114
рубрики	1114
прилагательное	1114
мучается	1114
маршрутизатор	1114
импонирует	1114
зимы	1114
двойник	1114
госпошлина	1114
поэтесса	1113
новообразование	1113
краснеет	1113
занавес	1113
демонстрации	1113
горшок	1113
авторизация	1113
сбу	1112
пыли	1112
панкреатит	1112
наращивает	1112
героизм	1112
вши	1112
вопли	1112
стек	1111
гаи	1111
пулково	1110
нажимает	1110
криминал	1110
восхищает	1110
эндометриоз	1109
мужи	1109
выздоровление	1109
подвал	1108
объективность	1108
девки	1108
этнос	1107
шутер	1107
математики	1107
гад	1107
хореография	1106
парикмахерская	1106
вырубка	1106
матрос	1105
кронштейн	1105
коммунальщики	1105
возмущается	1105
внедорожники	1105
шубы	1104
холст	1104
умножение	1104
микроавтобус	1104
механики	1104
клюква	1104
желатин	1104
балтика	1104
цоколь	1103
управляющие	1103
скучает	1103
порядки	1103
логос	1103
зебра	1103
финиш	1102
прообраз	1102
повреждает	1102
плавники	1102
отстой	1102
оскорбляет	1102
наполнители	1102
лопата	1102
дефиле	1102
аритмия	1102
резервирование	1101
педаль	1101
наказывает	1101
медсестры	1101
градоначальник	1101
академики	1101
фартук	1100
смотр	1100
позвонки	1100
огоньки	1100
маяки	1100
домохозяйка	1100
гл	1100
язычество	1099
романтик	1099
правые	1099
постижение	1099
константы	1099
засчитывается	1099
запрашивает	1099
аргументация	1099
антифриз	1099
эфиры	1098
штанга	1098
уводит	1098
помпа	1098
мчится	1098
фсфр	1097
терпится	1097
ожог	1097
наплыв	1097
кумир	1097
кортеж	1097
дырка	1097
шайба	1096
трейд	1096
ринит	1096
потоотделение	1096
овладевает	1096
блондин	1096
артефакт	1096
целители	1095
урод	1095
предлог	1095
биолог	1095
экстрасенсы	1094
растяжка	1094
пират	1094
нарушитель	1094
возлюбленные	1094
батарейка	1094
фриланс	1093
слет	1093
самолечение	1093
ругается	1093
яичники	1092
прикрывает	1092
миома	1092
дозор	1092
входы	1092
артроз	1092
штурман	1091
пирсинг	1091
консультирует	1091
геленджик	1091
прилагает	1090
пальчики	1090
мячи	1090
интонация	1090
дружище	1090
группировки	1090
байка	1090
разводится	1089
лебедь	1089
исчерпывается	1089
гвоздь	1089
бережет	1089
пак	1088
обыватель	1088
мкб	1088
зонты	1088
детективы	1088
флагман	1087
резервуары	1087
козырь	1087
заезды	1087
якорь	1086
чемодан	1086
машет	1086
ликвидность	1086
крепостные	1086
замыкание	1086
гадость	1086
аресты	1086
американка	1086
удовлетворенность	1085
прикладывается	1085
повтор	1085
новостройка	1085
астроном	1085
арм	1085
чикаго	1084
снабжает	1084
сезоны	1084
просрочка	1084
небеса	1084
контактирует	1084
естественность	1084
упадок	1083
телеграф	1083
ривьера	1083
рассол	1083
коми	1083
гном	1083
смешивание	1082
серфинг	1082
настоящее	1082
импланты	1082
избавляется	1082
герметизация	1082
воспроизводится	1082
согласовывается	1081
просмотры	1081
присуждается	1081
нонсенс	1081
м1	1081
колыбель	1081
археолог	1081
презрение	1080
овсянка	1080
доченька	1080
вебинары	1080
сражается	1079
катушки	1079
индивидуалка	1079
волшебники	1079
виски	1079
векторы	1079
чечня	1078
цистит	1078
фазы	1078
текучесть	1078
пролет	1078
липосакция	1078
кнопочки	1078
эстетичность	1077
фига	1077
ручьи	1077
подпункт	1077
несправедливость	1077
модельеры	1077
кружева	1077
киловатт	1077
глисты	1077
вытягивает	1077
бомбардировщик	1077
розница	1076
мина	1076
маркиз	1076
вырисовывается	1076
шагает	1075
хоз	1075
сударь	1075
росс	1075
ладу	1075
землетрясения	1075
гольф	1075
вертится	1075
афоризмы	1075
утварь	1074
угон	1074
тиражи	1074
террорист	1074
расчёты	1074
пронизывает	1074
нац	1074
монолог	1074
лимфоузлы	1074
красавчик	1074
коллекционер	1074
гении	1074
электрооборудование	1073
цитадель	1073
стремления	1073
перечни	1073
несовершенство	1073
монолит	1073
вертикаль	1073
апробация	1073
финансисты	1072
утеплители	1072
стрельцы	1072
прилагательные	1072
маргарин	1072
казна	1072
высвобождение	1072
возбудимость	1072
эдгар	1071
умудряется	1071
суки	1071
растворители	1071
пробелы	1071
привлекается	1071
шрамы	1070
преображается	1070
платок	1070
парикмахерские	1070
мемуары	1070
малайзия	1070
кураторы	1070
агат	1070
поплавок	1069
зажигание	1069
геолог	1069
уплачивается	1068
рентгенография	1068
разрывается	1068
осознаёт	1068
особь	1068
мечи	1068
ловкость	1068
выживание	1068
ворует	1068
ботокс	1068
шнуры	1067
сладость	1067
сегменты	1067
пастырь	1067
муфта	1067
лавры	1067
балерина	1067
чаду	1066
соратник	1066
слеза	1066
сага	1066
резиденты	1066
приемка	1066
паблик	1066
нацеленность	1065
инциденты	1065
жуки	1065
граната	1065
герань	1065
воплощается	1065
бд	1065
абсцесс	1065
сжимает	1064
микрофлора	1064
лёгкость	1064
зверек	1064
спикеры	1063
разводит	1063
разбойник	1063
од	1063
обстрелы	1063
магистратура	1063
крапивница	1063
коломна	1063
голландцы	1063
витраж	1063
асимметрия	1063
ансамбли	1063
автономия	1063
струны	1062
пионеры	1062
опрыскивание	1062
обл	1062
сербы	1061
пытки	1061
наследование	1061
лом	1061
комн	1061
диетолог	1061
виновные	1061
астролог	1061
эротика	1060
фотоальбом	1060
тележки	1060
сосредоточение	1060
святыни	1060
пылу	1060
пледы	1060
пипец	1060
нг	1060
миг	1060
копейка	1060
вырывается	1060
архангел	1060
амстердам	1060
яблони	1059
разрастание	1059
повреждается	1059
окрашивается	1059
вычисления	1059
экскаваторы	1058
ржавчина	1058
натяжение	1058
кончает	1058
гарнир	1058
і	1057
челюсти	1057
марксизм	1057
круизы	1057
бездна	1057
шляпка	1056
хронология	1056
сужает	1056
радиация	1056
подтяжки	1056
палач	1056
оканчивается	1056
мессия	1056
параллели	1055
колечко	1055
инициирует	1055
засуха	1055
везёт	1055
аптечка	1055
хвосты	1054
спиртное	1054
солистка	1054
разъём	1054
предатели	1054
исправляет	1054
хрусталь	1053
полости	1053
поддаётся	1053
дешевизна	1053
глупости	1053
вычеты	1053
атр	1053
ружья	1052
потуги	1052
количества	1052
дельты	1052
дарение	1052
геи	1052
ангар	1052
аккорд	1052
фургон	1051
кличка	1051
хромает	1050
пюре	1050
папаша	1050
особняки	1050
каре	1050
викторина	1050
эмиграция	1049
штучки	1049
флирт	1049
рутина	1049
орбита	1049
литератор	1049
кактус	1049
уничтожается	1048
теракт	1048
перестрелки	1048
обоняние	1048
коммерция	1048
кидает	1048
вкладывается	1048
пломбы	1047
мечети	1047
инфицирование	1047
хакер	1046
пики	1046
откат	1046
заменители	1046
щипцы	1045
утешение	1045
полемика	1045
островки	1045
обжалование	1045
люд	1045
кроху	1045
ет	1045
возрождается	1045
воз	1045
фонарик	1044
трест	1044
прозаик	1044
помещает	1044
армии	1044
шарфы	1043
стон	1043
свяжется	1043
могущество	1043
иуда	1043
тропинка	1042
тембр	1042
росстат	1042
занавески	1042
араб	1042
убежденность	1041
сплетни	1041
прислушивается	1041
офлайн	1041
крохи	1041
воротник	1041
таганрог	1040
стоны	1040
сверление	1040
любимый	1040
геология	1040
перегрузка	1039
одиссея	1039
мультики	1039
духовка	1039
дверцы	1039
выкладывает	1039
владимир	1039
ибс	1038
нитка	1037
колдуны	1037
козы	1037
имплантаты	1037
директивы	1037
арахис	1037
разрывает	1036
прополис	1036
обыск	1036
колос	1036
канат	1036
алкоголики	1036
рельсы	1035
пп	1035
плантации	1035
комедии	1035
боулинг	1035
казачество	1034
инициаторы	1034
выпуски	1034
веды	1034
расцветает	1033
начала	1033
лекарь	1033
кисель	1033
дизайн-проект	1033
удвоение	1032
романс	1032
проклятье	1032
побуждение	1032
лэндинг	1032
купальники	1032
комоды	1032
замыкается	1032
энергетик	1031
теплоноситель	1031
сфинкс	1031
нпк	1031
минобороны	1031
лещ	1031
жасмин	1031
дорожает	1031
агенство	1031
уд	1030
трескается	1030
тазу	1030
сущности	1030
откровения	1030
ограничитель	1030
ведает	1030
асв	1030
ароматизаторы	1030
антропология	1030
сход	1029
переезды	1029
истины	1029
владелица	1029
бульдозер	1029
рубероид	1028
расценивается	1028
колит	1028
кастрюля	1028
гарнизон	1028
выигрыши	1028
библиотекари	1028
собачки	1027
румянец	1027
революционеры	1027
прикосновения	1027
привилегия	1027
доказывается	1027
витает	1027
ателье	1027
шереметьево	1026
фск	1026
серп	1026
резистор	1026
разбивает	1026
прайм	1026
брошюры	1026
хэтчбек	1025
спецодежда	1025
вице-спикер	1025
виджет	1025
ватикан	1025
бархат	1025
универ	1024
тель-авив	1024
гладь	1024
такъ	1023
станица	1023
предок	1023
некомпетентность	1023
импровизация	1023
спас	1022
распоряжения	1022
попка	1022
наценка	1022
застывает	1022
гармонирует	1022
ветра	1022
спасатель	1021
сакура	1021
поручик	1021
подкупает	1021
пентагон	1021
опекун	1021
ловится	1021
воспроизводство	1021
арифметика	1021
хвалит	1020
титаник	1020
выбрасывается	1020
устремления	1019
рекорды	1019
переключатели	1019
оон	1019
обелиск	1019
голливуд	1019
генерал-полковник	1019
веки	1019
этюды	1018
татнефть	1018
оглавление	1018
му	1018
маршрутка	1018
изнашивается	1018
воняет	1018
бури	1018
этажность	1017
чипы	1017
поговорки	1017
музей-заповедник	1017
люк	1017
летописец	1017
искажения	1017
издевательство	1017
дремлет	1017
влюбленность	1017
веяния	1017
армирование	1017
остеопороз	1016
реагирование	1015
правдивость	1015
львица	1015
геологи	1015
уралсиб	1014
троллейбус	1014
слоты	1014
рукоделие	1014
руда	1014
косы	1014
допрос	1014
дольщики	1014
школьница	1013
покоряет	1013
плодородие	1013
неудобства	1013
магнитогорск	1013
ливерпуль	1013
3-ндфл	1013
фотка	1012
толчки	1012
телекомпания	1012
родственница	1012
негры	1012
ересь	1012
совпадения	1011
пальма	1011
отчим	1011
ия	1011
воспитывается	1011
халаты	1010
пересчет	1010
обслуживается	1010
монголия	1010
ледники	1010
куколки	1010
кладовая	1010
инет	1010
иго	1010
водонагреватели	1010
череповец	1009
сера	1009
майнкрафт	1009
йорк	1009
идеологи	1009
губит	1009
болгары	1009
хоста	1008
спадает	1008
ранение	1008
кивает	1008
каско	1008
диктатор	1008
бомбардировщики	1008
сидения	1007
рсдрп	1007
проставляется	1007
пилатес	1007
колокольчики	1007
разнится	1006
приписывается	1006
прапорщик	1006
кафель	1006
извержение	1006
знаменует	1006
озвучка	1005
лилии	1005
этажи	1004
собр	1004
ледник	1004
исповедует	1004
допущение	1004
британец	1004
апгрейд	1004
сирена	1003
россельхозбанк	1003
пропорция	1003
промокод	1003
приезжие	1003
лисица	1003
лебеди	1003
клюв	1003
заглядывает	1003
завеса	1003
грабеж	1003
электропроводка	1002
сапфир	1002
письменность	1002
мандарины	1002
газпромбанк	1002
ария	1002
соку	1001
псалом	1001
прачечная	1001
поясница	1001
подводка	1001
отпечаток	1001
шелест	1000
скрип	1000
скатывается	1000
сволочи	1000
прицеп	1000
правительства	1000
данность	1000
выпивает	1000
барышни	1000
фпс	999
тушение	999
постер	999
туча	998
рев	998
похолодание	998
орхидея	998
млм	998
доработки	998
воссоздание	998
возлюбленная	998
хулиганство	997
трактует	997
паром	997
попки	996
натюрморт	996
квота	996
арбитр	996
пристрастия	995
правки	995
ласка	995
зовется	995
тиран	994
происходящее	994
производное	994
подлинность	994
лтд	994
кобель	994
тягач	993
прецеденты	993
переходник	993
оса	993
оптимист	993
ограда	993
муза	993
клиентка	993
аспирантура	993
фо	992
сз	992
сарай	992
плов	992
обладание	992
колода	992
алтарь	992
частичка	991
солома	991
северо-запад	991
подозреваемые	991
парит	991
оговорка	991
обрыв	991
танго	990
сравнивается	990
спецы	990
состязание	990
прах	990
покалывание	990
подстраивается	990
индусы	990
библиография	990
аэробика	990
атеизм	990
тире	989
промежуток	989
полсотни	989
одностраничник	989
дробь	989
этикетка	988
щи	988
фотообои	988
тоник	988
старое	988
надрез	988
ископаемые	988
попугаи	987
мидии	987
колокольчик	987
бутик	987
беседует	987
старожилы	986
спальни	986
сантехник	986
притяжение	986
сноуборд	985
риэлторы	985
пляски	985
отправитель	985
диапазоны	985
архиерей	985
фейерверки	984
сводка	984
резюмирует	984
откликается	984
грабители	984
антиоксидант	984
пулемет	983
капсула	983
аудиторы	983
агитация	983
шериф	982
чашки	982
примеч	982
отход	982
омон	982
нагревает	982
лоза	982
лимузин	982
коллизии	982
гребень	982
бабки	982
цру	981
ссадины	981
силикон	981
постулат	981
диоксид	981
гонения	981
аист	981
хреново	980
сенаторы	980
рюкзаки	980
поется	980
изменчивость	980
эпопея	979
слушается	979
сетует	979
конек	979
желчь	979
грунт	979
вышка	979
сценки	978
одежды	978
мульт	978
копье	978
выписывает	978
выдержки	978
лингвистика	977
крышки	977
жигули	977
духовник	977
вытесняет	977
вставляет	977
блоггеры	977
90-е	977
удалит	976
творцы	976
панда	976
оценщик	976
наказывается	976
злодеи	976
дунай	976
волшебница	976
тоннель	975
поршень	975
поместье	975
осматривает	975
конус	975
зав	975
телосложение	974
радиостанции	974
лог	974
избранники	974
дяди	974
бомж	974
алмазы	974
угодья	973
угасает	973
токио	973
тиснение	973
сид	973
пролетариат	973
кремний	973
галочки	973
взрывается	973
админы	973
яблоня	972
рознь	972
поролон	972
локализуется	972
колёса	972
земляника	972
зампредседателя	972
долгу	972
цик	971
стабилизирует	971
спецпредложения	971
подворье	971
листики	971
дрянь	971
диоды	971
газу	971
вещает	971
вавилон	971
бизнес-процессы	971
астрономия	971
хлорид	970
клюет	970
вылезает	970
умник	969
стонет	969
соискатели	969
проф	969
оправдывается	969
квоты	969
дефолт	969
тропы	968
пресечение	968
лира	968
коммуна	968
кнр	968
ключик	968
испытуемые	968
взвешивание	968
вахта	968
бельё	968
фонарики	967
угощение	967
скопления	967
нур	967
декупаж	967
апостиль	967
экспоцентр	966
хореограф	966
треки	966
поместится	966
мюзикл	966
грек	966
всадники	966
восклицает	966
улетает	965
психоанализ	965
приправа	965
набросок	965
мастика	965
климакс	965
декоративность	965
всасывание	965
морковка	964
кола	964
заболевает	964
варяг	964
ракушки	963
пикет	963
кофты	963
классифицируется	963
дробилка	963
аппликации	963
царствие	962
русло	962
прорабатывается	962
мальта	962
захоронения	962
дворянин	962
брусья	962
труженики	961
одинцово	961
лежаки	961
актрисы	961
трус	960
транзистор	960
телекоммуникации	960
снежинка	960
пиелонефрит	960
переливание	960
девчата	960
головоломка	960
визажист	960
чета	959
старцы	959
евровидение	959
тонна	958
сч	958
снейп	958
норовит	958
неудачник	958
корты	958
избиратель	958
динамики	958
базис	958
тревоги	957
сравнения	957
сарказм	957
почитатели	957
возводит	957
экс-глава	956
прыщики	956
погрешности	956
отклоняется	956
несется	956
интервалы	956
досье	956
вопль	956
переутомление	955
пазлы	955
обыватели	955
лазеры	955
дайджест	955
вич	955
резекция	954
пряники	954
невесты	954
маневр	954
лит	954
крестьянство	954
дуэль	954
поликлиники	953
орхидеи	953
лавина	953
ветеринары	953
бегу	953
уныние	952
стразы	952
соседствует	952
пресс-релизы	952
похоть	952
посылки	952
перевал	952
ов	952
мандарин	952
балашиха	952
скорлупа	951
серпухов	951
плотина	951
отрабатывает	951
атеисты	951
резцы	950
подкормки	950
поделка	950
мр	950
картридж	950
зола	950
геймеры	950
травка	949
сутки	949
скс	949
рябина	949
разваливается	949
дв	949
хмель	948
таможенники	948
обстрел	948
ежик	948
баллоны	948
амулеты	948
персы	947
нефрит	947
красит	947
загвоздка	947
атлетика	947
элиты	946
опг	946
новации	946
джентльмены	946
волонтёры	946
артель	946
уборщица	945
песнопения	945
нод	945
мостики	945
киоски	945
капитаны	945
каменка	945
вручает	945
беременные	945
чествование	944
приказывает	944
овца	944
заземление	944
евпатория	944
бисквит	944
адресат	944
равнина	943
предстоятель	943
личинка	943
краевед	943
контролер	943
изобретатели	943
десятка	943
видеокурс	943
словения	942
путник	942
оценивание	942
озарение	942
одкб	942
делегации	942
ввс	942
бессмертие	942
автокран	942
хруст	941
укол	941
скотина	941
порождение	941
организованность	941
колени	941
имт	941
зонт	941
бойлер	941
сопли	940
русалка	940
конверт	940
вкладчики	940
виток	940
венчание	940
утомление	939
рожь	939
протеины	939
основоположник	939
осаго	939
нова	939
консерватизм	939
изысканность	939
зачистка	939
высылается	939
взаимодействия	939
абрикосы	939
ротация	938
долины	938
гостеприимство	938
хвоя	937
ттг	937
привозит	937
предостережения	937
мины	937
заверяется	937
деликатес	937
блузка	937
экстрим	936
садовод	936
репетиция	936
обществознание	936
лицемерие	936
истребление	936
скобы	935
свитера	935
рао	935
кр	935
извлекает	935
ведро	935
a.	935
сухожилия	934
разруха	934
маки	934
корка	934
аборигены	934
ребятки	933
повстанцы	933
лобби	933
кц	933
дочки	933
съёмка	932
слепота	932
обрывается	932
кардиолог	932
евросеть	932
нервозность	931
ксерокопия	931
корзины	931
блогер	931
азота	931
стоматит	930
расслоение	930
поклон	930
курильщики	930
дпо	930
девицы	930
гудит	930
вики	930
хлам	929
угли	929
пробуждается	929
налаживается	929
лопатки	929
вместительность	929
бухгалтеры	929
приписывает	928
переохлаждение	928
микросхема	928
мачеха	928
конверты	928
гниет	928
глянец	928
българия	928
улитка	927
перенапряжение	927
мишки	927
лп	927
кожура	927
карамель	927
казус	927
десна	927
продавщица	926
призёр	926
негодяй	926
киргизия	926
антисептик	926
хризантемы	925
талмуд	925
рубка	925
психоз	925
оппозиционеры	925
нотариусы	925
неустойчивость	925
кондиционирование	925
банкоматы	925
чешуйки	924
плутон	924
мутация	924
квадраты	924
застолье	924
бастион	924
щедрость	923
служитель	923
верующий	923
стоянки	922
ополчение	922
люберцы	922
капризы	922
эпос	921
коллаген	921
качается	921
избирает	921
аннотации	921
фрс	920
теракты	920
сеянцы	920
расстраивает	920
отождествление	920
кандидоз	920
издательства	920
игнатия	920
губернаторы	920
глушитель	920
чудовища	919
черника	919
франчайзинг	919
тэц	919
трактора	919
топ-менеджер	919
смыслы	919
самоконтроль	919
переименование	919
передатчик	919
мельник	919
гал	919
цветёт	918
провозглашает	918
переливается	918
оттиск	918
можжевельник	918
заблуждения	918
экстерьер	917
техподдержка	917
сатира	917
дивизии	917
диавол	917
гниль	917
братцы	917
форумчане	916
статуэтка	916
порох	916
оникс	916
неудовлетворенность	916
лаванда	916
гитлеровцы	916
хельсинки	915
фб	915
то	915
собратья	915
сироты	915
самосвалы	915
проигрыш	915
переворачивается	915
отчёты	915
обоснованность	915
материализм	915
люксембург	915
звенит	915
франциск	914
управа	914
салфетка	914
артерия	914
озвучивает	913
капает	913
запоминание	913
вокалист	913
вибратор	913
абз	913
прожектор	912
правоотношения	912
ползет	912
подготавливается	912
орошение	912
недержание	912
интегрируется	912
баллада	912
адепты	912
шепот	911
урны	911
пролетает	911
предыстория	911
ласкает	911
камуфляж	911
заботит	911
владикавказ	911
вип	911
быки	911
тяготеет	910
прет	910
предостерегает	910
повеление	910
муравей	910
лугу	910
крестик	910
киевляне	910
защищенность	910
грубость	910
прижимается	909
пиломатериалы	909
ваниль	909
алания	909
эйр	908
фрг	908
трепет	908
тосты	908
сверкает	908
ревизор	908
моллюски	908
конвекторы	908
княжна	908
канцелярия	908
зажимы	908
дичь	908
голосует	908
генерируется	908
восьмерка	908
бокалы	908
бл	908
биографии	908
усадьбы	907
уолтер	907
навязывание	907
многофункциональность	907
ложки	907
лис	907
лепнина	907
изюминки	907
гайки	907
вехи	907
скованность	906
посещения	906
миссии	906
матрицы	906
вонь	906
шаманы	905
убежище	905
стояка	905
прогон	905
отсеки	905
оставляется	905
командует	905
дискурс	905
тайцы	904
подданные	904
ориентирование	904
медикамент	904
мачо	904
иконостас	904
изумруд	904
главврач	904
всички	904
эндокринолог	903
симметрия	903
перевес	903
кай	903
ецб	903
гтрк	903
штрихи	902
удилище	902
свержение	902
санкция	902
рисуется	902
прохлада	902
перекос	902
ошейник	902
накидка	902
конвертация	902
камешки	902
докладывает	902
бусинки	902
усадка	901
стружка	901
родос	901
прохожий	901
локация	901
виновный	901
трясет	900
проколы	900
защищается	900
чудес	899
морс	899
млекопитающие	899
лесбиянки	899
косяк	899
гинекология	899
сквозняки	898
ожерелье	898
найм	898
луг	898
константа	898
флажок	897
паху	897
одиночка	897
крот	897
кол	897
кодировка	897
запятая	897
гц	897
викинги	897
хвостик	896
учёба	896
раздолье	896
привязывается	896
особы	896
марьино	896
комбинирование	896
гравитация	896
виноградники	896
форточки	895
уренгой	895
стерва	895
смахивает	895
родословная	895
микроавтобусы	895
мертвецы	895
мания	895
валенки	895
наладка	894
лай	894
задел	894
флаконы	893
фельдшер	893
проституция	893
отан	893
лыжня	893
героин	893
гастроли	893
виа	893
взыскание	893
чаши	892
форсаж	892
фальсификация	892
управленцы	892
орешки	892
оживляет	892
джунгли	892
воблеры	892
электричка	891
стропы	891
примирение	891
платки	891
педагог-психолог	891
очи	891
отрывается	891
накрутка	891
метраж	891
коммуникатор	891
клыки	891
камчатка	891
инжир	891
импортозамещение	891
скорпионы	890
садики	890
обр	890
метаморфозы	890
компаньон	890
излишек	890
извлекается	890
выращивает	890
владения	890
шепард	889
часовой	889
форте	889
проходы	889
переосмысление	889
отит	889
наглость	889
финалисты	888
скит	888
рассеивается	888
охлаждает	888
оккупация	888
невестка	888
кекс	888
иоан	888
илл	888
загружает	888
желтки	888
волчица	888
сдержанность	887
реликвии	887
работница	887
пристрастие	887
отнесение	887
болтается	887
бесконечность	887
аудиокнига	887
атеист	887
торгуется	886
пряность	886
преграда	886
полпред	886
перемешивается	886
микроволновка	886
мастерицы	886
забег	886
женитьба	886
выгорает	886
турбины	885
сырьё	885
санки	885
послания	885
покрывало	885
плоскостопия	885
паттерн	885
отчётность	885
вздох	885
бур	885
яды	884
транслируется	884
склонности	884
параллель	884
ноготки	884
бады	884
халявы	883
суеверия	883
метеорит	883
зиждется	883
галька	883
фокусируется	882
уфскн	882
протестанты	882
кэшбэк	882
конкурсанты	882
желток	882
утомляет	881
сокол	881
пролог	881
обижается	881
нищий	881
мумие	881
заработки	881
вексель	881
бокал	881
ущелье	880
скрежет	880
прилетает	880
паттерны	880
отторжение	880
метеоризм	880
каблук	880
кабачок	880
блондинки	880
бедняга	880
порезы	879
пи	879
онф	879
форматирование	878
тетради	878
ремешок	878
прилипает	878
перев	878
парацетамол	878
осколок	878
карета	878
калибровка	878
встраивается	878
библиогр	878
туз	877
сенсация	877
подтягивает	877
перетекает	877
переедание	877
переделка	877
мпк	877
мишень	877
кенгуру	877
гробница	877
городки	877
близорукость	877
бестселлер	877
атлеты	877
укрытие	876
рейка	876
прораб	876
подсвечники	876
облегчается	876
микросхемы	876
запрещение	876
заморозка	876
заверяет	876
двойка	876
вознаграждения	876
ацп	876
тряпка	875
траст	875
тбилиси	875
персики	875
лезвия	875
дерби	875
возобновляется	875
апк	875
алгебра	875
эпидемии	874
умножается	874
стихии	874
декларации	874
выселение	874
баранина	874
автолюбитель	874
рубли	873
платина	873
нанимает	873
мельницы	873
докладчики	873
безобразие	873
унификация	872
персоны	872
наемники	872
бледность	872
бактерия	872
афины	872
2007г	872
ущемление	871
требовательность	871
съезды	871
психиатры	871
оккупанты	871
метрика	871
коррелирует	871
копилка	871
диджей	871
депо	871
березы	871
автопром	871
абитуриент	871
тусовка	870
скрипит	870
светило	870
послушание	870
покрывала	870
мостик	870
консультантплюс	870
доносится	870
дворники	870
баночка	870
шквал	869
черед	869
уплотнения	869
свт	869
обосновывает	869
клейма	869
иномарка	869
детвора	869
дамочка	869
возложение	869
атлет	869
тополь	868
пропагандирует	868
проектировщик	868
магазинчики	868
гинекологи	868
разливается	867
ноет	867
нагреватель	867
зависимости	867
желтуха	867
горелки	867
верблюд	867
южно-сахалинск	866
раба	866
пласты	866
опускание	866
оптимизаторы	866
народность	866
констатация	866
казначейство	866
духу	866
высыхание	866
видное	866
поединки	865
подвох	865
переоборудование	865
неустойка	865
исправления	865
вирджиния	865
эль	864
целое	864
уполномоченные	864
оборотни	864
неожиданность	864
металлопрокат	864
коллекционеры	864
захваты	864
животноводство	864
выбивает	864
халява	863
стимулируется	863
секретарша	863
пастухи	863
масштабирование	863
колбасы	863
душит	863
доб	863
гомеопатия	863
рефинансирование	862
перемирие	862
переваривание	862
классификатор	862
игнорируется	862
заносит	862
фрилансер	861
репортажи	861
пересекается	861
непрерывность	861
кольцово	861
клеи	861
оснащенность	860
облачность	860
ливни	860
кэрол	860
афиши	860
антихрист	860
финансист	859
тонзиллит	859
ментальность	859
кок	859
единороссы	859
арбузы	859
абстракция	859
ягодки	858
что	858
ханты-мансийск	858
утолщение	858
расслабляется	858
пассаж	858
отложение	858
обсерватория	858
курсор	858
флавоноиды	857
технопарк	857
сёстры	857
служанка	857
самовар	857
отрыжка	857
кир	857
дошкольники	857
виниры	857
умалчивает	856
снегоход	856
пустоты	856
промыслы	856
покрышки	856
обязательность	856
масс-медиа	856
лимоны	856
лавины	856
кульминация	856
гусеница	856
шкуры	855
укусы	855
турбина	855
пересылка	855
отравления	855
мэгги	855
меха	855
индивиды	855
диаспора	855
г-жа	855
богословы	855
растворяет	854
пробивается	854
накал	854
мозоли	854
дыму	854
гэрб	854
винтаж	854
эмиссия	853
цветочек	853
терра	853
таунхаусы	853
скрининг	853
присылает	853
пакт	853
наставления	853
злится	853
вымирание	853
удовольствия	852
сезонность	852
приготовления	852
пингвин	852
оттепель	852
ог	852
накрывает	852
ливан	852
домашние	852
русалки	851
нальчик	851
лаги	851
кинорежиссер	851
испанец	851
делопроизводство	851
полтава	850
переваривается	850
мафиози	850
курьеры	850
курочка	850
керамзит	850
дю	850
самосвал	849
пионы	849
мелькает	849
лужи	849
бурение	849
усложнение	848
скупка	848
ограбление	848
неуважение	848
кск	848
караул	848
капец	848
дистрибьюторы	848
водичка	848
антиквариат	848
электрофорез	847
трибунал	847
обрушение	847
потрясает	846
политбюро	846
нормирование	846
щавель	845
рецептура	845
раздражитель	845
кама	845
собирания	844
разлука	844
огородники	844
насыщается	844
нарушители	844
двигает	844
будапешт	844
трансплантация	843
сестренка	843
некроз	843
кгб	843
вб	843
бутерброды	843
батальоны	843
химики	842
сейм	842
сбывается	842
россельхознадзор	842
кооперативы	842
козлы	842
климент	842
дельфинарий	842
апелляция	842
юрлица	841
танцор	841
сосульки	841
подкуп	841
пианино	841
обусловливается	841
каркасы	841
заводчики	841
ананасы	841
хулиганы	840
фантом	840
уплачивает	840
тромбоз	840
татарин	840
створка	840
скифы	840
орфография	840
опечатка	840
нитраты	840
кожица	840
ковтун	840
высоки	840
бутылочка	840
энергоэффективность	839
церемонии	839
лун	839
либерализация	839
итп	839
ели	839
явствует	838
фюрер	838
ушибы	838
ркк	838
разработает	838
выдумки	838
http://vk.com/...✂	838
c.	838
поглощается	837
отлив	837
испытуемый	837
вешалка	837
антисемитизм	837
акушерка	837
штуки	836
форсунки	836
умещается	836
прочее	836
погружает	836
лики	836
курсант	836
котёнок	836
возня	836
транслирует	835
студентки	835
скулы	835
регламентация	835
проницаемость	835
помыслы	835
подаёт	835
перфоратор	835
орлы	835
ммвб	835
инженерия	835
денежки	835
брикеты	835
штиль	834
социалисты	834
рента	834
протекание	834
придурок	834
ласки	834
тэк	833
киски	833
искусствовед	833
импотенция	833
домыслы	833
гемоглобин	833
гбуз	833
газификация	833
балетки	833
химикаты	832
тампон	832
струна	832
срывает	832
спешка	832
пучки	832
приспосабливается	832
присваивает	832
преподносится	832
нападения	832
личико	832
корь	832
еаэс	832
сено	831
рептилии	831
расплата	831
опекуны	831
копыта	831
инвертор	831
втор	831
бойкот	831
умк	830
синтезатор	830
проповедует	830
плуг	830
оливия	830
мг	830
маневры	830
изыски	830
гайка	830
шкатулки	829
списывается	829
родинки	829
монетизация	829
классификации	829
индивидуум	829
динамичность	829
дерматолог	829
чемпионаты	828
усики	828
тир	828
консерваторы	828
императоры	828
именинник	828
измеритель	828
вспыхивает	828
автошкола	828
струи	827
соцветие	827
сгусток	827
правообладатель	827
полоскание	827
пигментация	827
парафин	827
одержимость	827
невнимательность	827
любовники	827
исландия	827
заливает	827
вынесение	827
вымпел	827
бутово	827
блестки	827
шпон	826
упрямство	826
сд	826
пенополиуретан	826
капелька	826
воздуховоды	826
вар	826
тайфун	825
рекламирует	825
мигает	825
киска	825
ингосстрах	825
глоток	825
бц	825
уролог	824
трещит	824
сталинград	824
разбирает	824
преувеличение	824
пористость	824
паритет	824
орифлэйм	824
заряды	824
добывает	824
диалект	824
бомжи	824
благоприятствует	824
тремор	823
секторы	823
сбивается	823
просматривает	823
проекторы	823
обрешетка	823
электропривод	822
штаммы	822
трибуна	822
разбивка	822
макао	822
заимствование	822
гремит	822
амплуа	822
скатерть	821
разоблачение	821
нью-джерси	821
неврозы	821
ложе	821
конъюнктура	821
исполнительность	821
зум	821
градиент	821
сура	820
пригород	820
мульти	820
медведица	820
купюры	820
жакет	820
гнезда	820
гармонизация	820
сенсоры	819
рубрик	819
вожак	819
болтовня	819
селекция	818
раскладывается	818
нф	818
нервничает	818
минуты	818
любительница	818
кишинев	818
гасит	818
газобетон	818
выставка-ярмарка	818
цод	817
постель	817
мэн	817
доспехи	817
грация	817
удостоверения	816
ттк	816
решимость	816
получатели	816
замещение	816
валуны	816
батькивщина	816
практик	815
подвода	815
пилинги	815
латекс	815
диктант	815
блещет	815
плавится	814
карлик	814
жилец	814
шляпы	813
романтики	813
ревматизм	813
питер	813
перенесение	813
лесть	813
грабежи	813
бишкек	813
тонкость	812
присоединение	812
прилегание	812
маржа	812
лужа	812
дробление	812
структурирование	811
соотечественник	811
релакс	811
просветление	811
припадки	811
острог	811
лос	811
каблуки	811
5см	811
тля	810
пенсионерки	810
мелирование	810
закаты	810
вливается	810
бритва	810
фтор	809
треугольники	809
тесть	809
ковш	809
должники	809
чекисты	808
фокусы	808
тщеславие	808
трансляции	808
такса	808
республиканцы	808
расстрел	808
прерывает	808
поляк	808
офтальмолог	808
омолаживает	808
недопонимание	808
горничная	808
бреду	808
хочеться	807
флористы	807
фиксатор	807
трагедии	807
патчи	807
недопущение	807
интеллигент	807
изгибы	807
замыслы	807
забивается	807
взлеты	807
считывает	806
спутница	806
реагенты	806
премьеры	806
патогенез	806
луку	806
идеолог	806
березка	806
4-е	806
флоренция	805
умиротворение	805
сср	805
помещик	805
очевидец	805
головоломки	805
бюстгальтер	805
эмигранты	804
эколог	804
щелкунчик	804
стенокардия	804
одуванчик	804
нб	804
метафоры	804
иголки	804
декада	804
возит	804
бакалавриат	804
теремок	803
стриптиз	803
смеет	803
рассыпается	803
каролина	803
засада	803
дееспособность	803
движки	803
грот	803
чтит	802
цыплята	802
спички	802
секретари	802
песочница	802
ладан	802
дн	802
бордюры	802
бана	802
трилогия	801
сыночек	801
сервиз	801
россиянка	801
разыгрывается	801
прощается	801
колизей	801
диод	801
вырез	801
взятка	801
акафист	801
формальность	800
семерка	800
релаксация	800
режется	800
процессия	800
осознанность	800
оплот	800
носик	800
нестор	800
лжет	800
лава	800
выхлоп	800
бэтмен	800
собеседница	799
рц	799
политология	799
петропавловск	799
петербуржцы	799
нетбук	799
незадача	799
ливия	799
кратность	799
клирик	799
иномарки	799
горожанин	799
бродяга	799
блузки	799
ассигнования	799
шотландия	798
хрупкость	798
реалистичность	798
постигает	798
поддоны	798
плечо	798
нищие	798
негодование	798
мент	798
кораллы	798
киты	798
катаракты	798
капелла	798
заповедники	798
вкрапления	798
татуаж	797
сносит	797
рощи	797
пришествие	797
бурлит	797
ps3	797
утрачивается	796
узбеки	796
талон	796
самолюбие	796
малышки	796
копирайтеры	796
кисточка	796
зажигает	796
выставление	796
видеоурок	796
бытовки	796
артек	796
электрод	795
уплотнители	795
съёмки	795
писк	795
новороссия	795
ласточки	795
исповедание	795
задумки	795
анджелина	795
соответствия	794
раненые	794
неразбериха	794
мячик	794
кафедры	794
голкипер	794
возмущает	794
визг	794
сказ	793
ню	793
манипуляторы	793
куколка	793
зачатки	793
застежка	793
чары	792
формулирование	792
спг	792
резинки	792
поручает	792
пломба	792
ледокол	792
карается	792
инфо	792
журавли	792
револьвер	791
рассудок	791
навигаторы	791
леший	791
конкурирует	791
зонтик	791
боксеры	791
сумы	790
срочность	790
синергия	790
решительность	790
разгорается	790
олимпия	790
корочки	790
десантники	790
даритель	790
бюджетирование	790
брусчатка	790
черпает	789
установщик	789
сборки	789
рать	789
разлагается	789
постеры	789
плееры	789
нпс	789
неман	789
комбат	789
детекторы	789
гирлянда	789
волонтер	789
банды	789
хиппи	788
сименс	788
сиз	788
свита	788
рожает	788
регистраторы	788
перечисляется	788
купля-продажа	788
колдунья	788
буран	788
будоражит	788
топка	787
субд	787
пакетик	787
норд	787
зовёт	787
злоупотребления	787
домен	787
девелопер	787
дебил	787
винтовки	787
слабеет	786
сердечник	786
пенка	786
начинание	786
надстройка	786
инструктора	786
дымоходы	786
вилки	786
большевик	786
сундук	785
своды	785
рифы	785
почтальон	785
пеллет	785
крокодилы	785
клятва	785
бизнесы	785
чет	784
согласовывает	784
родинка	784
наброски	784
массачусетс	784
линукс	784
курсив	784
комплимент	784
кланы	784
капиталисты	784
земляне	784
запонки	784
умники	783
счётчик	783
спринт	783
присмотр	783
подражание	783
подвид	783
мстители	783
задействует	783
бляшки	783
фп	782
танцовщицы	782
сегментация	782
прижимает	782
обь	782
зрачок	782
убывает	781
старание	781
прозрение	781
первенец	781
официантка	781
ольха	781
косточка	781
глинтвейн	781
автобиография	781
сеньор	780
роб	780
кофеварки	780
кормушка	780
доки	780
путает	779
обрывки	779
крен	779
воздухообмен	779
видеорегистраторы	779
автопроизводители	779
черепа	778
хуй	778
рериха	778
опущение	778
нечисть	778
гады	778
аюрведа	778
аристократы	778
аккорды	778
свинка	777
нтс	777
изречение	777
завет	777
волатильность	777
холодец	776
флейта	776
раскладка	776
различение	776
пашет	776
патенты	776
отросток	776
маразм	776
контрагент	776
девичник	776
биатлон	776
юстиция	775
унижает	775
протектор	775
нил	775
неточность	775
сгустки	774
садовник	774
происки	774
почитается	774
напыление	774
мавзолей	774
ло	774
крымчане	774
вездеход	774
бух	774
бик	774
фикс	773
тетушка	773
ступенька	773
символизм	773
разыскивает	773
проваливается	773
подчиненный	773
поводок	773
коварство	773
известняк	773
жертвоприношение	773
диагнозы	773
грудка	773
грешник	773
глазурь	773
восполняет	773
хламидиоз	772
хата	772
трудящиеся	772
сум	772
модельер	772
маслины	772
колея	772
катунь	772
исключительность	772
домофон	772
дебилы	772
дамблдор	772
аэродром	772
ангара	772
аденоиды	772
столетие	771
пуховики	771
приостанавливается	771
миряне	771
македония	771
иммиграция	771
заживает	771
эскадра	770
упреки	770
синагога	770
опьянение	770
местоимение	770
еврокомиссия	770
воззрения	770
фата	769
угги	769
спреи	769
сомелье	769
семантика	769
самоуверенность	769
рейд	769
пэт	769
прогиб	769
потрясения	769
матф	769
лгбт	769
железнодорожники	769
еженедельник	769
бодрит	769
человечки	768
царевна	768
халатность	768
формулируется	768
тяжбы	768
таз	768
поменяет	768
отслеживается	768
модница	768
ленточка	768
гладит	768
гб	768
венчает	768
апноэ	768
умничка	767
совка	767
новелла	767
карниз	767
гантели	767
ёлки	766
февр	766
тобольск	766
салатик	766
руководства	766
преддверие	766
кусает	766
кубик	766
колдовство	766
законопроекты	766
герцогиня	766
бяха	766
флешки	765
уезд	765
трансформеры	765
сызрань	765
ритейлеры	765
интеллектуалы	765
здравницы	765
врывается	765
восстания	765
балует	765
агро	765
терапевты	764
снежок	764
постояльцы	764
перехват	764
несчастья	764
непредсказуемость	764
недоразумения	764
метание	764
люлька	764
централизация	763
революционер	763
раскраска	763
расизм	763
прожекторы	763
предпосылка	763
подстанция	763
женева	763
визажисты	763
булавки	763
чел	762
терморегулятор	762
растворение	762
простыни	762
повседневность	762
осадка	762
орешек	762
нижневартовск	762
литераторы	762
лаваш	762
комбайн	762
жару	762
вулканы	762
биты	762
агроном	762
расческа	761
пенал	761
обмотка	761
недра	761
кусается	761
контура	761
каф	761
интернет-ресурс	761
индустриализация	761
выкройка	761
чемоданы	760
разряды	760
отсылка	760
опцион	760
норильск	760
мускулы	760
евангелист	760
войлок	760
автоцентр	760
шпионы	759
удмуртия	759
трубочки	759
стикеры	759
стада	759
рулетки	759
мпс	759
метафизика	759
маскировка	759
лингвисты	759
гонорар	759
выступ	759
возмещает	759
взимание	759
уловка	758
снеговик	758
сир	758
святейшество	758
саундтрек	758
ракурс	758
пустяк	758
подлинник	758
наводнения	758
металлист	758
медитации	758
ламели	758
кровоизлияние	758
коробочки	758
дорожники	758
госавтоинспекция	758
рысь	757
распечатка	757
калитка	757
репетиции	756
путина	756
профлист	756
полиэтилен	756
оптимизатор	756
объединяется	756
обволакивает	756
ния	756
непогода	756
монахиня	756
лавочки	756
кулак	756
котёл	756
конвектор	756
коммутаторы	756
исцеляет	756
доча	756
голодец	756
храп	755
стаканы	755
птицефабрика	755
пристройка	755
подрастает	755
оклейка	755
клев	755
квадратики	755
зайка	755
жулики	755
деградирует	755
хакасия	754
фм	754
сорос	754
плоскостопие	754
обезболивание	754
бальзамы	754
штучка	753
совок	753
расселение	753
капризничает	753
зефир	753
гипоксия	753
велосипедисты	753
бодрость	753
умаляет	752
реестры	752
птицефабрики	752
пеленки	752
лает	752
корзинки	752
истерики	752
теплоснабжение	751
скамейка	751
пень	751
мечется	751
извещает	751
аграрии	751
шкурки	750
чужие	750
устье	750
оппозиционер	750
малютка	750
круга	750
благословляет	750
шафран	749
спецификации	749
сдвигается	749
расследования	749
миниатюры	749
майами	749
кроны	749
кровель	749
киоск	749
застава	749
загруженность	749
высочество	749
шляпки	748
трон	748
тролли	748
паломничество	748
загрузчик	748
жизнедеятельность	748
выразительность	748
вмятины	748
веснушки	748
аляска	748
эмульсия	747
шахтеры	747
редька	747
расследует	747
противопоставляет	747
прикладывает	747
преграды	747
поликлиник	747
перерабатывается	747
информатизация	747
задница	747
заглавие	747
доноры	747
внутренности	747
байт	747
разгадка	746
полулюкс	746
опросник	746
дыня	746
викинг	746
шлак	745
чайники	745
самореализация	745
подкрепляется	745
парикмахеры	745
открывание	745
метания	745
манит	745
ладья	745
крыжовник	745
буйство	745
брань	745
белые	745
барабанщик	745
ругает	744
последователь	744
обрушивается	744
маскирует	744
карбюратор	744
имплантат	744
задачка	744
абакан	744
юта	743
спортзал	743
спекулянты	743
колпино	743
квант	743
дальнобойщики	743
военачальник	743
бороздки	743
скрипач	742
протяжённость	742
подъемы	742
могат	742
инъекция	742
заимствования	742
втулки	742
вопрос-ответ	742
веники	742
хоккеист	741
спровоцирует	741
сослуживцы	741
смайлики	741
расходование	741
примочки	741
помещики	741
катки	741
излечение	741
знаменитость	741
грузин	741
глория	741
вытеснение	741
бангладеш	741
ярлыки	740
фотокамера	740
финики	740
улавливает	740
творога	740
ровесники	740
раменское	740
пытка	740
превалирует	740
пвп	740
курсирует	740
заведует	740
дивизион	740
депиляция	740
глыбы	740
администрации	740
фитнес-центр	739
транзисторы	739
ступино	739
ссуды	739
пьяница	739
пчёлы	739
прогестерон	739
пилотаж	739
нр	739
лыжники	739
возбуждается	739
усматривается	738
сабвуфер	738
ранг	738
проезжает	738
познается	738
подтягивается	738
опус	738
необычность	738
мини-бар	738
кораблик	738
колледжи	738
испарение	738
ива	738
гаишники	738
восхищается	738
экскурс	737
роднит	737
режиссура	737
неизбежность	737
намеки	737
конъюнктивит	737
иней	737
идол	737
домочадцы	737
видеоигры	737
батя	737
фрязино	736
тождество	736
старшие	736
согласные	736
разрешения	736
пышность	736
публицистика	736
полисы	736
мудак	736
маникюра	736
ломка	736
лия	736
ипостась	736
интеграл	736
дружины	736
вареники	736
эзотерики	735
шаман	735
фиалка	735
самогон	735
леруа	735
взлетает	735
болид	735
стечение	734
сокрытие	734
сеул	734
рез	734
полчища	734
моторика	734
44-фз	734
холостяк	733
стартапы	733
сканирует	733
ровесник	733
переплетается	733
переворачивает	733
партнерша	733
лингвист	733
кобальт	733
гвоздики	733
балансировка	733
удорожание	732
рыбинск	732
растекается	732
председательствующий	732
колено	732
жеребец	732
дядюшка	732
геркулес	732
водоём	732
видеоклип	732
акушер-гинеколог	732
автореф	732
шестерка	731
ускользает	731
стульчик	731
расставляет	731
размерность	731
подарочек	731
наличники	731
надобность	731
миниатюра	731
кофеварка	731
бумеранг	731
шокирует	730
чистотел	730
токсичность	730
сковывает	730
мерзость	730
краса	730
кальмары	730
дз	730
ароматерапия	730
тумбочки	729
танцовщица	729
родничок	729
прицепы	729
презентации	729
показание	729
переплетение	729
несогласие	729
магнитола	729
лилия	729
диктуется	729
деревушка	729
возгласы	729
безнаказанность	729
актау	729
язычок	728
эскорт	728
чит	728
ужины	728
текучка	728
рос	728
рациональность	728
ратуша	728
презерватив	728
поощряется	728
персик	728
оск	728
молдавия	728
гильзы	728
генсек	728
вешалки	728
бугорки	728
ы	727
тюнер	727
трофеи	727
стучится	727
сотрясение	727
снайперы	727
псалмы	727
пополняет	727
искатель	727
дюжина	727
грабитель	727
велосипедист	727
⠀	726
швед	726
цитирование	726
сыщик	726
соболь	726
рожа	726
ранки	726
пятерочка	726
прогрессирование	726
клинки	726
задаётся	726
гурманы	726
гламур	726
возбраняется	726
веера	726
чашечка	725
трибуны	725
соучредитель	725
папочка	725
непроходимость	725
мбук	725
уступка	724
сер	724
просо	724
осада	724
месье	724
масоны	724
кинжал	724
керосин	724
кайрат	724
запорожец	724
завидует	724
жакеты	724
чипсет	723
утешает	723
уклоняется	723
скр	723
рейтер	723
подводится	723
массовость	723
корпоратив	723
кадет	723
гала-концерт	723
выписывается	723
бус	723
асад	723
юзер	722
хламидии	722
тельцы	722
стычки	722
сословие	722
солод	722
прописывает	722
мхат	722
межевание	722
кофейня	722
государственность	722
галочка	722
электрички	721
экс-министр	721
чечевица	721
фарисеи	721
турок	721
сограждане	721
поглаживание	721
либерал	721
капилляры	721
информативность	721
идиллия	721
утеплитель	720
саки	720
релизы	720
крафт	720
кожух	720
дарует	720
вещица	720
филология	719
стратег	719
стагнация	719
смены	719
романсы	719
перфорация	719
натягивается	719
климат-контроль	719
искатели	719
заточка	719
юнеско	718
триада	718
смотритель	718
сектанты	718
плательщики	718
маск	718
кроссоверы	718
консервация	718
жилы	718
выпрямление	718
алт	718
шатер	717
туманы	717
принуждает	717
минсельхоз	717
ликвидирует	717
латунь	717
колпак	717
килограмм	717
дороговизна	717
галич	717
холецистит	716
пустышки	716
монтируются	716
скелеты	715
пункция	715
намёк	715
краков	715
кочевники	715
комплектование	715
кинокартины	715
инквизиция	715
заносится	715
византия	715
взывает	715
бо	715
эмулятор	714
человеки	714
хулиган	714
фасовка	714
срывы	714
русгидро	714
производная	714
оборудуется	714
ягуар	713
шах	713
субботники	713
спирали	713
сгибание	713
отписки	713
манипулирование	713
летописи	713
идеализм	713
декольте	713
герметики	713
вытаскивает	713
вол	713
виджеты	713
югославия	712
штамм	712
шест	712
ус	712
спирс	712
семейка	712
романтизм	712
осы	712
осознается	712
омвд	712
мантра	712
магадан	712
лофт	712
литер	712
кнут	712
избранное	712
базары	712
️	711
филиппины	711
углеводороды	711
свечки	711
резон	711
обнинск	711
мертвые	711
лапа	711
лад	711
замначальника	711
возглас	711
блокировки	711
1кор	711
фьючерс	710
следствия	710
рекордсмен	710
пустоши	710
промсвязьбанк	710
позирует	710
мужичок	710
лейбл	710
караганда	710
други	710
диссертант	710
десятилетие	710
грибочки	710
вытягивается	710
бта	710
этиология	709
совы	709
главарь	709
варит	709
узы	708
томат	708
сочиняет	708
снегопады	708
робототехника	708
попахивает	708
обогащается	708
миссионеры	708
мастурбация	708
лг	708
козероги	708
высвечивается	708
фокусник	707
переда	707
забирается	707
джейк	707
возвышение	707
винчестер	707
аль-каиды	707
электромобиль	706
шорох	706
синтезируется	706
пульты	706
прицелы	706
прибой	706
осведомленность	706
одевает	706
марихуана	706
гимс	706
буддисты	706
филармония	705
страху	705
сс	705
секреция	705
незнайка	705
наличные	705
лепешки	705
ипп	705
изнасилование	705
житомир	705
догадка	705
эгоист	704
стейк	704
примесь	704
повелевает	704
пазы	704
осел	704
контролеры	704
классицизм	704
киностудия	704
изготовляется	704
затрачивается	704
виднеется	704
болельщик	704
шевченко	703
троицк	703
сахару	703
пмр	703
культурология	703
индивидуализм	703
жрет	703
гиперемия	703
верфь	703
эм	702
шапочки	702
сформируется	702
прокачка	702
обобщает	702
навевает	702
культивируется	702
кудри	702
врезка	702
авторитеты	702
шантаж	701
тачка	701
сворачивается	701
провозглашение	701
приходы	701
подтекст	701
орки	701
нп	701
лувр	701
конфедерация	701
кодексы	701
глюкозы	701
времяпровождение	701
боссы	701
антология	701
чувашия	700
туннель	700
сожалеет	700
предстаёт	700
канцтовары	700
дом-музей	700
дисплазия	700
дикари	700
гоняет	700
брюнет	700
блеф	700
абрикос	700
топас	699
сани	699
помутнение	699
неверие	699
комок	699
кастрюли	699
догоняет	699
голы	699
всплески	699
хьюстон	698
удостоверяет	698
тростник	698
сучки	698
смк	698
синдромы	698
сборище	698
провокации	698
прикрытие	698
обладательницы	698
краб	698
иммигранты	698
вредитель	698
вливания	698
венгры	698
устрицы	697
складывает	697
морфология	697
монографии	697
курильщик	697
бушует	697
бумажки	697
борисполь	697
бонсай	697
байки	697
анархия	697
чучело	696
чепуха	696
трц	696
скульпторы	696
скамья	696
селение	696
светофоры	696
психиатрия	696
плюс-минус	696
пластмасса	696
обижает	696
миска	696
лопатка	696
компакт	696
зверьки	696
замерщик	696
гмк	696
воспитательница	696
альпинист	696
экскурсоводы	695
удк	695
ступеньки	695
спуски	695
революции	695
пристань	695
пометка	695
неравномерность	695
мэтр	695
конница	695
грешники	695
возражение	695
возмездие	695
анализаторы	695
аметист	695
https://vk.com/...✂	695
храбрость	694
форпост	694
селезенка	694
распыление	694
отсев	694
обрадует	694
назревает	694
инкубатор	694
дистрофия	694
дзержинск	694
гербы	694
биг	694
белорус	694
электродвигатели	693
тост	693
терьер	693
подвижник	693
отбывает	693
мицубиси	693
легкие	693
интегрирует	693
двойственность	693
говор	693
счет-фактура	692
скп	692
поклонница	692
мажор	692
кемпинг	692
затягивание	692
жиды	692
галактики	692
экс-президент	691
фавориты	691
тягачи	691
омывается	691
краснота	691
кон	691
жиру	691
декларирование	691
эргономичность	690
стеноз	690
седина	690
рецидивы	690
поверка	690
пелена	690
падеж	690
обвязка	690
левша	690
имплант	690
заставка	690
дистония	690
диаметры	690
гиперплазия	690
экономится	689
хват	689
субсидирование	689
папилломы	689
отражения	689
отклики	689
отбрасывает	689
облом	689
макдоналдс	689
втулка	689
биоревитализация	689
эпитеты	688
эпитет	688
теология	688
счастливчик	688
скрабы	688
наработка	688
миссури	688
минутка	688
козырьки	688
киллер	688
инерция	688
зажим	688
боярышник	688
бостон	688
бараны	688
фрау	687
стояние	687
полит	687
платежеспособность	687
отрада	687
орк	687
мясокомбинат	687
мускулатура	687
каста	687
зад	687
живые	687
астигматизм	687
чернослив	686
трансферы	686
сердцевина	686
предрассудки	686
панцирь	686
мученик	686
культы	686
конвой	686
истерия	686
завивка	686
драматургия	686
д	686
аристократ	686
хамелеон	685
тт	685
соната	685
опаздывает	685
муромец	685
механизация	685
мастерица	685
индейка	685
гпс	685
географ	685
бок	685
юрисконсульт	684
флэш	684
священнослужитель	684
связывание	684
презентует	684
поверенный	684
нпвп	684
методисты	684
комсомольцы	684
компрессия	684
историография	684
засыпается	684
тестирует	683
скатерти	683
осветление	683
визави	683
верхушки	683
безработные	683
аминокислота	683
уик-энд	682
ударник	682
сплочение	682
программка	682
присадки	682
приостанавливает	682
потрясение	682
ориентации	682
нефтяники	682
натуры	682
навредит	682
космодром	682
деготь	682
шарфик	681
сушилка	681
покойник	681
обрастает	681
новаторство	681
несовпадение	681
лайн	681
кругозор	681
интонации	681
именует	681
антиген	681
ёжик	680
ценитель	680
цбс	680
устои	680
техно	680
росреестр	680
пустует	680
паранойя	680
депрессии	680
готовка	680
гниение	680
авитаминоз	680
фиат	679
капремонт	679
иероглифы	679
вуд	679
волхвы	679
внушение	679
цт	678
хрипы	678
холодность	678
счёт	678
сайт-визитка	678
подспорье	678
панихида	678
мокрота	678
льет	678
комменты	678
играется	678
бкс	678
адгезия	678
1шт	678
электротехника	677
самообразование	677
причастие	677
потемнение	677
пион	677
перемещает	677
паттайя	677
озабоченность	677
налагает	677
костры	677
вмс	677
буревестник	677
аристократия	677
цветники	676
узелки	676
тиши	676
потенция	676
петушок	676
осуществится	676
вокзалы	676
юкос	675
сепаратисты	675
сварщик	675
реквием	675
прикамья	675
плацента	675
петиция	675
пептиды	675
осн	675
гавайи	675
барокко	675
атрибутика	675
ip-адрес	675
хохлы	674
сотворение	674
оспаривает	674
нагревание	674
лкп	674
копейки	674
колпачки	674
доллары	674
догматы	674
взмах	674
ярус	673
туфельки	673
ростехнадзор	673
притоки	673
ползает	673
подлость	673
оперение	673
небоскреб	673
аншлаг	673
эльф	672
реснички	672
паромы	672
манифестации	672
лошадки	672
гамак	672
близнец	672
атлантида	672
http://www.youtube.com/...✂	672
чернобыль	671
удваивается	671
твердит	671
самокат	671
ровер	671
пригороды	671
ность	671
микрофибры	671
мати	671
литературовед	671
кустики	671
диссертации	671
выемка	671
выдерживается	671
брусок	671
битвы	671
азербайджанцы	671
промедление	670
привидение	670
подлежащее	670
планировщик	670
менингит	670
капиталы	670
иерархи	670
гск	670
виновники	670
аниматор	670
цо	669
утопает	669
ростех	669
небрежность	669
метрики	669
межрегионгаз	669
гатчина	669
богатыри	669
ювелиры	668
умо	668
опер	668
обрезки	668
комбайны	668
камушки	668
инфографика	668
закалка	668
глупы	668
бол	668
фокусировка	667
признания	667
окраина	667
нарком	667
кузница	667
тонирование	666
телезрители	666
рация	666
постановщик	666
настигает	666
катит	666
иртыш	666
диктор	666
делегирование	666
видеоряд	666
вегетарианцы	666
эксплуатирует	665
чистится	665
фетиш	665
утоляет	665
самомассаж	665
провокатор	665
прислуга	665
оповещает	665
нивелирует	665
карабин	665
карабах	665
астронавты	665
x.	665
удовлетворяется	664
убитые	664
смывает	664
презумпция	664
походит	664
песенки	664
наставление	664
затрагивается	664
весу	664
бодибилдинг	664
аудиосистема	664
ювентус	663
фитонциды	663
упускает	663
убор	663
спецтехники	663
пятнышки	663
произвол	663
инцест	663
доблесть	663
голландец	663
австрийцы	663
удлинитель	662
созидание	662
сибур	662
приживается	662
правописание	662
отвертка	662
оспаривается	662
образовывается	662
обезьянка	662
неоднородность	662
клумба	662
выключает	662
вдохновитель	662
бычок	662
экосистема	661
шали	661
чистки	661
хоррор	661
разочарования	661
приверженец	661
пассивность	661
мошенничество	661
замша	661
заглушка	661
догадки	661
двд	661
гробницы	661
вымпелком	661
валики	661
синтетика	660
приморье	660
начальница	660
антисептики	660
эверест	659
ухта	659
ураганы	659
стимуляторы	659
спекуляции	659
покойный	659
партизан	659
пандусы	659
отшельник	659
оклады	659
окисляется	659
незнакомка	659
москвичка	659
будка	659
аферисты	659
астры	659
аркан	659
аризона	659
эвелина	658
тпп	658
крепнет	658
изъян	658
аудитории	658
λ	658
черновик	657
цикличность	657
триплекс	657
саун	657
проектируется	657
проектирует	657
океанариум	657
наросты	657
концентраты	657
дуализм	657
гтд	657
валится	657
цветник	656
форбс	656
филин	656
ударяет	656
отождествляется	656
дубль	656
док	656
газопроводы	656
вылеты	656
ява	655
уроженка	655
согласованность	655
складка	655
глобал	655
воробьи	655
брендинг	655
беззаконие	655
человек-паук	654
толстяк	654
прогревание	654
подорожник	654
именины	654
шурупы	653
шлагбаум	653
украинка	653
телескопы	653
сударыня	653
противится	653
переустановка	653
обход	653
мастопатия	653
кейтеринг	653
издевается	653
вто	653
чешуя	652
хам	652
слежение	652
порнография	652
позволяется	652
опровержение	652
ночевка	652
мошки	652
индукция	652
дышится	652
богач	652
фкп	651
упущение	651
стыковка	651
пустяки	651
промышленники	651
поселенцы	651
перенаправление	651
наблюдательность	651
лебедка	651
константинополь	651
инок	651
женьшень	651
горючее	651
выкладка	651
валаам	651
шалфей	650
травмирует	650
розыск	650
подхватывает	650
подлец	650
квадроциклы	650
кабины	650
инф	650
индийцы	650
изгородь	650
избушка	650
закупорка	650
задаток	650
жвачка	650
добирается	650
диатез	650
аюрведы	650
удочка	649
портной	649
перепонки	649
парнас	649
литовцы	649
колбаски	649
хоббит	648
терем	648
танкисты	648
самопожертвование	648
ругань	648
потерпевшие	648
опубликование	648
наклоняется	648
курды	648
корзинка	648
зимует	648
затирка	648
амфитеатр	648
собирание	647
сквозняк	647
са	647
пофиг	647
последовательности	647
покорение	647
пиджаки	647
одноклассник	647
неповторимость	647
молодечно	647
искажается	647
иллюстратор	647
бийск	647
штора	646
человечность	646
тунец	646
рифма	646
растраты	646
разврат	646
прямоугольники	646
полистирол	646
панды	646
наволочки	646
минтранс	646
любознательность	646
дятел	646
дог	646
вельможи	646
ангел-хранитель	646
автомашина	646
шкурка	645
снабжается	645
планетарий	645
павлодар	645
нарколог	645
наивность	645
мичиган	645
лижет	645
корешка	645
зреет	645
вариатор	645
хартия	644
спайки	644
практ	644
парашют	644
мученики	644
меду	644
женится	644
днище	644
гипотиреоз	644
воинство	644
веревки	644
батончики	644
архетип	644
анонимность	644
шлагбаумы	643
шашки	643
черешня	643
целлюлоза	643
хонда	643
совмещается	643
скат	643
сжигается	643
рукоятки	643
психотерапевты	643
окрашивает	643
новенький	643
клубок	643
замораживание	643
вожатые	643
шумиха	642
самоопределение	642
самодержавие	642
ревнует	642
прабабушка	642
оз	642
наличествует	642
конфискация	642
градация	642
2а	642
ток-шоу	641
сепсис	641
полушарие	641
крабы	641
компонента	641
киевстар	641
гуфсин	641
госты	641
вояж	641
пн-пт	640
плотник	640
объятия	640
жид	640
https://www.youtube.com/...✂	640
чудак	639
сборщики	639
озёра	639
неприятель	639
лох	639
болячки	639
ацетон	639
шпильки	638
хурма	638
фикция	638
трусость	638
тестируется	638
порше	638
отравляет	638
нетерпимость	638
меньшинства	638
литера	638
вышки	638
аэрозоли	638
сверло	637
пэвм	637
плейлист	637
отвага	637
котики	637
корреспонденция	637
кассета	637
зажигалка	637
дополнит	637
геополитика	637
га	637
вкладчик	637
бруски	637
бегемот	637
амс	637
цинь	636
управленец	636
тф	636
типаж	636
сф	636
странность	636
синяк	636
реанимация	636
исламисты	636
достаточность	636
дозатор	636
генотип	636
безысходность	636
антигены	636
солярис	635
сиделка	635
растит	635
растирание	635
покровительствует	635
зубр	635
древние	635
дока	635
аппг	635
экспортирует	634
торжествует	634
соблазны	634
рыхление	634
лпнп	634
ладога	634
криз	634
канадцы	634
догмат	634
талибан	633
саркофаг	633
приклеивается	633
потеет	633
неповиновение	633
мансарда	633
любимцы	633
иллинойс	633
укрепления	632
тнк-вр	632
сосредоточенность	632
портер	632
пиявки	632
перерабатывает	632
лапароскопия	632
европеец	632
активатор	632
чудотворец	631
хд	631
фрилансеры	631
стела	631
платится	631
окей	631
настороженность	631
ботаник	631
5л	631
теплообменники	630
потребляется	630
поджидает	630
пара-тройка	630
литвин	630
коммерсанты	630
испуг	630
гейзер	630
баталии	630
шлемы	629
чародей	629
сосредоточится	629
смута	629
сменяет	629
построения	629
поручитель	629
полянка	629
полоцк	629
пейнтбол	629
отбивает	629
окись	629
лецитин	629
кукушка	629
конференц	629
компания-производитель	629
карапуз	629
капиталовложения	629
тумбочка	628
резисторы	628
разбой	628
перелинковка	628
оскол	628
ортопед	628
нуль	628
лесничество	628
живность	628
биохимия	628
цыпленок	627
формальности	627
филадельфия	627
ступни	627
рубин	627
расстается	627
пайка	627
обучаемость	627
облысение	627
небоскребы	627
метрополитен	627
лион	627
лилит	627
клеится	627
захватчики	627
заказник	627
вязка	627
антивирусы	627
чаш	626
царапина	626
халк	626
унисекс	626
трахается	626
то-есть	626
таджики	626
парадоксы	626
панк	626
овны	626
компоты	626
дц	626
ванночка	626
старообрядцы	625
ремиссия	625
причёска	625
поросенок	625
пестициды	625
отступления	625
настаивается	625
кровоточивость	625
иглоукалывание	625
геродот	625
вовлекает	625
аммиак	625
хлопает	624
узник	624
термос	624
ракетка	624
перетяжка	624
мораторий	624
лов	624
кент	624
девченки	624
футляр	623
равнины	623
отчитывается	623
департаменты	623
брюгге	623
божества	623
арт-директор	623
альпинизм	623
штатив	622
убыль	622
тупость	622
сиалис	622
резня	622
резкость	622
приостановка	622
оун	622
листовка	622
заводчик	622
елец	622
дню	622
гребни	622
бигуди	622
телка	621
сглаживает	621
припухлости	621
переключает	621
партнерка	621
обруч	621
мышьяк	621
лжец	621
катализаторы	621
кабардино-балкарии	621
интернационал	621
дымка	621
гуз	621
борт	621
бешенство	621
усовершенствования	620
спектры	620
сандалии	620
самоцель	620
придел	620
подработки	620
моск	620
кориандр	620
импортеры	620
журавль	620
жертвует	620
добродетели	620
дипломант	620
вторит	620
вишни	620
вертолёт	620
баба-яга	620
шоп	619
фотографирует	619
фастфуд	619
рош	619
презирает	619
кружит	619
концентрирует	619
ирбис	619
велотренажер	619
электропитание	618
фаллос	618
уха	618
триггер	618
спится	618
префект	618
оптимисты	618
налёт	618
монахини	618
лукавство	618
кхл	618
квинтэссенция	618
карина	618
змейка	618
засилье	618
диагностирование	618
гуд	618
виденье	618
афоризм	618
шитье	617
фитотерапия	617
толика	617
телега	617
сокровищница	617
скольжение	617
пропитывается	617
провидение	617
окутывает	617
наследует	617
дресс-код	617
гонится	617
вброс	617
буксир	617
экспрессия	616
щетина	616
углич	616
тромб	616
слоганы	616
прорастает	616
перестраивается	616
красавцы	616
жираф	616
доносит	616
делание	616
эсеры	615
сверка	615
рейх	615
разрядка	615
прокладывается	615
предубеждение	615
подголовник	615
мразь	615
мормышки	615
краеведение	615
кофта	615
империализм	615
доброволец	615
бродяги	615
чердак	614
топаз	614
кончина	614
дива	614
гласность	614
ветчина	614
сургутнефтегаз	613
солянка	613
ребеночек	613
присяжные	613
приговоры	613
прибавление	613
палестина	613
мазда	613
дрессировка	613
ди	613
девчушка	613
атп	613
хребты	612
ренат	612
подгонка	612
пастбища	612
национализация	612
мен	612
идентифицирует	612
дамаск	612
грешит	612
готы	612
воспитанница	612
эванс	611
тоталитаризм	611
предает	611
переполняет	611
оправа	611
каноэ	611
имат	611
европарламент	611
дебютирует	611
бульдог	611
анк	611
умывание	610
технониколь	610
прозвища	610
приватбанк	610
мамка	610
люфт	610
кексы	610
кавалеры	610
избиение	610
дайверы	610
водоотведение	610
вбирает	610
цветопередача	609
финалист	609
селекционеры	609
рудник	609
пренебрегает	609
праймериз	609
поэмы	609
половинки	609
плодоносит	609
перестрелка	609
недоразвитие	609
мануфактура	609
искусства	609
этимология	608
фура	608
телохранитель	608
регата	608
пришелец	608
невзгоды	608
лисы	608
кишит	608
затворы	608
госзаказ	608
ам	608
автограф	608
эмитент	607
увольняется	607
серость	607
рационализм	607
ракурсы	607
протон	607
проступает	607
петухи	607
перл	607
передел	607
отдаётся	607
мстит	607
металлообработка	607
майкоп	607
лопается	607
коментарии	607
инспектора	607
достаёт	607
аббатство	607
худеет	606
тысячелистник	606
смерч	606
реформаторы	606
режиссёры	606
предупреждения	606
питта	606
пенобетон	606
обвинитель	606
медиация	606
координаторы	606
кардамон	606
жжет	606
эдельвейс	605
шевелюра	605
смешивает	605
праведники	605
ползунки	605
перевороты	605
пансион	605
неудачники	605
метеор	605
кокос	605
кокаин	605
касание	605
иордания	605
инстанции	605
идиотизм	605
зацветает	605
шри-ланка	604
фэн-шуй	604
флажки	604
фарс	604
тюльпан	604
турагентство	604
селения	604
салюта	604
подработка	604
отсталость	604
новгородцы	604
надвигается	604
ломтики	604
кошечки	604
корневища	604
кбит	604
дисциплинированность	604
братик	604
харизма	603
стилизация	603
сателлиты	603
первоклассники	603
отворачивается	603
осина	603
одолевает	603
огонёк	603
несовместимость	603
мц	603
миллиард	603
мачты	603
котлован	603
кашпо	603
информагентства	603
еж	603
электрон	602
сарафаны	602
раскаяние	602
причастность	602
премудрость	602
клизма	602
интернет-ресурсы	602
издаёт	602
иголка	602
воздаяние	602
взыскания	602
взаимоотношение	602
1б	602
улей	601
турфирма	601
тестер	601
подрыв	601
подиум	601
норвежцы	601
мысу	601
москва-сити	601
лаборант	601
клише	601
квадроцикл	601
диспансеризация	601
аркада	601
шу	600
хп	600
стаканчики	600
распитие	600
пдк	600
крайность	600
графит	600
аижк	600
автоперевозки	600
экспортируется	599
хватка	599
сапожник	599
профицит	599
обитатель	599
наливается	599
мокасины	599
мешочек	599
джорджия	599
глыба	599
гидравлики	599
вегетарианство	599
бэкап	599
школа-интернат	598
фаст-фуд	598
теннисистка	598
столбцы	598
праведник	598
обоз	598
неск	598
кондуктор	598
кастрация	598
гтк	598
выбивается	598
видеофильм	598
блейк	598
электроприборы	597
сугробы	597
стражники	597
сознает	597
рабыня	597
иероглиф	597
дисконт	597
вятка	597
высчитывается	597
врезается	597
веяние	597
акимат	597
утес	596
упование	596
сухари	596
суеверие	596
отговорки	596
ндс	596
контрабанда	596
винегрет	596
ботильоны	596
башнефть	596
трансформирует	595
теплотрассы	595
симпатии	595
саманта	595
прядь	595
предвидение	595
домработница	595
гаишник	595
винница	595
былъ	595
буфет	595
аннулируется	595
частники	594
цыганка	594
хохот	594
санузлы	594
подушечки	594
пассажиропоток	594
обработчик	594
мобильник	594
лужники	594
ксерокопии	594
контрастирует	594
жиры	594
жимолость	594
диспетчерская	594
бамперы	594
алжир	594
автомашины	594
янки	593
технологичность	593
слежка	593
рубаха	593
преподается	593
отпускается	593
нужды	593
нейтрализация	593
мю	593
кабинки	593
истцы	593
заживляет	593
егеря	593
акциз	593
аквариумы	593
сырники	592
стает	592
смеху	592
самоучитель	592
патриархат	592
ослабляется	592
ляпы	592
лиссабон	592
липучки	592
жрица	592
генпрокурор	592
анальгетики	592
шип	591
хер	591
трактовки	591
столовые	591
следующее	591
сицилия	591
ремесла	591
редакции	591
мускул	591
мосгорсуд	591
мили	591
мешочки	591
кушанье	591
дакар	591
грозди	591
бьётся	591
экспортеры	590
туники	590
поэтика	590
пикеты	590
патрули	590
монополии	590
миасс	590
манипулирует	590
лохи	590
замечается	590
ежедневник	590
всд	590
эшелон	589
шалости	589
утихает	589
упоры	589
сожжение	589
слайдер	589
славянка	589
свежи	589
самообман	589
нигилизм	589
негодяи	589
меценат	589
кабаны	589
иордан	589
изумление	589
замкнутость	589
закваску	589
говорящий	589
верификация	589
балясины	589
фанатизм	588
трансгаз	588
травля	588
старушки	588
санация	588
рвк	588
рафтинг	588
пиф	588
норка	588
недоброжелатели	588
коровка	588
копчености	588
клатч	588
кавказцы	588
грим	588
веко	588
василиса	588
аква	588
цыган	587
циферблат	587
фуры	587
фанатики	587
углубляется	587
увд	587
репетиторы	587
пущино	587
протестует	587
побои	587
общежития	587
коллекционирование	587
грузчик	587
выглядывает	587
барометр	587
александрия	587
ёлочка	586
фиксаторы	586
транспортируется	586
самоорганизация	586
разносится	586
полочка	586
подагра	586
конопля	586
жби	586
глотает	586
бабло	586
ютуб	585
читательница	585
хрящи	585
француженка	585
рулон	585
полиуретан	585
позывной	585
пизда	585
орленок	585
ориентирует	585
начисляет	585
наследница	585
колонизация	585
индиана	585
закваска	585
завязка	585
ат	585
h.	585
юрид	584
хрящ	584
слезотечение	584
отвлекается	584
несостоятельность	584
изъяны	584
енот	584
бунты	584
благоразумие	584
бизнес-модель	584
афера	584
эклектика	583
удлиняет	583
точь-в-точь	583
тайм-аут	583
ранит	583
определенность	583
онр	583
лпк	583
ирис	583
затемнение	583
живость	583
высокомерие	583
влагостойкость	583
приближенные	582
отёк	582
отстаёт	582
нацизм	582
мфк	582
лапка	582
куплет	582
купается	582
корневище	582
карат	582
извращение	582
знаменатель	582
завуч	582
впишутся	582
брусника	582
аф	582
яичко	581
чад	581
фгу	581
униформа	581
узники	581
странности	581
сажает	581
рсо-алания	581
родоначальник	581
противоречивость	581
проповедники	581
пробежка	581
презервативы	581
подозрительность	581
отладка	581
невропатолог	581
небес	581
награждает	581
любимица	581
курага	581
кум	581
гипертрофия	581
гениальность	581
вскрывает	581
брэнд	581
бизнес-инкубатор	581
6-ндфл	581
ускоритель	580
прикормка	580
кузнецы	580
крылышки	580
контрагенты	580
замужество	580
верблюды	580
бритье	580
учащается	579
сдюшор	579
прорывается	579
проконсультирует	579
пессимизм	579
озвучивание	579
нихъ	579
мисис	579
иссечение	579
жало	579
громады	579
гладкость	579
белочка	579
балы	579
автопробег	579
сплит-система	578
скуд	578
проблемка	578
престижность	578
постовой	578
подати	578
отводы	578
напасть	578
волдыри	578
внешэкономбанк	578
автопилот	578
электросталь	577
сэндвич-панели	577
считывание	577
свиток	577
противопоставляется	577
пассажирка	577
очаровывает	577
крестики	577
колхозники	577
интегратор	577
избегание	577
граффити	577
братишка	577
укр	576
топоры	576
тачки	576
системность	576
сборщик	576
прикрепление	576
поселяется	576
манометр	576
купюра	576
кулинары	576
командировки	576
ящерица	575
электроэнергетика	575
шипение	575
хрусталик	575
финн	575
усиливающие	575
ставни	575
россыпь	575
прыщ	575
провожает	575
поливинилхлорид	575
перестановка	575
переполох	575
оспа	575
знать	575
запустение	575
заверения	575
водички	575
вовлекается	575
астрид	575
армянин	575
альба	575
размаху	574
равномерность	574
приангарья	574
осваивается	574
мироздание	574
манты	574
манекены	574
акация	574
чабрец	573
фердинанда	573
рифмы	573
проценту	573
проходная	573
придурки	573
невестки	573
листки	573
лимфодренаж	573
лекторий	573
кумиры	573
кривизна	573
кока-кола	573
киноленты	573
интервенция	573
воис	573
анархисты	573
электромотор	572
трость	572
супермен	572
стерео	572
слаженность	572
сглаз	572
редирект	572
неоднозначность	572
возобновляет	572
винит	572
венге	572
шоу-рум	571
флакончик	571
соавторы	571
сказуемое	571
пробиотики	571
повествуется	571
отростки	571
наделяется	571
мастики	571
ликвидируется	571
заикание	571
дот	571
гиппократ	571
автомойка	571
я	570
стирание	570
средоточие	570
прелюдия	570
папоротник	570
огороды	570
назначения	570
множественность	570
исправность	570
завязывается	570
добросовестность	570
грозы	570
воскрешение	570
влезает	570
акп	570
часовые	569
стокгольм	569
серьезность	569
семинария	569
русы	569
риелторы	569
рецензент	569
разлом	569
разлад	569
прим	569
подстерегает	569
пингвины	569
пестрит	569
перемешивание	569
ореол	569
комплексность	569
колхозы	569
интенсификация	569
загоняет	569
дали	569
высылает	569
веер	569
усматривает	568
соут	568
сигма	568
португальцы	568
поедание	568
депортация	568
декларирует	568
врёт	568
вице-мэр	568
валенсия	568
хунта	567
уговаривает	567
общительность	567
нумерология	567
жребий	567
желтеет	567
багет	567
алхимия	567
ширма	566
цветоводы	566
таунхаус	566
прорывы	566
прикасается	566
обрамление	566
обеззараживание	566
обгоняет	566
нимфы	566
невада	566
наемник	566
корсеты	566
кормится	566
кардиология	566
единорог	566
гравюра	566
владыко	566
хоровод	565
трафареты	565
тоо	565
стерлитамак	565
сони	565
промах	565
океаны	565
нок	565
навязывается	565
культивирование	565
кнопочка	565
фруктоза	564
стихает	564
сопряжение	564
сопрано	564
сводки	564
саркози	564
мф	564
мутанты	564
костюмчик	564
колышки	564
кабриолет	564
заслонка	564
дети-инвалиды	564
вдыхание	564
брифинг	564
шелкография	563
фашист	563
таран	563
стягивает	563
спарта	563
подавляется	563
обостряет	563
манга	563
лабиринты	563
интерпретирует	563
злоупотребляет	563
емкости	563
ебрр	563
гулаг	563
воззвание	563
блоггер	563
шашлыки	562
таракан	562
провокаторы	562
посыл	562
перебивает	562
неэффективность	562
ларс	562
кощунство	562
комик	562
интернет-сайт	562
жила	562
динозавр	562
грузооборот	562
госорганы	562
брошь	562
ястреб	561
фармацевт	561
супчик	561
сожаление	561
слинг	561
рывки	561
проспекты	561
притязания	561
правнуки	561
подборки	561
монетка	561
лекари	561
ктото	561
измельчение	561
дирижёр	561
вьюга	561
взимает	561
варка	561
букмекеры	561
эстонцы	560
цзин	560
хань	560
уэллс	560
северск	560
самодеятельность	560
персонализация	560
переносимость	560
нарва	560
минтруд	560
ложа	560
крюки	560
дяденька	560
денди	560
девственница	560
аэро	560
алопеция	560
шьет	559
шоколадки	559
чита	559
царствует	559
светила	559
приглашается	559
перепугу	559
переливы	559
отбивные	559
нагреватели	559
модерация	559
мерцание	559
лета	559
кобыла	559
ежи	559
гидромассаж	559
бе	559
шубка	558
урн	558
тропинки	558
стерильность	558
советуется	558
ручеек	558
разворачивает	558
пз	558
перехватывает	558
оптима	558
насмешка	558
колибри	558
кодеки	558
затухание	558
еретики	558
егрип	558
деревца	558
демография	558
дежурство	558
девятка	558
грызет	558
горстка	558
благоговение	558
банкрот	558
ханты	557
фланцы	557
фентези	557
срач	557
сеет	557
самоцветы	557
решётка	557
радиоволны	557
путники	557
ошибочность	557
нотации	557
минпромторг	557
магний	557
колба	557
казахстанцы	557
зной	557
аскетизм	557
счастливчики	556
сега	556
сдюсшор	556
роллеты	556
расчистка	556
разъясняется	556
правонарушения	556
плюрализм	556
отмирает	556
отвлечение	556
моэск	556
монтажник	556
красноармеец	556
искания	556
заявляется	556
жучки	556
горец	556
газоснабжение	556
арарат	556
увлажнители	555
труженик	555
рки	555
подчиняет	555
пнд	555
печет	555
отвес	555
неурядицы	555
нафиг	555
миллионеры	555
леопард	555
кофемашина	555
кисловодск	555
катарсис	555
картотека	555
децентрализация	555
гепатиты	555
8-ми	555
яичница	554
трейлеры	554
трансвеститы	554
термобелье	554
сепаратизм	554
сбегает	554
религиозность	554
поросята	554
подъезжает	554
подсудимые	554
мерзавец	554
казах	554
импортер	554
ибн	554
загран	554
вырезается	554
вары	554
эстер	553
термометры	553
теннисист	553
сынишка	553
рахит	553
пустышка	553
поту	553
обсудит	553
настает	553
моделирует	553
кондитеры	553
клерк	553
интеллектуал	553
изымается	553
заброс	553
гулянья	553
армейцы	553
азиаты	553
шлет	552
соображает	552
синь	552
преображает	552
плющ	552
пихта	552
перекрывается	552
матрешка	552
курятник	552
забвение	552
дергает	552
гематомы	552
взоры	552
бортики	552
фотоконкурс	551
ссуда	551
спорткомплекс	551
селедка	551
рум	551
разгоняет	551
нелюбовь	551
нардеп	551
нагромождение	551
мистик	551
маскируется	551
комочки	551
вторгается	551
арии	551
агрессор	551
энтропия	550
чучела	550
черепашки	550
субкультура	550
сотник	550
сорока	550
проезды	550
облепиха	550
мертвец	550
маркелов	550
криптовалюта	550
информированность	550
заказывается	550
вычисляет	550
этюд	549
фсг	549
упростит	549
тональность	549
стрип	549
сосредотачивается	549
смертные	549
ребрендинг	549
ранка	549
подставляет	549
подвиды	549
пластыри	549
перезвонит	549
пароизоляция	549
обж	549
нерешительность	549
мушки	549
краеведы	549
комар	549
грейпфрут	549
воспаляется	549
бразилец	549
баночки	549
упаковывается	548
умозаключения	548
тинькофф	548
тату	548
тайланд	548
субстанции	548
пленник	548
носы	548
неверующие	548
кондитер	548
километры	548
каратели	548
дир	548
девайсы	548
гроссмейстер	548
воронки	548
воет	548
веточка	548
блузы	548
бачок	548
угадывается	547
тускнеет	547
толстовки	547
самооборона	547
прорабатывает	547
помойка	547
подпрограмма	547
клининг	547
кинжалы	547
идолы	547
дрон	547
теплоотдача	546
капельницы	546
зарница	546
дес	546
взросление	546
банкеты	546
аватары	546
феерия	545
тройки	545
см	545
немощь	545
недоумевает	545
каска	545
испарения	545
инь	545
избирательность	545
вибрирует	545
бойня	545
шайка	544
таяние	544
страхует	544
сланцы	544
преследуется	544
пережиток	544
одаренность	544
морсы	544
лётчик	544
кровопролитие	544
исправляется	544
запал	544
бесстрашие	544
судостроение	543
сливает	543
сет	543
перерегистрация	543
отстранение	543
металлурги	543
кулинар	543
коул	543
контрасты	543
взятки	543
благовест	543
юзеры	542
тома	542
просадка	542
искушения	542
замещает	542
демократ	542
гривни	542
гимны	542
виснет	542
брахман	542
спекуляция	541
проецируется	541
префикс	541
пкм	541
перлы	541
окружающее	541
лодочки	541
креститель	541
котельники	541
конфетка	541
исполнительницы	541
заёмщик	541
зазеркалье	541
женихи	541
втягивает	541
военачальники	541
анкор	541
шелуха	540
фломастеры	540
слетает	540
репортеры	540
проносится	540
промежутки	540
приучает	540
пог	540
перс	540
муть	540
менструации	540
мдп	540
кувшин	540
извещения	540
здравница	540
замдиректора	540
густота	540
веса	540
биосфера	540
байер	540
шприцы	539
флер	539
турник	539
топот	539
режиссер-постановщик	539
редизайн	539
пунктуация	539
пакетики	539
оценщики	539
наречие	539
налаживает	539
москаль	539
дисперсия	539
декорация	539
выкидывает	539
вереница	539
бобры	539
хватается	538
уживается	538
трансы	538
сооснователь	538
сибиряк	538
подвижники	538
очко	538
мок	538
миру	538
йог	538
ингалятор	538
госкорпорация	538
великаны	538
анорексия	538
фолликул	537
свисток	537
пустыни	537
пряник	537
проступок	537
пробегает	537
однообразие	537
новочеркасск	537
новорожденные	537
начисляются	537
кулеры	537
геотекстиль	537
веха	537
бутон	537
богачи	537
аккумулирует	537
этанол	536
фестиваль-конкурс	536
толк	536
струится	536
словечки	536
пулеметы	536
подключает	536
побелка	536
мессенджер	536
капиталист	536
галстуки	536
ангары	536
ясенево	535
хаммер	535
тэг	535
самоанализ	535
разорение	535
пульсация	535
предтеча	535
орск	535
недоработки	535
звенигород	535
братск	535
удручает	534
токарь	534
стюардессы	534
регент	534
расщепляется	534
раздоры	534
пруссия	534
покровители	534
могильник	534
мировосприятие	534
кидается	534
инверсия	534
верона	534
балансирует	534
смекалка	533
сельчане	533
рффи	533
расправа	533
проделывает	533
полёты	533
поверья	533
нал	533
лейкоз	533
леггинсы	533
лактация	533
кураж	533
карьеры	533
декабристы	533
госдеп	533
умиление	532
спору	532
предписывается	532
пани	532
ниточки	532
нержавейка	532
националист	532
моо	532
лобня	532
канва	532
истечение	532
гири	532
вычитание	532
вытесняется	532
эксклюзив	531
цитадели	531
хгч	531
топика	531
семьянин	531
семга	531
ринопластика	531
препод	531
постановляет	531
помол	531
опиум	531
неприкосновенность	531
манас	531
дкп	531
ящерицы	530
юнион	530
физлица	530
ублюдок	530
телятина	530
свечка	530
рок-группа	530
размышление	530
просветитель	530
пирожное	530
мыслится	530
ковбой	530
истица	530
индеец	530
загрязняется	530
бедняки	530
ходатайства	529
пускается	529
партнёрство	529
месячник	529
мдм	529
лайка	529
краснуха	529
кампус	529
гкб	529
баги	529
акцизы	529
раздвоение	528
психозы	528
прихоть	528
припадок	528
префектура	528
преемники	528
подсолнечник	528
плавник	528
осыпается	528
натыкается	528
мрп	528
дрожание	528
доживает	528
дети-сироты	528
грузоподъёмность	528
враждебность	528
эмблемы	527
фристайл	527
фмба	527
флотилия	527
стратеги	527
соприкосновение	527
смр	527
реакторы	527
подчеркивание	527
подсчеты	527
отождествляет	527
мячики	527
кипяток	527
катетер	527
аск	527
эзотерика	526
цензор	526
училища	526
тит	526
распорядитель	526
продавец-консультант	526
повозки	526
крестоносцы	526
коготь	526
детеныш	526
делюкс	526
грива	526
государыня	526
глупец	526
вие	526
бандеровцы	526
яблочки	525
шуруповерт	525
штабеля	525
чайку	525
уругвай	525
тряпки	525
сервировка	525
поляризация	525
переживается	525
паштет	525
ориентированность	525
немка	525
невралгия	525
вычитается	525
барельефы	525
эльфийка	524
укладывает	524
тверская	524
слайд-шоу	524
сдерживание	524
ргб	524
противоядие	524
посёлки	524
ландыш	524
изза	524
звоночек	524
драматизм	524
гастроэнтеролог	524
баян	524
а4	524
энцефалопатия	523
туника	523
торшеры	523
тоника	523
скиф	523
сельхозпредприятия	523
пропускается	523
отваливается	523
объекта	523
монетки	523
мария	523
латыши	523
копи	523
квадратик	523
к-рой	523
защото	523
жилплощадь	523
жилища	523
гудок	523
голубцы	523
гои	523
апофеоз	523
адепт	523
шугаринг	522
фолликулы	522
утс	522
телефония	522
септики	522
ремейк	522
путается	522
плацу	522
пиратство	522
пески	522
лоси	522
колорадо	522
задыхается	522
доц	522
вырезка	522
воссоздает	522
белта	522
аир	522
ультрафиолет	521
сибиряки	521
разморозки	521
принцы	521
перегревается	521
нео	521
нектар	521
мясорубка	521
кэп	521
истолкование	521
жмет	521
дисковод	521
глохнет	521
вымывается	521
бессилие	521
триместр	520
стяжки	520
стройплощадки	520
псж	520
поедает	520
подошвы	520
подогревается	520
млад	520
кардио	520
бъде	520
автосалоны	520
шоу-программа	519
чебурашка	519
фреза	519
филологи	519
стекловолокно	519
сквозит	519
семинар-практикум	519
расщепляет	519
приятельница	519
похищает	519
пойма	519
обручи	519
модернизм	519
лопух	519
кавалерия	519
закупается	519
жрицы	519
гольфстрим	519
гнется	519
бинокли	519
артистизм	519
алушта	519
хургады	518
трансформации	518
телеинформ	518
сдерживается	518
птенец	518
прибалтика	518
предлоги	518
патрубок	518
парусник	518
павлин	518
накипь	518
лучник	518
лимитед	518
лайм	518
които	518
кобра	518
зальцбург	518
дрочит	518
дробилки	518
фобия	517
спирту	517
росбанк	517
проекции	517
причуды	517
подъ	517
новолуние	517
интернет-маркетинг	517
интернат	517
датчане	517
велес	517
варяги	517
аудирование	517
азат	517
экспериментатор	516
чак	516
хранительница	516
фарингит	516
уроженцы	516
тенор	516
тайм-менеджмент	516
соблазняет	516
рецессия	516
раф	516
пятнышко	516
призма	516
привидения	516
пожирает	516
орегон	516
окп	516
ниточка	516
лесенка	516
ирисы	516
индексируется	516
жеребьевка	516
дилетант	516
датировка	516
аутентификация	516
энциклопедии	515
чех	515
чернозем	515
чашечки	515
урология	515
сценка	515
сует	515
сердится	515
реликвия	515
плечики	515
мотоциклист	515
ква	515
дешевеет	515
амортизатор	515
активистка	515
техобслуживание	514
студенчество	514
сестричка	514
седло	514
рерайт	514
рабица	514
прадеды	514
посылается	514
погромы	514
погоны	514
перевешивает	514
низы	514
наталкивает	514
крупицы	514
индиго	514
иж	514
земледельцы	514
затихает	514
заправки	514
дубы	514
выпячивание	514
водоёмы	514
батенька	514
байкеры	514
асаны	514
эрдоган	513
цитируется	513
хард	513
фреймворк	513
фара	513
ученицы	513
теленок	513
сворачивает	513
риелтор	513
расплачивается	513
подтягивание	513
одн	513
ницца	513
интригует	513
егерь	513
дрессировщик	513
вернисаж	513
бобруйск	513
шелушится	512
шарм-эль-шейх	512
утонченность	512
управитель	512
стручки	512
спред	512
сновидец	512
сажа	512
приковывает	512
посох	512
переходники	512
перевозится	512
нч	512
монополист	512
корнеплод	512
колесница	512
инсайт	512
жезл	512
гиперчувствительность	512
вэй	512
выпады	512
бедняжка	512
арго	512
фитнес-клуб	511
старейшина	511
провоцируется	511
подстилка	511
мотыль	511
мот	511
маскарад	511
кинолента	511
алхимик	511
фотоснимки	510
фабула	510
украшается	510
туманность	510
соэ	510
отрывает	510
оргтехника	510
недовольные	510
мумия	510
магазинчик	510
клонирование	510
икота	510
закипает	510
дотации	510
дачник	510
бормочет	510
башмак	510
энергоблок	509
экстремисты	509
эксклюзивность	509
ценз	509
соковыжималка	509
сироп	509
плюшки	509
минор	509
маячит	509
композит	509
ведомые	509
астронавт	509
юниоры	508
фиброз	508
талоны	508
ся	508
сэз	508
страшилки	508
резистентность	508
предвестник	508
подарена	508
мазка	508
колонисты	508
кокс	508
ингрид	508
деликатность	508
выпивка	508
версаль	508
аэрозоль	508
астероиды	508
альфастрахование	508
албания	508
читаются	507
челнок	507
царапается	507
физиономия	507
термы	507
тайник	507
семяизвержение	507
рубит	507
предрекает	507
пенится	507
отправления	507
мн	507
лыжник	507
лесник	507
ксерокс	507
круиз-контроль	507
колодка	507
исключит	507
заговорщики	507
делегат	507
грамм	507
взаимность	507
шнурок	506
човек	506
устроители	506
уловки	506
тюль	506
тройник	506
телки	506
постмодернизм	506
помесь	506
подогреватель	506
оксфорд	506
обод	506
недосыпание	506
контрнаступление	506
колпачок	506
им	506
затвердевает	506
джипы	506
шпиль	505
фотостудия	505
тополя	505
сыщики	505
стёкла	505
радикулит	505
неврология	505
наречия	505
лентяй	505
лавра	505
изящность	505
достаётся	505
горцы	505
бога	505
бензопила	505
архиереи	505
фотик	504
фест	504
точит	504
сундуки	504
соцсети	504
сеньора	504
распри	504
разгибание	504
периферия	504
педикюра	504
отстаивание	504
органика	504
ногинск	504
недочёты	504
неаполь	504
логан	504
краткость	504
котлетки	504
интернет-банк	504
изоляторы	504
доминанта	504
гравюры	504
возмущения	504
брюнетки	504
бердск	504
чернигов	503
хаб	503
факторинг	503
уплотняется	503
стрелочки	503
скол	503
роспуск	503
рассасывается	503
переделки	503
отёки	503
отключения	503
организовывается	503
нагнетание	503
мироощущение	503
лучики	503
комсомол	503
коммюнике	503
клирики	503
интерпретируется	503
ибп	503
занижение	503
всс	503
блокноты	503
бирюза	503
фармацевты	502
троллинг	502
трапезная	502
сплит-системы	502
спд	502
синева	502
саксофон	502
расценивает	502
развлекается	502
общепит	502
нагар	502
конфронтация	502
каштаны	502
гонорары	502
агнец	502
ян	501
хип-хопа	501
флюс	501
упорядочение	501
тоскует	501
субпродукты	501
спасается	501
сиквел	501
роскосмос	501
раскладывает	501
психоаналитик	501
предпринимается	501
обрекает	501
непал	501
липы	501
кучер	501
камбоджа	501
ишемия	501
иранцы	501
инверторы	501
иеремия	501
впч	501
водостоки	501
виндсерфинг	501
ведра	501
ω	501
эмпатия	500
штурмовики	500
хостелы	500
франк	500
упс	500
снегоходы	500
склеивание	500
рвётся	500
рассматривание	500
разгул	500
окпо	500
ноша	500
миндалины	500
мерседес-бенц	500
задействуется	500
белизна	500
ангарск	500
2б	500
ширпотреб	499
харбин	499
условность	499
рукопожатие	499
разогревается	499
пропагандисты	499
предвкушение	499
полдник	499
повторяемость	499
пловец	499
огнетушитель	499
котор	499
кибернетика	499
карикатура	499
жол	499
ежедневники	499
документирование	499
груда	499
гроздья	499
гектор	499
вдыхает	499
адъютант	499
сноска	498
синица	498
сглаживание	498
прикладывание	498
полярность	498
минюст	498
ладит	498
задвижка	498
дуновение	498
взрослеет	498
веб-мастера	498
тётка	497
т	497
суспензия	497
ппс	497
помады	497
подписчик	497
пиктограммы	497
перезапуск	497
одеяние	497
налагается	497
награждается	497
микропроцессор	497
мантия	497
колючки	497
искусствоведы	497
ингибирует	497
игумен	497
дирижабль	497
госдолг	497
германцы	497
георгины	497
высвобождается	497
вешает	497
благоволение	497
бизнес-леди	497
башкиры	497
удешевление	496
угасание	496
рэпер	496
рггу	496
птк	496
привязывает	496
покорность	496
пантеон	496
отбой	496
нефтяник	496
милорд	496
иудей	496
естествознание	496
досада	496
всѣхъ	496
восполнение	496
берёза	496
асус	496
щека	495
шуя	495
чтец	495
трекер	495
сбрасывается	495
сателлит	495
сальники	495
резус	495
правоведение	495
переполнения	495
окклюзии	495
миссионер	495
лл	495
инсталляции	495
задор	495
болгарка	495
бинты	495
артикль	495
автозавод	495
авроры	495
устаревает	494
торонто	494
слюнки	494
санитары	494
отвергается	494
определитель	494
окантовка	494
наносятся	494
кузен	494
красноярска	494
залп	494
автострахование	494
хазар	493
туземцы	493
сау	493
росбалт	493
петушки	493
песчаник	493
парады	493
мкп	493
мачта	493
коагуляция	493
кбк	493
довольствуется	493
днп	493
властвует	493
видеозапись	493
благочестие	493
g.	493
хижина	492
фельдмаршал	492
уравновешенность	492
пригодность	492
пищит	492
нарциссы	492
крюк	492
выталкивает	492
бракосочетание	492
балетмейстер	492
шпилька	491
чует	491
черемушки	491
частушки	491
упрекает	491
триллеры	491
старухи	491
расклады	491
перчатка	491
отслойка	491
кукушки	491
кузова	491
компартия	491
загрязняет	491
елена	491
детеныши	491
гнездится	491
вихри	491
усть-каменогорск	490
тельце	490
слитки	490
сдавливает	490
свастика	490
просачивается	490
подлинники	490
поджог	490
нападающие	490
мсье	490
моды	490
мирок	490
медуза	490
локоть	490
квалифицируется	490
казармы	490
индивидуумы	490
извещатель	490
v.	490
َ	489
черновцы	489
съедается	489
северяне	489
рестайлинг	489
разрушения	489
пробой	489
пристает	489
пилки	489
новатор	489
мсб	489
крайслер	489
кофточка	489
кладовка	489
кардиган	489
истинность	489
зр	489
дурочка	489
дурачок	489
дисциплинирует	489
дао	489
грааль	489
голубчик	489
автодорога	489
1см	489
эмигрант	488
субсчет	488
советчик	488
седмица	488
приветик	488
преследования	488
полуфинал	488
перекусы	488
пережитки	488
первокурсники	488
пд	488
парогенератор	488
кун	488
байдарки	488
судоходство	487
случает	487
скачивается	487
рати	487
разыгрывает	487
пылает	487
пролеты	487
половодье	487
плеяда	487
пленные	487
пастыри	487
палачи	487
опустошение	487
несоответствия	487
недочет	487
миллениум	487
людишки	487
заражает	487
гонец	487
гис	487
видеоуроки	487
бармены	487
авианосец	487
энцефалит	486
фармакология	486
свидания	486
растворимость	486
печали	486
оптимум	486
недооценка	486
наем	486
косит	486
конунг	486
кепка	486
каланхоэ	486
зачисляется	486
заделка	486
ессентуки	486
еврозоны	486
дрейф	486
донна	486
высасывает	486
верхи	486
болтает	486
70-летие	486
экспедитор	485
швейцарцы	485
чсс	485
типографии	485
сестрица	485
сережки	485
образчик	485
коррективы	485
консерватория	485
кан	485
излечивает	485
ется	485
диво	485
город-курорт	485
гирудотерапия	485
гибка	485
бедняк	485
аллегория	485
суздаль	484
русалочка	484
просрочки	484
популяции	484
пончики	484
отблеск	484
онколог	484
обетования	484
нпц	484
некрополь	484
коммерциализация	484
информагентство	484
зубчик	484
город-герой	484
военнопленные	484
внахлест	484
5-е	484
ютэйр	483
эстет	483
эсминец	483
формация	483
релевантность	483
порез	483
переадресация	483
наполняемость	483
накрывается	483
наз	483
нависает	483
молл	483
каньон	483
кайл	483
глоссарий	483
гильза	483
вынашивание	483
бытовка	483
апатиты	483
m.	483
эпиграф	482
формализация	482
сепаратор	482
радары	482
пат	482
отдаленность	482
нелюди	482
мышки	482
кошелёк	482
империи	482
железобетон	482
душица	482
демонстранты	482
боекомплект	482
атланта	482
абажур	482
сосуществование	481
самопознание	481
протестантизм	481
правомочий	481
подгруппа	481
пассивы	481
мечтатель	481
мгла	481
кассиры	481
калькуляция	481
избранница	481
затор	481
дымок	481
гнц	481
враньё	481
века	481
веб-студия	481
батон	481
авантюра	481
черноморец	480
че	480
толкует	480
прибыли	480
подсудность	480
отодвигается	480
основывает	480
наледь	480
итс	480
заплатки	480
газпромнефть	480
впитается	480
шахматист	479
чихание	479
уговоры	479
ублюдки	479
убеждается	479
тиф	479
рск	479
растягивание	479
окупает	479
оксиды	479
огнетушители	479
интеллигенты	479
застревает	479
залит	479
вице-адмирал	479
богъ	479
бархатцы	479
атф	479
акватория	479
i.	479
фикус	478
утяжеляет	478
туши	478
стояки	478
следопыт	478
сланец	478
селяне	478
сгустка	478
роддом	478
проливает	478
подсчитывает	478
педиатрия	478
орды	478
обменивается	478
медиум	478
казусы	478
интенсив	478
дублируется	478
вмещается	478
7-ми	478
юрисдикция	477
эвкалипт	477
шпионаж	477
стопка	477
сорочка	477
словечко	477
сельхоз	477
руз	477
ржавеет	477
рефлюкс	477
пролетарий	477
позвонок	477
подбегает	477
плотва	477
пловцы	477
огнестойкость	477
нагружает	477
мордочка	477
догма	477
дергается	477
дезодоранты	477
вопрошает	477
башкирия	477
аг	477
энтузиаст	476
скандинавы	476
приподнимает	476
поклейка	476
пляшет	476
отталкивается	476
оглядывается	476
ежевика	476
дискредитирует	476
грезы	476
высится	476
варварство	476
бугры	476
бмп	476
шествия	475
фронтовики	475
усердие	475
умерший	475
социал-демократы	475
скалолазание	475
серпантин	475
семейства	475
результативность	475
разносит	475
плащи	475
пирс	475
отпугиватель	475
лаос	475
крадет	475
конюшня	475
конфигурирование	475
комиссионные	475
ищется	475
шток	474
сдаёт	474
раздвигает	474
притворяется	474
поливает	474
медальон	474
лоббирование	474
ларец	474
интернет-проект	474
инквизитор	474
иез	474
залпы	474
дорожит	474
гитары	474
выслушивает	474
возвышенность	474
беготня	474
антитела	474
умоляет	473
спичка	473
рвы	473
рассылает	473
пчеловоды	473
пристанище	473
полководцы	473
полицаи	473
поклевка	473
первопричина	473
отцовство	473
орёт	473
объ	473
напрягается	473
мобильники	473
митр	473
магнетизм	473
красноармейцы	473
дворики	473
главком	473
браконьеры	473
тарификация	472
тамань	472
соображение	472
свищ	472
реформатор	472
рассчитает	472
пиццерия	472
переориентация	472
меху	472
леденцы	472
латы	472
коллизия	472
кад	472
залегает	472
зажигается	472
жулик	472
дупло	472
дочурка	472
гложет	472
вяжет	472
айрат	472
стаканчик	471
саперы	471
румыны	471
ромб	471
пустошь	471
прочистка	471
промокоды	471
плодоношение	471
перекрестки	471
патрульно-постовой	471
недостача	471
индивидуализация	471
дожидается	471
гликоген	471
братва	471
честолюбие	470
червяк	470
уретрит	470
сараи	470
пчеловодство	470
пропуски	470
послесловие	470
подсолнух	470
писец	470
пехотинцы	470
опции	470
обозреватели	470
нижегородцы	470
мышонок	470
лейтмотив	470
иссякает	470
диалекты	470
гфс	470
гаммы	470
верует	470
бордель	470
басы	470
артиллеристы	470
частник	469
фонтанка	469
тыквы	469
тромбоциты	469
тарелочки	469
супермодель	469
райффайзенбанк	469
прадедушка	469
пивоварня	469
передышка	469
парники	469
наставничество	469
мс	469
мели	469
марий	469
магистранты	469
контрацепция	469
интернет-издание	469
запугивание	469
ведерко	469
бердянск	469
аргон	469
абонементы	469
травматизм	468
тирасполь	468
сх	468
суммируется	468
спирты	468
сожительство	468
рычит	468
перламутр	468
перебирает	468
отлучение	468
монархи	468
мальки	468
корпоративы	468
конкретизация	468
заболеваемость	468
диверсии	468
веселит	468
вандалы	468
барды	468
эрос	467
тросы	467
тиражирование	467
смешарики	467
салават	467
ресторатор	467
разыскивается	467
пэчворк	467
превосходительство	467
поликистоз	467
поклонницы	467
первоисточник	467
патриархи	467
олово	467
некромант	467
начертание	467
морозильник	467
липнет	467
казинформ	467
ингибитор	467
еф	467
домовладение	467
волеизъявление	467
броши	467
черногории	466
скорбит	466
предчувствия	466
повидло	466
отступ	466
обжигает	466
мигрант	466
метеориты	466
меркнет	466
лс	466
кучи	466
коллективизация	466
интерактивность	466
дольщик	466
вынимает	466
античность	466
аденома	466
шейк	465
ущемляет	465
тормозится	465
телесериал	465
придирки	465
плоту	465
осветляет	465
митсубиси	465
минстрой	465
лён	465
лол	465
коммуналка	465
интернет-реклама	465
дублирует	465
доктрины	465
диуретики	465
дите	465
вылазит	465
волкодав	465
вис	465
аут	465
артриты	465
μ	465
цистерна	464
този	464
слякоть	464
расписывается	464
путеводители	464
псалтирь	464
проку	464
пасть	464
пароходы	464
ныряет	464
неясность	464
кабинка	464
готика	464
гороскопы	464
голосок	464
главбух	464
водолазы	464
венчик	464
щелкает	463
фотокамеры	463
уходы	463
упрек	463
трактаты	463
сгибается	463
русал	463
раскладушка	463
развертывается	463
прёт	463
поправляет	463
пиарщики	463
отсылки	463
опк	463
окс	463
мольбы	463
метла	463
мадемуазель	463
кулаки	463
контр-адмирал	463
изобретательность	463
дроны	463
дикость	463
вертолёты	463
булочка	463
акцентируется	463
пуговица	462
проклятия	462
предвестники	462
плетение	462
пешка	462
пародонтоз	462
офп	462
ободок	462
инжектор	462
гобелен	462
выбегает	462
вздор	462
барыня	462
бандитизм	462
цзн	461
фиксирование	461
удлиняется	461
тэс	461
табун	461
считыватель	461
сговор	461
подснежники	461
подзаголовок	461
пароходство	461
легионеры	461
конвейеры	461
клизм	461
забастовки	461
жития	461
дружинники	461
дорама	461
диспетчеры	461
вынимается	461
веб-дизайн	461
валет	461
бойфренд	461
эстрада	460
эволюционирует	460
терзает	460
разглашается	460
работается	460
пурга	460
посягательство	460
пламень	460
пассат	460
паровозы	460
ноздри	460
нарезается	460
морозко	460
льётся	460
коренья	460
каюта	460
извещатели	460
денек	460
вебмастер	460
аппендицит	460
хуйня	459
тез	459
субвенции	459
сорняк	459
постулаты	459
плотники	459
наследуется	459
наклеивается	459
мозоль	459
мап	459
локомотивы	459
кремень	459
корвет	459
кипарис	459
инк	459
знамена	459
еврейка	459
волшебницы	459
беспомощность	459
авеню	459
шымкент	458
хайнань	458
траншея	458
ссо	458
смотр-конкурс	458
севилья	458
сварог	458
ропот	458
разряжается	458
погремушки	458
первосвященник	458
отрок	458
отпрыск	458
нарост	458
любуется	458
купальни	458
доценты	458
дерзость	458
вынашивает	458
атташе	458
черновики	457
хайп	457
феминистки	457
увлеченность	457
трампа	457
танкер	457
счётчики	457
суррогат	457
руд	457
рекламы	457
растягивает	457
правомерность	457
помолвки	457
папоротники	457
очистители	457
ограничители	457
безумец	457
батька	457
атриум	457
аппликатор	457
хохочет	456
тромбофлебит	456
тетки	456
стульчики	456
стенограмма	456
сент	456
роуминг	456
преодолевается	456
послабления	456
попечитель	456
подопечный	456
подменяет	456
пинки	456
перчик	456
оферта	456
ораторы	456
козёл	456
кассеты	456
дык	456
демократизация	456
гусар	456
государи	456
виртуализация	456
эпицентр	455
шатры	455
хладагент	455
теплоходы	455
скумбрия	455
сбалансированность	455
редукторы	455
развлекает	455
презенты	455
порождается	455
попутчики	455
пиксель	455
отрабатывается	455
откаты	455
магнат	455
липиды	455
концерны	455
ключевики	455
икар	455
дряблость	455
днес	455
диане	455
вымирает	455
выкупает	455
водопоглощение	455
влияния	455
вибраторы	455
взаимозависимость	455
веб-камера	455
башенки	455
эякуляция	454
этносы	454
суппозитории	454
стк	454
сионисты	454
расстраивается	454
предается	454
обличает	454
молотки	454
линяет	454
лейкоцитоз	454
коровки	454
колл	454
карлин	454
засыпка	454
жаворонок	454
дамба	454
выгорание	454
ё	453
фармация	453
фармацевтика	453
согаз	453
собрат	453
сантехника	453
рыжик	453
р	453
подпорки	453
повторы	453
питон	453
парик	453
отекает	453
обличение	453
недобор	453
мнется	453
лётчики	453
кувшины	453
кнессета	453
завоеватели	453
ежегодник	453
глухарь	453
гвинея	453
вопросик	453
волокита	453
вог	453
безработный	453
бдения	453
армада	453
арестованный	453
юстиции	452
эндометрий	452
чешет	452
чеканка	452
упорядоченность	452
узо	452
узнавание	452
тундра	452
самозванец	452
пульсирует	452
полумесяц	452
пересвет	452
новеллы	452
материк	452
ловец	452
компромат	452
компании-производители	452
кзот	452
ирландцы	452
изваяния	452
зануда	452
заминка	452
врач-терапевт	452
вместилище	452
бдительность	452
устюг	451
укрупнение	451
сползает	451
реалист	451
предохранители	451
плевок	451
пищевод	451
панама	451
павловск	451
ориентировка	451
одиночки	451
никон	451
мотоциклисты	451
мета	451
коренится	451
кондиломы	451
затворник	451
дьякон	451
дозволяет	451
ветошь	451
веб-мастер	451
брюшко	451
автоматизирует	451
эрудит	450
электроинструмент	450
улетучивается	450
тази	450
стажер	450
рекламируется	450
реагент	450
разъедает	450
пупок	450
пск	450
предотвращается	450
полумрак	450
подступы	450
нора	450
многолетники	450
колли	450
кедры	450
календула	450
интеллигентность	450
загрузится	450
гниды	450
връзка	450
болеутоляющее	450
благоденствие	450
безграмотность	450
авиатор	450
экспортер	449
раздражается	449
простыня	449
приемники	449
подбрасывает	449
пломбирование	449
народности	449
миопия	449
культиватор	449
кашляет	449
знахари	449
горсовет	449
гонорея	449
генерал-губернатор	449
блесна	449
акцепт	449
агрофирма	449
щепотка	448
шубина	448
шлифование	448
холлы	448
фриз	448
ультиматум	448
сорбент	448
светлость	448
распятие	448
разъёмы	448
подгузник	448
палестинцы	448
мушка	448
мучение	448
мпа	448
милы	448
милашка	448
изобретает	448
воркута	448
эхолот	447
фигуранты	447
уралвагонзавод	447
трясется	447
строфа	447
согласует	447
сифон	447
саранча	447
раненый	447
подражает	447
невинность	447
коляда	447
кишки	447
искупление	447
жертвенность	447
грейс	447
бледнеет	447
благоверный	447
банька	447
энурез	446
шифон	446
хохол	446
хазары	446
течка	446
сальник	446
респондент	446
палермо	446
откачка	446
опыление	446
оперы	446
мангалы	446
кашица	446
зачитывает	446
дол	446
бургер	446
бульоны	446
б-г	446
штуцер	445
холера	445
транзакция	445
столяр	445
спа-центр	445
референт	445
порто	445
подсоединение	445
подогревает	445
пдн	445
оцифровка	445
нуар	445
неведение	445
населяет	445
минприроды	445
манго	445
кокшетау	445
карлики	445
засорение	445
горн	445
брелоки	445
благоволит	445
чудище	444
холодок	444
формализм	444
условности	444
рычание	444
рукавицы	444
прокладывает	444
перечисления	444
омывает	444
озонотерапия	444
мирон	444
кафтан	444
интроверт	444
дальнозоркость	444
гм	444
выцветает	444
блуза	444
ходунки	443
фундук	443
стыдится	443
стражник	443
сковородки	443
скептик	443
симуляторы	443
реинкарнация	443
переиздание	443
отметины	443
лотереи	443
лепит	443
кушанья	443
корректоры	443
ко	443
завсегдатаи	443
гуманность	443
голавль	443
гнид	443
гвардейцы	443
вилы	443
бязь	443
бразильцы	443
беспилотники	443
баритон	443
аська	443
агу	443
чехословакия	442
хост	442
форс-мажор	442
умиляет	442
тушка	442
сороки	442
свердловск	442
разочаровывает	442
обнародование	442
леви	442
крутизна	442
кобры	442
кинематографисты	442
игу	442
зарисовка	442
желуди	442
домостроение	442
дельцы	442
гортензия	442
горняки	442
верховенство	442
арендует	442
андорра	442
агония	442
автомобилестроение	442
абзацы	442
этнограф	441
эндопротезирование	441
шнурки	441
третье	441
соперница	441
смайлы	441
сказочник	441
райсуд	441
пьяницы	441
просчет	441
поясняется	441
пограничник	441
плот	441
першение	441
парилка	441
осязание	441
омбудсмен	441
обливание	441
наливает	441
медиатор	441
мгновение	441
летальность	441
колоноскопия	441
кладёт	441
кис	441
закачка	441
живётся	441
дежурит	441
вращает	441
антагонисты	441
аль-каида	441
шк	440
транквилизаторы	440
тель	440
телочка	440
сплетение	440
спаржа	440
соленья	440
пристав-исполнитель	440
примерка	440
правнук	440
остов	440
морды	440
купирование	440
карбонат	440
зайчики	440
дизайн-студия	440
выбывает	440
бетоны	440
шипит	439
шахматисты	439
хвастается	439
тракторист	439
темпу	439
сыроедение	439
спот	439
псв	439
показуха	439
подсчитывается	439
отмывание	439
осетия-алания	439
одесситы	439
оговаривает	439
метеорологи	439
марксисты	439
инопланетянин	439
живописцы	439
дуры	439
гряда	439
глины	439
въезжает	439
бюрократы	439
бульба	439
бдение	439
арбитры	439
эпилог	438
туберкулёз	438
тис	438
тапки	438
схватывает	438
сеточка	438
своихъ	438
рыдает	438
рекс	438
прутья	438
прорисовка	438
поясок	438
парламентарий	438
ответвление	438
маньяки	438
ландинг	438
дерматологи	438
декларируется	438
дека	438
вырывает	438
втягивается	438
веселится	438
вдовы	438
беларусбанк	438
асбест	438
альтруизм	438
ал	438
шоу-бизнес	437
таскает	437
спойлеры	437
секундомер	437
светоч	437
речки	437
прописи	437
призывники	437
похитители	437
повадки	437
печется	437
перечесть	437
пеноблоки	437
парочки	437
осетины	437
мульчирование	437
лопаты	437
лавр	437
куркума	437
колпаки	437
клен	437
киса	437
договаривается	437
гобелены	437
гемангиома	437
выговор	437
авантюрист	437
этнография	436
часики	436
фекалии	436
уста	436
ткп	436
тау	436
талибы	436
според	436
светлячок	436
осб	436
копирайт	436
канадец	436
информатор	436
дисквалификация	436
динамизм	436
диклофенак	436
впадина	436
возится	436
взвесь	436
фреска	435
фенхель	435
фа	435
стелька	435
селена	435
сдавливание	435
ракушка	435
проскальзывает	435
похождения	435
отголосок	435
онтология	435
оглашение	435
молодые	435
камыш	435
кадровик	435
духота	435
грустит	435
возвышает	435
бойлеры	435
агни	435
автодор	435
электрификация	434
умницы	434
удав	434
сэс	434
серб	434
самовнушение	434
руна	434
реалити-шоу	434
прожилки	434
подсоединяется	434
овечка	434
наследодатель	434
локон	434
лаг	434
катаклизм	434
карусели	434
калька	434
играющие	434
заносы	434
делишки	434
глажка	434
гкп	434
генштаб	434
выходки	434
вояки	434
вотчина	434
физиолог	433
траншеи	433
сосание	433
проволочки	433
посланники	433
одуванчики	433
магистрант	433
кутюрье	433
интурист	433
инициация	433
дошкольник	433
джинн	433
горно-алтайск	433
геодезия	433
гейнер	433
гангрена	433
блик	433
блажь	433
башка	433
бам	433
аякс	433
автошколы	433
эвакуаторы	432
угар	432
увр	432
синод	432
рассеивает	432
подоплека	432
подонки	432
патриархия	432
недоработка	432
насильник	432
молодожёны	432
максимализм	432
крошки	432
искорки	432
дырочка	432
воеводы	432
властитель	432
ветрянка	432
бахрома	432
цветоносы	431
фотон	431
турне	431
титры	431
стар	431
скручивание	431
прорезывание	431
приборостроение	431
праведность	431
покровительство	431
неуплата	431
испускает	431
иммобилайзер	431
заграница	431
дознаватель	431
диспропорции	431
гипотония	431
гидравлика	431
бараки	431
экстрасенс	430
шакал	430
турникеты	430
трябва	430
транспортирование	430
тонометр	430
стелла	430
смятение	430
приучение	430
прельщает	430
полотенцесушитель	430
перекладывает	430
пекарня	430
нз	430
мотоблок	430
множитель	430
метаморфоза	430
ликует	430
лестер	430
лебедки	430
кубы	430
кадастр	430
застаивается	430
джемпер	430
бетонирование	430
безмятежность	430
ампулы	430
уц	429
удешевляет	429
талгат	429
столпы	429
пугается	429
противоборство	429
предваряет	429
подпитка	429
опорожнение	429
нерюнгри	429
мультсериал	429
корреляции	429
кипячение	429
кентавр	429
знамение	429
брадикардия	429
биограф	429
альбатрос	429
аксиомы	429
хината	428
ужгород	428
роговица	428
ратует	428
расстрелы	428
подстава	428
плети	428
перетягивание	428
ответчики	428
отведение	428
обнажает	428
незрелость	428
мятежники	428
мутант	428
микроорганизм	428
микроб	428
ксенон	428
капель	428
имярек	428
зацепки	428
дурь	428
ди-джей	428
варвар	428
ботва	428
автофокус	428
щадит	427
шпаргалка	427
черкесы	427
рекламщики	427
пятницы	427
противодействует	427
причалы	427
побывает	427
пеллеты	427
комсомолка	427
детоксикация	427
дарт	427
вд	427
ароматизатор	427
эльба	426
химера	426
фотоматериалы	426
тройники	426
сирийцы	426
саботаж	426
рессоры	426
рерайтинг	426
просвечивает	426
пож	426
орехово	426
ночник	426
неординарность	426
колесики	426
изгоняет	426
газонокосилка	426
автостат	426
щечки	425
шатается	425
феи	425
урбанизация	425
списывает	425
спецпредложение	425
сотка	425
согласования	425
реформация	425
регистратура	425
пушок	425
онлайн-сервис	425
леся	425
искорка	425
инфаркты	425
затмевает	425
дерется	425
вцспс	425
бон	425
алкаш	425
яги	424
фюзеляж	424
сирены	424
сваливается	424
рационализация	424
пожимает	424
ноябрьск	424
небосвод	424
монблан	424
мистерия	424
мать-одиночка	424
кристаллизация	424
кельты	424
зёрна	424
закрытость	424
дождевик	424
градусник	424
горловина	424
гештальт	424
вымя	424
вольфрам	424
водоизмещение	424
влетает	424
антрацит	424
экстази	423
эвм	423
хвощ	423
тушки	423
тезка	423
спускает	423
сбросы	423
прикрывается	423
полисахариды	423
плеск	423
офтальмологи	423
отрицается	423
отр	423
нлмк	423
нигерия	423
набухание	423
камертон	423
ипр	423
дюбели	423
безделушки	423
альфонс	423
швеллер	422
умозаключение	422
сумасшествие	422
смущение	422
сероводород	422
простаивает	422
погром	422
пианистка	422
перстни	422
отзывает	422
ортопедия	422
оладушки	422
нирвана	422
насмешки	422
манка	422
майнинг	422
вменяется	422
багги	422
амазонка	422
австралийцы	422
шакалы	421
флористика	421
самураи	421
саморегулирование	421
раздор	421
психи	421
прославляет	421
починка	421
полукруг	421
подлог	421
платинум	421
мобилизует	421
метрополь	421
конкретика	421
интерфакс-украина	421
инертность	421
доверчивость	421
гипер	421
высвобождает	421
вскрывается	421
вздохи	421
бартер	421
архетипы	421
антилопы	421
штуковина	420
уголку	420
туркестан	420
смог	420
растениеводство	420
промоутер	420
подсолнухи	420
отслоение	420
ленится	420
лекторы	420
лавочка	420
катамаран	420
измельчитель	420
завитки	420
деменция	420
давка	420
голубка	420
глухота	420
вожделение	420
язь	419
фисташки	419
тысячелетие	419
статика	419
скрытие	419
себорея	419
разлив	419
пропагандист	419
прижигание	419
остеоартроз	419
наезды	419
мускус	419
мкд	419
кухарка	419
кружочки	419
компьютеризация	419
истончается	419
ир	419
вьетнамцы	419
бубен	419
беспилотник	419
атол	419
ампутация	419
яблочко	418
фитбол	418
фильтрует	418
триггеры	418
склоняет	418
рустем	418
регламентируются	418
пудель	418
прима	418
преломление	418
предлежание	418
пошлость	418
осьминог	418
непоседа	418
мини-отель	418
маш	418
ландыши	418
колличество	418
казанцы	418
исполком	418
зажигалки	418
двойняшки	418
гефест	418
гвт	418
врач-педиатр	418
возмещается	418
вельвет	418
бородавка	418
бинбанк	418
баскетболисты	418
агрегатор	418
энзимы	417
эндорфины	417
цикорий	417
хрестоматия	417
фотоэпиляция	417
фотоны	417
утюги	417
торпед	417
специалист-эксперт	417
сопереживание	417
перераб	417
перепечатка	417
отрава	417
олигархия	417
мэйл	417
крещатик	417
карбон	417
госучреждения	417
вздрагивает	417
ямайка	416
юморист	416
эйвон	416
утолщения	416
трепещет	416
суматоха	416
струйка	416
сочетаемость	416
слюноотделение	416
рособрнадзор	416
реновация	416
проясняется	416
призывник	416
портьеры	416
обмундирование	416
медузы	416
лимузины	416
иммунизация	416
ид	416
жаворонки	416
дубина	416
договорённость	416
грифон	416
водораздел	416
братан	416
бобр	416
блефаропластика	416
биотехнология	416
штамповка	415
сардиния	415
распределитель	415
провозглашается	415
правомочия	415
побоище	415
плывёт	415
надзиратель	415
кредитка	415
дистрибуция	415
говорение	415
газообразование	415
шмель	414
тинао	414
суперкар	414
сноровка	414
синтезирует	414
поп-арт	414
ооп	414
одерживает	414
магнитофон	414
кустик	414
кбайт	414
катамараны	414
каменщики	414
ивантеевка	414
дхармы	414
дощечки	414
василек	414
анонсирует	414
экспериментирует	413
целеполагание	413
фосфаты	413
стейки	413
ремонтирует	413
разг	413
противопоказание	413
пропажа	413
присяга	413
приклад	413
попутчик	413
княжества	413
доспех	413
гиподинамия	413
вокалисты	413
военкомат	413
виола	413
бедолага	413
ама	413
ужастики	412
трицепс	412
стенограммы	412
специя	412
роженица	412
ресторанчики	412
разбиение	412
продуманность	412
отсекает	412
отпрыски	412
осушение	412
образность	412
облачение	412
неподвижность	412
мишура	412
мальчуган	412
конференц-залы	412
истончение	412
думы	412
диакон	412
дедлайн	412
гипогликемия	412
апдейта	412
айпад	412
3а	412
эрудиция	411
шьется	411
штанины	411
цельность	411
улики	411
спецоперация	411
скептицизм	411
священномученик	411
реактивность	411
раздевалка	411
проясняет	411
повозка	411
пиру	411
периодизация	411
монгол	411
лазурь	411
копируется	411
кондуктора	411
компиляция	411
инсульты	411
демагогия	411
всичко	411
березки	411
барсы	411
банты	411
бадминтон	411
авиабилеты	411
эскалация	410
электромонтаж	410
хариус	410
тяготит	410
трапеция	410
телок	410
сосок	410
смельчаки	410
реставраторы	410
праймер	410
поручается	410
пиршество	410
обособление	410
ниокр	410
нелепость	410
молодеет	410
кротость	410
конфета	410
интернет-пользователи	410
запрашивается	410
вымывает	410
баронесса	410
асы	410
амнезия	410
авиаперевозчик	410
щупальца	409
щелочь	409
фст	409
убытка	409
третий	409
топология	409
сородичи	409
солдатики	409
снега	409
сму	409
скрытность	409
ртс	409
ретинол	409
разжигает	409
пробежки	409
пари	409
окулист	409
новомосковск	409
моргает	409
лукавит	409
кроссворды	409
котлета	409
кортикостероиды	409
империал	409
драгоценность	409
деструкция	409
вагончики	409
бомбардир	409
бард	409
балдахин	409
ε	409
эфиопия	408
эритема	408
фора	408
феодалы	408
фанатик	408
уссурийск	408
траверсы	408
тнк	408
тетерева	408
рукодельницы	408
ремешки	408
резак	408
подушечка	408
отмирание	408
отличники	408
острие	408
односельчане	408
мультипликатор	408
лизингополучатель	408
котируется	408
коллажи	408
клочок	408
кладовщик	408
жучок	408
жерех	408
дикарь	408
ворчит	408
винтик	408
ведомость	408
шуб	407
успокоение	407
упаду	407
траектории	407
разблокировка	407
простои	407
почести	407
отапливается	407
огнь	407
нагноение	407
массажисты	407
мальдивы	407
ложечка	407
латынь	407
конкретизирует	407
коллективизм	407
иммуноглобулины	407
изречения	407
элегия	406
ти	406
тетенька	406
стыкуется	406
стрекоза	406
соотнесение	406
скрапбукинг	406
роняет	406
ремонтируется	406
промоутеры	406
порицание	406
пнр	406
оздоравливает	406
ломота	406
завышение	406
грозится	406
борнео	406
боковины	406
язвочки	405
электрочайник	405
эквалайзер	405
хоспис	405
табаку	405
страховки	405
скребок	405
ско	405
склонение	405
рестораторы	405
прогибается	405
полюса	405
поли	405
подонок	405
непосредственность	405
мольберт	405
минерализация	405
мик	405
мерцает	405
медперсонал	405
льготники	405
лучники	405
лепет	405
ларингит	405
ламинация	405
коленки	405
клоп	405
клонит	405
испаритель	405
еис	405
домовладельцы	405
вырезание	405
шутник	404
штрих-код	404
флуктуации	404
тренажёры	404
скоба	404
семинар-тренинг	404
реутов	404
пуски	404
профанация	404
проток	404
приоткрывает	404
прения	404
племянники	404
пачкается	404
ослик	404
овечки	404
нечистый	404
непоследовательность	404
листопад	404
клеточка	404
диффузор	404
динамовцы	404
грелка	404
гонение	404
вьется	404
вциом	404
биодоступность	404
бегуны	404
баффет	404
апдейт	404
анджей	404
язычка	403
щербинка	403
щелково	403
улус	403
тюрки	403
томограф	403
студио	403
смягчается	403
ритейлер	403
ретроспектива	403
път	403
поджимает	403
пиндосы	403
паузы	403
оранжерея	403
обрывы	403
непоседы	403
натиск	403
надпочечники	403
купания	403
кашемир	403
истощает	403
извращенец	403
загляденье	403
жилка	403
даллас	403
всхожесть	403
воспламеняется	403
волчок	403
владычица	403
веб-сайты	403
юго-восток	402
шельф	402
фанфик	402
учители	402
угощает	402
созыв	402
рефлексотерапия	402
рассеянность	402
почет	402
полковники	402
пожаробезопасность	402
отстоит	402
мамонт	402
дженерики	402
вырезы	402
вскакивает	402
впк	402
аллерген	402
ёж	401
щитки	401
чингисхан	401
хана	401
хазин	401
фигуристы	401
уравновешивает	401
увещевания	401
тизер	401
селектор	401
робость	401
потасовка	401
подымается	401
погашается	401
плещется	401
отдаляется	401
нск	401
нимфа	401
нетерпение	401
молдаван	401
мистики	401
кудряшки	401
консерватор	401
единообразие	401
дексаметазон	401
годик	401
восседает	401
возвещает	401
виноделы	401
бизнес-класс	401
беглец	401
ашхабад	401
эстроген	400
эскадрилья	400
штурмовик	400
халиф	400
уклоны	400
ткач	400
судейство	400
старички	400
смрад	400
рецептор	400
расследуется	400
пробирается	400
перебирается	400
оштукатуривание	400
отбеливает	400
недоделки	400
метит	400
масть	400
мамонты	400
кокон	400
кардиологи	400
каменщик	400
инициирование	400
зарабатывание	400
заправляет	400
жар-птица	400
диффузия	400
выгоняет	400
вечеря	400
антрополог	400
алкаши	400
акушерство	400
электроприбор	399
ханство	399
страшит	399
слёт	399
слабоумие	399
свидетельница	399
рапс	399
полуприцепы	399
перитонит	399
первоклассник	399
отодвигает	399
онкологи	399
одноклассница	399
новация	399
мизер	399
литографии	399
каски	399
казеин	399
вывихи	399
бизнес-идея	399
00ч	399
ярмо	398
яду	398
эдем	398
шунтирование	398
шир	398
чутка	398
чернь	398
узбек	398
травки	398
пьется	398
проездной	398
модемы	398
малость	398
лейпциг	398
компенсаторы	398
камешек	398
импортирует	398
дозирование	398
восстает	398
бильярдная	398
безмолвие	398
аквапарки	398
шкафчик	397
чужак	397
хосты	397
феодализм	397
тщательность	397
торпеда	397
теплопотери	397
скачивает	397
сдавление	397
раскручивается	397
пролежни	397
проблески	397
позолота	397
передатчики	397
ньюс	397
наставляет	397
мим	397
лунка	397
кореец	397
клею	397
долгота	397
джихад	397
грош	397
басня	397
арт-терапия	397
анестезиолог	397
экстаз	396
шовинизм	396
уголовники	396
томится	396
рулетики	396
природопользование	396
прививает	396
полуфабрикат	396
пирожок	396
пилит	396
перфекционизм	396
переустройство	396
пасека	396
охот	396
непринятие	396
недоступность	396
насыпь	396
напряга	396
мэры	396
моторчик	396
маркируется	396
лупа	396
крок	396
конвент	396
застегивается	396
зарастает	396
дженерик	396
глицин	396
вываливается	396
врач-стоматолог	396
вероисповедание	396
вандализм	396
аэрография	396
астрал	396
торс	395
стюардесса	395
села	395
самоутверждение	395
перформанс	395
обмороки	395
обители	395
многолетник	395
миротворцы	395
летие	395
избирком	395
замешательство	395
закручивается	395
девается	395
высаживается	395
баловство	395
аппетиты	395
ямка	394
экскременты	394
шоколадка	394
тренер-преподаватель	394
трезвость	394
тайм	394
рег	394
разрядность	394
приподнимается	394
примеряет	394
первички	394
очевидность	394
нотка	394
неразвитость	394
мясник	394
мда	394
мвк	394
маневрирование	394
лиана	394
кэт	394
конкретность	394
кастанеды	394
караваны	394
змейки	394
водянка	394
вкуснятина	394
витилиго	394
бургеры	394
бургас	394
бронхи	394
билирубин	394
эллипс	393
устремленность	393
сынуля	393
статейка	393
смайлик	393
скупость	393
скиту	393
синицы	393
пряжки	393
планктон	393
патрубки	393
отражатель	393
остеопатия	393
опубликует	393
новосибирцы	393
лишения	393
колет	393
казни	393
императив	393
ейск	393
дюймовочка	393
дырки	393
гармошка	393
внп	393
вискоза	393
брендирование	393
антропологи	393
акрил	393
авторадио	393
шаль	392
хорваты	392
универсиада	392
уважуха	392
сооружается	392
северодвинск	392
сворачивание	392
самадхи	392
поучение	392
подсознание	392
ото	392
наличник	392
миротворец	392
интернет-банкинг	392
жирок	392
голодает	392
бездействует	392
автопортрет	392
авиаперелет	392
абсцессы	392
чесотка	391
чередуется	391
цветность	391
трубочка	391
тромбы	391
траур	391
токсоплазмоз	391
таллинн	391
приватбанка	391
подносит	391
подголовники	391
парктроник	391
опечатки	391
овердрафт	391
неожиданности	391
морозилки	391
межсезонье	391
лазурит	391
зигзаг	391
доверитель	391
двина	391
врач-гинеколог	391
висмута	391
батик	391
аффект	391
акупунктура	391
t1	391
эрика	390
шеллак	390
хамаса	390
френч	390
фев	390
удушье	390
титаны	390
техпаспорт	390
расправляется	390
ра	390
профориентация	390
прессинг	390
покроется	390
писает	390
перевозит	390
оман	390
озерки	390
метриум	390
лакей	390
кормилец	390
компаньоны	390
комиссары	390
кантор	390
избы	390
застежки	390
ассистенты	390
ассимиляция	390
ястребы	389
шортики	389
швабра	389
холдинги	389
развилка	389
потертости	389
поросль	389
полиграф	389
перелёт	389
овчарки	389
обговаривается	389
многослойность	389
кузнечик	389
красочность	389
короны	389
конфетти	389
заявительница	389
завистники	389
долгострой	389
дифференциал	389
дилетанты	389
гарпун	389
бухучет	389
ботфорты	389
юбиляр	388
фоны	388
расчесывание	388
ракета-носитель	388
разлетается	388
преподаёт	388
преднизолон	388
подрабатывает	388
подвес	388
массажеры	388
клич	388
затрачивает	388
жарит	388
единодушие	388
допросы	388
деревенька	388
блокаторы	388
бизнес-центры	388
http://svidok.ua/...✂	388
212-фз	388
штык	387
упп	387
суицид	387
субъективность	387
свистит	387
свинг	387
рушит	387
рецензенты	387
разрушитель	387
пчеловод	387
проставление	387
пандора	387
модус	387
мвц	387
малярия	387
лицеи	387
ладится	387
крошится	387
ирод	387
излучатель	387
дезинфицирует	387
вешается	387
веб-аналитики	387
бездельники	387
альянсы	387
юниор	386
устраняются	386
скупает	386
секьюрити	386
ростсельмаш	386
репка	386
растрата	386
размытие	386
радист	386
полдень	386
пересыхает	386
пальпация	386
осуждается	386
овраг	386
недруги	386
лср	386
кружочек	386
десятилетия	386
даль	386
гидроксид	386
гетры	386
вошь	386
виолончель	386
авиабилет	386
энергоснабжение	385
эйлат	385
хандра	385
фстэк	385
фильтруется	385
ульи	385
раскраски	385
радиосвязь	385
промывается	385
приятие	385
привит	385
полуприцеп	385
покрышка	385
покровительница	385
перемычка	385
онк	385
обломок	385
наталкивается	385
модуляция	385
мелисса	385
консервант	385
кака	385
иллюстрируется	385
зафиксирует	385
дербент	385
властители	385
бычки	385
брючки	385
беспечность	385
африканцы	385
чёткость	384
стайка	384
созывает	384
свитка	384
распылитель	384
продуцирует	384
приёмник	384
приспособленность	384
приобретения	384
ополаскиватель	384
нарисует	384
мопед	384
монологи	384
меган	384
масонство	384
иф	384
изгибается	384
евраз	384
диспорт	384
гур	384
би-би-си	384
2шт	384
шлюшка	383
хаджи	383
фмс	383
суммирование	383
самоотверженность	383
русификатор	383
раздаётся	383
обесценивание	383
мальчишник	383
льстит	383
кэширование	383
крепки	383
калмыкия	383
изолятор	383
двойники	383
всеволожск	383
австралиец	383
юнит	382
читы	382
хомячки	382
хищения	382
ухищрения	382
усмешка	382
уазик	382
ргп	382
просветляет	382
прогоняет	382
пилюли	382
облачко	382
миллиардеры	382
лпвп	382
конфликтует	382
кирпичики	382
кинешма	382
инсценировка	382
индексирует	382
икеа	382
заседатели	382
дискавери	382
джет	382
гранатомет	382
горничные	382
воодушевляет	382
вич-инфекция	382
валяние	382
буэнос-айрес	382
болван	382
береты	382
ящер	381
шотландцы	381
чиж	381
уздечка	381
тотем	381
топ-менеджмент	381
такс	381
раритеты	381
разрезается	381
правоспособность	381
плафоны	381
переноска	381
охта	381
непостоянство	381
лисичка	381
крестьянка	381
клянется	381
кивок	381
каз	381
зодчие	381
заезжает	381
дрозд	381
грудничок	381
великодушие	381
борщи	381
юникредит	380
эталоны	380
ступает	380
спорткар	380
славянск	380
репродукция	380
проецирует	380
ники	380
навещает	380
манжета	380
мамочки	380
максимизация	380
коробит	380
измерители	380
замещается	380
дрофа	380
диверсанты	380
джорджии	380
гротеск	380
грабит	380
гончар	380
гипергидроз	380
галки	380
газонокосилки	380
абд	380
шуй	379
ходжа	379
тимбилдинг	379
суперкомпьютер	379
сторожа	379
стилус	379
спидометр	379
свитки	379
прополка	379
паразитирует	379
пагоды	379
оградит	379
номинанты	379
мена	379
медиана	379
маляр	379
макрофаги	379
лисички	379
лаура	379
кузнечики	379
конфликтность	379
истощается	379
заражается	379
жует	379
еспч	379
выбытие	379
вазоны	379
хронограф	378
хромота	378
усыновители	378
слышимость	378
сетчатка	378
сабля	378
расчленение	378
рапунцель	378
проскакивает	378
преобладание	378
песик	378
паропроницаемость	378
паи	378
отдыхающий	378
нахер	378
наутилус	378
магнитотерапия	378
контрразведка	378
колон	378
изн	378
государства-члены	378
выпуклости	378
блоха	378
безъ	378
антипод	378
эш	377
эмир	377
турбаза	377
транскрипция	377
травмирование	377
топинамбур	377
спр	377
распадется	377
пышма	377
продавцы-консультанты	377
подсушивает	377
пижама	377
паки	377
отмазка	377
накопится	377
метели	377
костёр	377
кворум	377
инфобизнес	377
иноки	377
даосизм	377
гимназисты	377
выкладки	377
весельчак	377
броненосец	377
бинокль	377
барсук	377
архыз	377
автосервисы	377
якоря	376
энтеросгель	376
шлейфы	376
ча	376
царапает	376
фитиль	376
уральск	376
стоп-лосс	376
синьор	376
сбис	376
руж	376
полотенцесушители	376
подумывает	376
опровергается	376
нэнси	376
неграмотность	376
завалы	376
двойня	376
госуниверситет	376
голограмма	376
гастарбайтеры	376
валидность	376
афганцы	376
актуализируется	376
авиасообщение	376
ящера	375
фреон	375
странники	375
соловьи	375
ресиверы	375
просчеты	375
перекладина	375
окб	375
мерило	375
католик	375
завхоз	375
дублер	375
гпу	375
барельеф	375
базальт	375
арен	375
фехтование	374
узость	374
тестеры	374
тач	374
стиляги	374
сочувствует	374
самоназвание	374
подкрепляет	374
петровка	374
перекосы	374
омичи	374
негодует	374
кувшинки	374
красные	374
красноярцы	374
ковёр	374
импровизации	374
затухает	374
жёсткость	374
дэвис	374
диджеи	374
глицерин	374
гладиолусы	374
вице-министр	374
яшма	373
фронтовик	373
фес	373
тюрьмы	373
тоники	373
сопричастность	373
скутеры	373
половцы	373
пленница	373
печора	373
песчинки	373
нарекания	373
марионетки	373
ионизатор	373
изолирует	373
вмятина	373
вещицы	373
анб	373
активистки	373
автографы	373
шторка	372
удостоверяется	372
страус	372
сос	372
складывание	372
святки	372
реванш	372
р-спорт	372
приносится	372
полутона	372
плацдарм	372
очищаются	372
оод	372
непредставление	372
москали	372
моллюск	372
митридат	372
жэк	372
журчание	372
гланды	372
генплан	372
банкинг	372
александровка	372
эпохи	371
хлопки	371
хардкор	371
собранность	371
распознается	371
пьянка	371
пчелка	371
пролетарии	371
петергоф	371
паровозик	371
ориген	371
облегает	371
неврологи	371
накатывает	371
мочевина	371
марионетка	371
кухня-столовая	371
колется	371
инсектициды	371
защелка	371
глазго	371
волонтерство	371
босния	371
асб	371
анвар	371
электролит	370
экс-чемпион	370
укс	370
стринги	370
сообщники	370
соед	370
смайл	370
русофобия	370
раскалывается	370
подлодка	370
поджоги	370
песец	370
отсчитывается	370
непорядок	370
настенька	370
московия	370
метелица	370
кроты	370
книжечка	370
казва	370
дюфастон	370
булава	370
бпла	370
басни	370
бантики	370
антиплагиат	370
авторитаризм	370
аббат	370
уборщицы	369
трет	369
старосты	369
старица	369
спонсирует	369
симуляция	369
сестрички	369
прострел	369
патио	369
партнерки	369
основательница	369
обэп	369
образованность	369
мракобесие	369
костик	369
квиллинг	369
казмунайгаз	369
зарядье	369
жарка	369
даг	369
гладиатор	369
виртуоз	369
ангиография	369
чис	368
целительница	368
усыпальница	368
туша	368
терзания	368
тенториум	368
твердеет	368
тачпад	368
собиратель	368
снадобье	368
сварщики	368
рябь	368
пролонгация	368
притч	368
печеньки	368
оправдания	368
мон	368
междунар	368
комочек	368
кинологи	368
инфильтрация	368
заблуждается	368
ещ	368
вселение	368
бристоль	368
бомбардировка	368
шт	367
увлажняется	367
сноб	367
сидней	367
связанна	367
самообладание	367
ружьё	367
решка	367
подключится	367
передержки	367
ошейники	367
отбросы	367
методички	367
меньшевики	367
конфуз	367
конденсация	367
интерпретатор	367
зимовка	367
гудки	367
грядка	367
генштаба	367
балансы	367
айфоны	367
язычник	366
чуваки	366
цукаты	366
хургада	366
фак	366
тёща	366
траф	366
топик	366
теснота	366
теплоемкость	366
темиртау	366
самодисциплина	366
разоблачает	366
пси	366
прогревает	366
подсчёт	366
перегон	366
пасе	366
нисходит	366
меланхолия	366
космонавтика	366
киргизы	366
квартирка	366
канун	366
источает	366
выздоравливает	366
вспыльчивость	366
бондарь	366
благость	366
бескорыстие	366
альтаир	366
юзабилити	365
эссенция	365
толстовка	365
теплится	365
татар-информ	365
таврия	365
сподвижники	365
скорострельность	365
санитар	365
подклад	365
пинцет	365
пилигрим	365
перипетии	365
пентхаус	365
парма	365
носорог	365
моются	365
медпункт	365
локи	365
квартплата	365
ирригатор	365
импульсивность	365
грезит	365
гликозиды	365
водоросль	365
ботиночки	365
ббк	365
апологеты	365
адаптивность	365
ø	365
электропоезд	364
шустер	364
шлепанцы	364
чеченец	364
урна	364
топит	364
тесьма	364
свора	364
публицисты	364
приношение	364
пожелтение	364
подножка	364
окаменелости	364
ограждает	364
мужественность	364
ломит	364
конусы	364
континуум	364
завязи	364
жилетка	364
директория	364
деточка	364
дебит	364
газораспределение	364
венец	364
бюджетники	364
80-е	364
языкознание	363
яз	363
щётка	363
шелл	363
чертаново	363
тирания	363
твит	363
тахометр	363
стрижи	363
рельефы	363
раритет	363
протекционизм	363
промышленник	363
полиомиелит	363
повиновение	363
письмена	363
пегас	363
паломник	363
относительность	363
оош	363
неявка	363
наваждение	363
минималка	363
мандат	363
ликование	363
киль	363
йошкар-ола	363
ереван	363
гололедица	363
гигиеничность	363
гепард	363
вывозит	363
ворсинки	363
анадырь	363
3d-принтер	363
эстакада	362
чиновница	362
филлеры	362
тренажёр	362
токсин	362
тат	362
спецназовцы	362
сопоставляет	362
пульпит	362
поршни	362
огурчик	362
облавы	362
норвежец	362
мишени	362
мексиканцы	362
медработники	362
машинисты	362
масштабируемость	362
короед	362
конферансье	362
капкан	362
капитуляция	362
изливается	362
звукорежиссер	362
завал	362
гребешки	362
вышивание	362
выводок	362
вертушки	362
амбулатория	362
алхимики	362
аввакум	362
p.	362
фрезерование	361
увядание	361
тристан	361
тонер	361
статс-секретарь	361
ставленник	361
свд	361
сближается	361
сантиметр	361
росно	361
рб	361
путч	361
подстройка	361
писарь	361
пинк	361
мэриленд	361
колхозник	361
индус	361
заложники	361
ерш	361
дубаи	361
десантник	361
глазницы	361
вытирает	361
вордпресс	361
варна	361
альманах	361
шеф-повара	360
цкп	360
фриц	360
тропарь	360
староверы	360
сперматозоид	360
сканера	360
свая	360
римма	360
реставратор	360
распускается	360
правообладатели	360
послушник	360
пленники	360
пересказывает	360
партийцы	360
овёс	360
овраги	360
нат	360
микрозайм	360
лайнеры	360
лазертаг	360
клиентоориентированность	360
запчасть	360
замерзание	360
дядьки	360
громада	360
гастролирует	360
верба	360
боливия	360
барбарис	360
антидепрессант	360
англичанка	360
фосагро	359
фигуристка	359
убрир	359
танцпол	359
сумрак	359
сочится	359
сионизм	359
сгорание	359
регрессия	359
прошедшее	359
потенциалы	359
мкмоль	359
ментол	359
легионы	359
куп	359
кортизол	359
кораблики	359
книжники	359
исходы	359
исследовательница	359
заключённые	359
глупцы	359
гбит	359
выпрямитель	359
выпирает	359
впс	359
алек	359
цедра	358
умолку	358
стивенсон	358
смазывается	358
рубежи	358
разжижает	358
протрузия	358
подавленность	358
петроград	358
паства	358
пароварка	358
отработает	358
ничтожество	358
ммс	358
кфс	358
квтч	358
катехизис	358
капица	358
итальянка	358
интел	358
замачивание	358
господдержка	358
госдепартамент	358
вуаль	358
блютуз	358
аналогии	358
америкосы	358
умка	357
такт	357
сумбур	357
сельхозпроизводители	357
селфи	357
растрескивание	357
раввины	357
предзнаменование	357
перекрёсток	357
переваривает	357
павлины	357
осушители	357
огибает	357
обеспокоенность	357
оак	357
морфин	357
моп	357
мечтатели	357
лабрадор	357
кчр	357
иллюминации	357
заклепки	357
живучесть	357
еэк	357
евхаристия	357
диагностирует	357
деформируются	357
гистероскопия	357
взыскивается	357
астон	357
шнуровка	356
улочка	356
тск	356
триммер	356
толкователи	356
телевизионщики	356
солдатик	356
склеп	356
скаку	356
сепараторы	356
причёски	356
приписка	356
подданный	356
перевязка	356
паренёк	356
орша	356
орудует	356
нара	356
мортон	356
листочек	356
лейка	356
лань	356
кручение	356
констатируется	356
кинофильмы	356
каталония	356
искрится	356
започва	356
жилищник	356
дробовик	356
гувернантки	356
гувернантка	356
главред	356
венди	356
аль-фараби	356
автоответчик	356
японки	355
шеф-редактор	355
швейцарец	355
шаровары	355
утренник	355
телепрограмма	355
ступня	355
способствование	355
сопровождающий	355
сатиры	355
ритмичность	355
речушки	355
регионалы	355
поделятся	355
метронидазол	355
лепешка	355
корысть	355
конфиденциальность	355
кепки	355
кармы	355
именинницы	355
извиняется	355
застает	355
древности	355
дезинформация	355
данилов	355
гидра	355
бодрствует	355
ягодка	354
цент	354
хрустит	354
халтура	354
фетр	354
торпеды	354
содом	354
рукодельница	354
ректоры	354
признательность	354
пиломатериал	354
пеликан	354
отскок	354
отморозки	354
окситоцин	354
окрасы	354
озаряет	354
огорчение	354
номинант	354
набегает	354
молдаване	354
минусинск	354
мастит	354
логи	354
лимонник	354
комнатка	354
клеточки	354
иван	354
запорожцы	354
еп	354
дроссель	354
джокер	354
гоа	354
гибискус	354
гарниры	354
виноградник	354
бездельник	354
антей	354
авторынок	354
эллиот	353
чизкейк	353
фэншуй	353
уподобляется	353
тов	353
титр	353
сосёт	353
сват	353
пыл	353
политтехнологи	353
печатание	353
обыденность	353
недополучает	353
монти	353
луцк	353
кунцево	353
кардиганы	353
изотопы	353
загадочность	353
жёны	353
декреты	353
дакота	353
госпредприятия	353
гипотензия	353
гимнастка	353
выскабливание	353
воспрещается	353
вожатый	353
вертит	353
буки	353
бахчисарай	353
аш	353
арендодатели	353
алабуга	353
5т	353
шуточки	352
штормы	352
стишки	352
полосочки	352
подергивания	352
плазмолифтинг	352
перст	352
пекарь	352
орбиты	352
нижнекамск	352
нехватает	352
мучит	352
мис	352
минчане	352
мет	352
мархи	352
ктг	352
изваяние	352
зебры	352
здоровяк	352
заз	352
заваривается	352
дюбель	352
достъп	352
дивы	352
детокс	352
горячка	352
гингивит	352
ворд	352
вольности	352
вереницы	352
баптисты	352
5лет	352
черкассы	351
чело	351
хлещет	351
сундучок	351
совместительство	351
сиг	351
сансары	351
расслабится	351
позорище	351
питерцы	351
ойл	351
мбрр	351
матрешки	351
лазейка	351
коэф	351
заучивание	351
зарание	351
дубликаты	351
драпировка	351
гробы	351
гестапо	351
вязь	351
вооружения	351
вереск	351
ведомый	351
бизнес-школа	351
штифт	350
шнек	350
шашка	350
циркон	350
хай	350
функционеры	350
фик	350
торшер	350
тизеры	350
стесняет	350
слепит	350
сказалъ	350
самомнение	350
росинка	350
референдумы	350
ревет	350
прыщик	350
почтение	350
пародонтит	350
обжиг	350
настоятельница	350
любовницы	350
лстк	350
генподрядчик	350
воздушность	350
взрывает	350
альвеол	350
акрополь	350
хостер	349
фортепьяно	349
синергетика	349
розочки	349
ригели	349
рейн	349
рейдеры	349
рбк-украина	349
рассольник	349
план-график	349
оркестры	349
обзорность	349
неосторожность	349
кавер	349
ионизация	349
засор	349
жижа	349
декораторы	349
декоратор	349
воротнички	349
воительница	349
боруссия	349
барашек	349
аэрация	349
аккредитив	349
шлифуется	348
шинель	348
ровность	348
редиска	348
проседает	348
подсвечивается	348
подпитывает	348
подменяется	348
панасоник	348
отп	348
отличница	348
неандертальцы	348
минометы	348
метаболизируется	348
медальоны	348
махараджа	348
логичность	348
контр	348
гжель	348
взаиморасчеты	348
ветеринария	348
бестия	348
барби	348
яуза	347
черемуха	347
франкфурт	347
тепловизор	347
стриж	347
стационары	347
сорбенты	347
седаны	347
рюмка	347
роет	347
ритмика	347
редукция	347
рассеяние	347
разглядывает	347
разглаживается	347
прихоти	347
обдумывает	347
налеты	347
морока	347
мерещится	347
лужайка	347
логистик	347
либретто	347
ленэнерго	347
красноречие	347
кк	347
кириллица	347
кидалово	347
дуэты	347
древность	347
видеооператор	347
бирюзы	347
асфальтирование	347
автоматизм	347
τ	347
христианка	346
хлебозавод	346
феноменология	346
смыкается	346
свертываемость	346
самородок	346
причитается	346
порка	346
подступает	346
подмышки	346
перекличка	346
первоуральск	346
пвд	346
пагода	346
осмотрительность	346
научение	346
мосфильм	346
мизинец	346
мечтания	346
лж	346
китай-город	346
кейдж	346
жгут	346
додж	346
дегенерация	346
бомбоубежище	346
благодетель	346
бета-версия	346
бесшумность	346
бельгийцы	346
хомяки	345
хна	345
факсы	345
узнается	345
ужастик	345
танкист	345
сушится	345
стройматериал	345
собираемость	345
ситечко	345
сина	345
ремарка	345
раскольники	345
произ	345
программатор	345
председательствует	345
правоотношение	345
перенимает	345
отклоняет	345
оос	345
обманщик	345
николаевка	345
многозадачность	345
където	345
коннектор	345
командор	345
колосс	345
козыри	345
каньоны	345
исчерпывает	345
жалует	345
диско	345
двиг	345
цум	344
фобос	344
фараоны	344
устроение	344
стеб	344
склейка	344
сержанты	344
саги	344
регистры	344
распирает	344
радар-детектор	344
посланец	344
пастель	344
откидывается	344
отбирается	344
нв	344
начес	344
мерзавцы	344
мгп	344
лсд	344
лепс	344
криотерапия	344
кофточки	344
жк-дисплей	344
евразэс	344
долгожители	344
детерминанты	344
гадюка	344
гадит	344
выпад	344
бет	344
273-фз	344
яхт-клуб	343
холл	343
флис	343
угмк	343
сыпется	343
скрепляет	343
сервизы	343
ручейки	343
рокот	343
ринц	343
ремонтопригодность	343
рвёт	343
раздевается	343
пуловер	343
предвидит	343
предвзятость	343
понедельник-пятница	343
погреба	343
переключения	343
оттеняет	343
мия	343
ленэкспо	343
козни	343
камушек	343
именинница	343
извращенцы	343
идентификаторы	343
донец	343
диверсия	343
грызун	343
глазок	343
гиперссылка	343
возрождает	343
викарий	343
вегас	343
бодрствование	343
акробатика	343
шуршит	342
страусы	342
скан	342
свисает	342
разделка	342
преамбула	342
покровка	342
перегружает	342
оперативник	342
оккультизм	342
натуралист	342
куница	342
крайности	342
кабардино-балкария	342
зернистость	342
диоген	342
дворецкий	342
голгофа	342
вост	342
вегетарианец	342
болячка	342
балансир	342
автоюрист	342
шииты	341
хвостики	341
фбс	341
фальшивка	341
училка	341
тюз	341
телекамеры	341
тед	341
считывается	341
судится	341
страна-производитель	341
социалист	341
систематики	341
сигнализатор	341
разглаживание	341
работяги	341
проигравшие	341
популизм	341
попаданцы	341
пляска	341
перловка	341
ночует	341
наполи	341
мв	341
материки	341
листик	341
лесничий	341
икры	341
зачеты	341
загнивание	341
гомосексуалисты	341
гломерулонефрит	341
вице-премьер-министр	341
беспристрастность	341
беж	341
башмаки	341
архипастырь	341
амфибии	341
энергосбыт	340
шёлк	340
шофёр	340
хижины	340
успение	340
сыру	340
синтепон	340
садист	340
разделитель	340
пятилетка	340
проон	340
притягивается	340
пресвитер	340
пересматривается	340
медведково	340
лишайники	340
летописцы	340
лансер	340
концентратор	340
кондак	340
исходники	340
инсайдеры	340
ив	340
заседает	340
живица	340
васаби	340
бюсты	340
акселерометр	340
авантюристы	340
формальдегид	339
флюорография	339
флорист	339
узнает	339
соборность	339
смертный	339
размежевание	339
полироль	339
пантеры	339
омбре	339
огородник	339
нянька	339
недосып	339
наживка	339
можайск	339
млекопитающее	339
маячок	339
кушетка	339
концертмейстер	339
интерпол	339
изразцы	339
жаргон	339
дхарма	339
голодовка	339
гадалка	339
волчанка	339
виноделие	339
бомонд	339
балеты	339
5с	339
30-е	339
2к	339
2010г	339
экспедирование	338
щепки	338
шарп	338
фукусима	338
филол	338
фиеста	338
устаёт	338
тёма	338
слепок	338
скандинавия	338
секретность	338
саппорт	338
самосуд	338
разминание	338
работницы	338
присматривает	338
преподавательница	338
поросли	338
падаль	338
обыгрывает	338
невидимка	338
мостовая	338
метрология	338
медлительность	338
криптовалюты	338
кировоград	338
изгой	338
западники	338
дубли	338
газировка	338
витязи	338
вакханалия	338
бугорок	338
боров	338
3д	338
яичник	337
эндоскопия	337
хонсю	337
факелы	337
ухмылка	337
умывальники	337
танкеры	337
сосновка	337
созвездия	337
слесари	337
сердюк	337
размывается	337
примадонна	337
праститутки	337
поживает	337
подснежник	337
пиявка	337
окрошка	337
мудры	337
молдинги	337
линкор	337
купирует	337
контексты	337
заклятие	337
желоб	337
еа	337
декоры	337
выходка	337
внезапность	337
висконсин	337
взяточничество	337
беззакония	337
цианоз	336
цапля	336
форсунка	336
флоксы	336
уродство	336
сытость	336
стенания	336
соскоб	336
смещает	336
славянофилы	336
сиб	336
ругательства	336
ратификация	336
параллелизм	336
папуа	336
пантера	336
откладывание	336
остеомиелит	336
мюзиклы	336
мещанин	336
лисицы	336
лактоза	336
кубинцы	336
донорство	336
дестабилизация	336
ддт	336
буржуи	336
благовещение	336
балалайка	336
антагонист	336
шейкер	335
уборщик	335
рыжий	335
реф	335
прихожие	335
пессимист	335
пермяки	335
ординатура	335
одноклассницы	335
няньки	335
норт	335
наночастицы	335
набухает	335
муляжи	335
мониторирование	335
мистраль	335
логово	335
ларьки	335
кинза	335
кельи	335
избыточность	335
зеленеет	335
здоровается	335
звёздочки	335
звёздочка	335
замолкает	335
замес	335
грузит	335
газо	335
возносит	335
буг	335
альметьевск	335
аврал	335
фаленопсис	334
тыл	334
сонники	334
прочерк	334
протеже	334
поносы	334
подзащитный	334
платьице	334
пикс	334
перезарядка	334
панки	334
мститель	334
мозаик	334
микроскопия	334
лас-вегас	334
колчак	334
клинкер	334
кланяется	334
ингаляция	334
дурман	334
всеки	334
византийцы	334
арбалеты	334
апеллирует	334
автокраны	334
чихает	333
читательницы	333
хамы	333
усть-луга	333
сюрреализм	333
стоунхендж	333
соник	333
сковородка	333
скальпель	333
серафимы	333
сат	333
пчелки	333
продолжатель	333
причта	333
порки	333
подчёркивается	333
подкидывает	333
пин-код	333
парфюмер	333
отсчёт	333
мхи	333
лицемеры	333
ктк	333
калмыки	333
калечит	333
иерей	333
идентифицируется	333
засыхает	333
журн	333
дизентерия	333
декарт	333
дабл	333
ванга	333
брава	333
большевизм	333
беляево	333
акклиматизация	333
австриец	333
шпалы	332
хозяюшка	332
унции	332
спины	332
сбережение	332
ремесленник	332
проглядывает	332
припадает	332
овп	332
общественник	332
нейрохирург	332
недели	332
морок	332
метаболиты	332
кофемолка	332
инженер-конструктор	332
землячка	332
землевладельцы	332
дровосек	332
докт	332
глоба	332
главка	332
впрыск	332
воздуховод	332
варфоломей	332
ботинок	332
боровик	332
бережливость	332
академгородок	332
хомячок	331
унция	331
узелок	331
трап	331
толкуется	331
телерадиокомпания	331
сталкивает	331
слабости	331
саморегуляция	331
русичи	331
рои	331
раскачивается	331
проанализирует	331
применимость	331
политтехнолог	331
политнавигатор	331
недосказанность	331
набивка	331
конёк	331
заноза	331
закрывание	331
заглатывает	331
декабрист	331
горловка	331
бородач	331
бенз	331
эфес	330
ут-тахрир	330
унр	330
тяжба	330
ступы	330
почин	330
отдушина	330
обхватывает	330
нивелируется	330
неадекватность	330
микроэлемент	330
маршрутизация	330
марсоход	330
лизингодатель	330
лесбиянка	330
клину	330
карикатуры	330
канзас	330
кабаре	330
искандер	330
идеалист	330
заправляется	330
дерипаска	330
грязелечение	330
гроты	330
вылазки	330
вседозволенность	330
вм	330
вероятности	330
богема	330
бароном	330
атолл	330
аллигатор	330
авиаперевозки	330
www.paparazzi.ru...✂	330
70-е	330
131-фз	330
харьковчане	329
флюгер	329
урологи	329
умирающий	329
тортики	329
схождение	329
страхуется	329
степлер	329
соз	329
словесность	329
салехард	329
револьверы	329
претит	329
периодонтит	329
отговорка	329
нормируется	329
миски	329
лама	329
коршун	329
коб	329
калинка	329
дымит	329
дитё	329
главенствует	329
герда	329
буханка	329
аспирантка	329
апогей	329
юстиниан	328
эквадор	328
штифты	328
утенок	328
усаживается	328
травмируется	328
теплицы	328
строфы	328
скитания	328
сени	328
северус	328
роутеры	328
ростуризм	328
пушкин	328
празднества	328
посудомойки	328
полисорб	328
педофил	328
палочка-выручалочка	328
обязуются	328
обретается	328
облагораживает	328
научность	328
мультфильмы	328
митингующие	328
лексикон	328
колонизаторы	328
клады	328
каретка	328
използва	328
изношенность	328
задымление	328
желтизна	328
выставка-продажа	328
выплывает	328
вредительство	328
аферист	328
акробаты	328
адвокатура	328
6-е	328
экспромт	327
экспериментаторы	327
фигурист	327
утекает	327
уния	327
тиски	327
старожил	327
ссорится	327
срк	327
соединители	327
смузи	327
рекрутер	327
рас	327
прокрутка	327
притупляет	327
прирастает	327
приземление	327
пресня	327
повергает	327
пифы	327
овос	327
надгробие	327
мулен	327
мольба	327
материаловедение	327
малиновка	327
культи	327
киевлянин	327
инки	327
зеленка	327
водостойкость	327
аффирмации	327
юбочки	326
эритромицин	326
чертог	326
черепашка	326
фантасты	326
удаль	326
тюнеры	326
турандот	326
сожитель	326
склеивает	326
сис	326
рекрутеры	326
раша	326
промерзает	326
приобретатель	326
плинтусы	326
перекаты	326
нтв-плюс	326
модификатор	326
маркизы	326
лоскут	326
копы	326
каторга	326
защемление	326
затылок	326
еврейство	326
евангелисты	326
горести	326
вливание	326
беглецы	326
баржа	326
этимологии	325
чулок	325
чернота	325
фолк	325
тогава	325
тет-а-тет	325
стратификация	325
соседки	325
разогревает	325
радикализм	325
присуждение	325
отталкивание	325
обнищание	325
макулатура	325
лэптоп	325
ксенофобия	325
ист	325
испытывается	325
интернатура	325
изнанка	325
желудки	325
демпинг	325
волгодонск	325
веб-ресурс	325
бритни	325
безлимит	325
амазонки	325
юбочка	324
хайфа	324
фнб	324
трудоголик	324
тигрица	324
термостаты	324
руно	324
ридер	324
ремикс	324
растаможка	324
расползается	324
птицеводство	324
причисляет	324
привязанности	324
посланцы	324
пассив	324
неон	324
наматывается	324
нагнетается	324
многоточие	324
купля	324
кондитера	324
конвергенция	324
кольпоскопия	324
коллекционирует	324
инновационность	324
заусенцы	324
гопники	324
брага	324
билль	324
билд	324
аранжировка	324
5км	324
шпиндель	323
шопинг	323
черешки	323
фальшь	323
токоферол	323
технарь	323
телохранители	323
слагается	323
санскр	323
рык	323
рыдания	323
похититель	323
поднос	323
подкова	323
повешение	323
петербуржец	323
парез	323
орт	323
обезвреживание	323
мультиплекс	323
меценаты	323
куранты	323
ктр	323
кофемашины	323
копоть	323
зоолог	323
занесение	323
забывчивость	323
гривень	323
голубика	323
видеоконференция	323
баунти	323
алисия	323
шаббат	322
чародейка	322
художник-постановщик	322
трубач	322
топография	322
соотносит	322
сардельки	322
ригидность	322
пронзает	322
провисает	322
применения	322
пластификаторы	322
переброска	322
очертание	322
осмотрит	322
ольга	322
мерс	322
мастурбирует	322
ман	322
кирпичик	322
индуцирует	322
иконопись	322
избивает	322
идеализация	322
змий	322
злато	322
затвердения	322
засасывает	322
дифтерия	322
госуслуги	322
вырезает	322
веретено	322
бюстгальтеры	322
бьянка	322
бедняги	322
антарктида	322
торгуются	321
техцентр	321
судорога	321
секунды	321
с6	321
рожд	321
распродаж	321
птоз	321
простата	321
правосознание	321
пачкает	321
пасьянс	321
палеонтологи	321
обезьянки	321
набрасывается	321
морозец	321
моделируется	321
любимчик	321
косметичка	321
контрабас	321
кадиллак	321
игнат	321
ефрейтор	321
естествоиспытатель	321
домофоны	321
домовладелец	321
вокалистка	321
ассоциирует	321
эпителий	320
тсн	320
трифон	320
топ-модель	320
тата	320
стелется	320
сплачивает	320
соколы	320
снегоуборщик	320
ризотто	320
психопат	320
прессование	320
подкасты	320
перфоманс	320
перепродажа	320
параличи	320
паж	320
озарения	320
нарвы	320
мичман	320
мещане	320
мегаполисы	320
ломится	320
запаздывает	320
завещатель	320
жандармы	320
дубки	320
дольче	320
дм	320
десница	320
гипоплазия	320
бейсболки	320
амбары	320
альпари	320
юниты	319
чекист	319
филлипс	319
фен-шуй	319
срезается	319
скепсис	319
сервитут	319
сверчок	319
резонатор	319
расплывается	319
размытость	319
приматы	319
послабление	319
портландцемент	319
помощ	319
помешательство	319
подразделы	319
наколенники	319
мини-футбол	319
куки	319
косынка	319
конформизм	319
кинокартина	319
керр	319
кабмин	319
залезает	319
гбук	319
воспевает	319
воображает	319
бутыль	319
бибер	319
акушер	319
актуализирует	319
ять	318
эра-глонасс	318
эвтаназия	318
шуму	318
христ	318
фидель	318
устремление	318
тритон	318
транш	318
тнвд	318
сподвижник	318
раскаивается	318
проходится	318
продумывает	318
пресмыкающиеся	318
предзаказ	318
понтифик	318
помолвка	318
перышко	318
перун	318
перезагружается	318
отрочество	318
окопы	318
небулайзер	318
микроконтроллер	318
мануал	318
магнум	318
любительницы	318
лесники	318
копает	318
колядки	318
климовск	318
кайзер	318
кaк	318
износоустойчивость	318
иерарх	318
зудит	318
зип	318
зародыши	318
една	318
дер	318
депозитарий	318
дедуля	318
гель-лак	318
гармонизирует	318
встраивание	318
видеокассеты	318
взыскатель	318
аз	318
100-летие	318
эхинацея	317
эндометрит	317
шеин	317
укрощение	317
тамплиеры	317
сити-менеджер	317
семинар-совещание	317
садизм	317
ричи	317
развитость	317
просек	317
прорастание	317
проигрывание	317
программирует	317
поспешность	317
пеноплекс	317
огранка	317
нетбуки	317
недействительность	317
наркологи	317
мвт	317
лок	317
ликеры	317
кусаются	317
кременчуг	317
копит	317
клатчи	317
интеграторы	317
извозчик	317
дальномер	317
грядёт	317
гиря	317
вышивки	317
бодифлекс	317
аргентинец	317
юнец	316
эскадрон	316
хлыст	316
фиксики	316
фанк	316
суппорт	316
столпотворение	316
стеснительность	316
сопка	316
соб	316
сари	316
пропиток	316
порнуха	316
подзарядка	316
очередность	316
общезначимость	316
невнимание	316
маринады	316
лентяи	316
ильинка	316
издаётся	316
заблокирует	316
жизнеописание	316
дьяволы	316
гидроцефалия	316
возрасты	316
взирает	316
верстальщик	316
булавка	316
бузина	316
бровь	316
аргус	316
223-фз	316
ушка	315
укорочение	315
трактир	315
тики	315
термообработка	315
сублимация	315
соцсеть	315
созвучие	315
склеротерапия	315
сваха	315
сатирик	315
преклонение	315
пододеяльник	315
плёнки	315
плесецк	315
переваливает	315
паводок	315
охватывается	315
отёчность	315
оттягивает	315
мощение	315
мирт	315
лукоморье	315
лас	315
кос	315
компакт-диск	315
кипение	315
карнавалы	315
интернационализм	315
зодиак	315
зовётся	315
зимостойкость	315
зика	315
диссонирует	315
гренки	315
герр	315
ванкувер	315
анафема	315
экс-премьер	314
шотландец	314
шмотки	314
шаманизм	314
трезубец	314
торты	314
тоны	314
струйки	314
ссылочка	314
солярка	314
пц	314
приват	314
пр-т	314
погашает	314
пессимисты	314
патина	314
пальмира	314
отстраняется	314
опята	314
одаривает	314
наган	314
монополисты	314
милый	314
луксор	314
капельница	314
кабула	314
интегрирование	314
ингуши	314
иллюминация	314
известняки	314
диссиденты	314
вождение	314
виражи	314
буковель	314
анталия	314
автостоянки	314
60-е	314
эгрегор	313
шило	313
чурки	313
чибис	313
форсирование	313
фаэтон	313
фауст	313
умелец	313
турбодизель	313
тернополь	313
телепатия	313
таиф	313
стайки	313
слагаемое	313
садовники	313
русса	313
реактивы	313
приобщается	313
поручители	313
подвесы	313
перехватчик	313
перенаправляет	313
паркинги	313
отмостка	313
обком	313
мутит	313
лицензиат	313
лапочка	313
конструктивизм	313
конвертирует	313
комки	313
катает	313
ганновер	313
веси	313
былины	313
щедра	312
чаты	312
частотность	312
цветонос	312
фильмец	312
старатели	312
скрепление	312
синагог	312
севастопольцы	312
светлеет	312
решётки	312
пузырек	312
провоз	312
прайс-листы	312
неровность	312
нейродермит	312
метастаз	312
медиаторы	312
лубянка	312
ластик	312
крестика	312
дете	312
глазов	312
брюхо	312
бизнес-консультант	312
бессмыслица	312
батюшки	312
экономики	311
эдс	311
чтз	311
целина	311
фанатка	311
удваивает	311
спамеры	311
сбн	311
расторгается	311
разнообразит	311
порабощение	311
полесье	311
обетование	311
надавливание	311
милостыня	311
маммография	311
крупье	311
камаз-мастер	311
запустится	311
закачивается	311
долбит	311
дикция	311
джерси	311
дд	311
верочка	311
бдсм	311
баллончик	311
антисанитария	311
z1	311
элиот	310
щеточка	310
шабаш	310
фпг	310
учитель-логопед	310
уреаплазма	310
тараз	310
стерлядь	310
смазывание	310
сатори	310
рпж	310
распускает	310
перспективность	310
пачки	310
пантенол	310
омовение	310
нитрат	310
листинг	310
культуролог	310
кожухи	310
каганат	310
исаия	310
ивент	310
зверюшки	310
друиды	310
дпк	310
дозаторы	310
джудит	310
гун	310
гуманист	310
гистограмма	310
выстреливает	310
вырождение	310
всходит	310
винчестеры	310
букмекер	310
брут	310
бирка	310
аллергик	310
японка	309
энергозатраты	309
школьницы	309
чехарда	309
чаепития	309
фотосъёмка	309
улун	309
углубляет	309
тандем	309
суэк	309
стрим	309
свияжск	309
самурай	309
самарин	309
саж	309
родичи	309
ретушь	309
пы	309
прививается	309
полипропилен	309
подкрадывается	309
перекупщики	309
переводчица	309
официантки	309
методологии	309
месса	309
манометры	309
лобзик	309
кдц	309
ката	309
интернет-журнал	309
инженер-механик	309
ивано-франковск	309
зах	309
засухи	309
замашки	309
заливы	309
заглушает	309
гастриты	309
высыпается	309
втб24	309
аэлита	309
анонимус	309
яценюк	308
эгоисты	308
шульгин	308
шмели	308
ширится	308
циклевка	308
фразеологизмы	308
фильмография	308
федот	308
фбк	308
фаны	308
утесы	308
торжок	308
ство	308
самокаты	308
постинг	308
подельники	308
печатники	308
отопитель	308
освящает	308
однокурсники	308
обт	308
незыблемость	308
мореплаватель	308
маргиналы	308
лейдинг	308
кордон	308
кокетка	308
ирландец	308
иллюзионист	308
иконописец	308
измельчается	308
евфрат	308
гуанчжоу	308
гиацинт	308
встряска	308
волчонок	308
блокиратор	308
8-е	308
явь	307
южане	307
шоб	307
шер	307
сыночка	307
сухум	307
стимпанк	307
сакраменто	307
работяга	307
преосвященный	307
ппо	307
подтягивания	307
парагвай	307
ослепляет	307
нагнетает	307
лоббисты	307
кряк	307
комбикорм	307
кобели	307
клеопатра	307
зоологи	307
зонды	307
етс	307
детсады	307
грехопадение	307
гидро	307
белаз	307
аверс	307
ї	306
фрезер	306
телесистемы	306
ска	306
синдикат	306
ркц	306
радонеж	306
поспевает	306
погрузится	306
погибель	306
пересматривает	306
переписывается	306
офтальмология	306
осматривается	306
обнадеживает	306
обидчик	306
неплохи	306
модем	306
мессенджеры	306
мартышка	306
драники	306
диссидент	306
дерматиты	306
гнет	306
гипергликемия	306
гибралтар	306
визаж	306
берцы	306
безденежье	306
анод	306
англосаксы	306
албанцы	306
2017г	306
чвк	305
чародеи	305
феофилакт	305
утеря	305
уралинформбюро	305
тоир	305
спецпредставитель	305
скарлатина	305
рнб	305
раскручивает	305
процеживается	305
причащение	305
привитие	305
папулы	305
осаждение	305
окрыляет	305
ноосфера	305
нед	305
миражи	305
метеостанция	305
кристаллизуется	305
корт	305
композиты	305
изотоп	305
ибупрофен	305
зд	305
еретик	305
городец	305
вникает	305
вазон	305
бисеринки	305
бейт	305
бабник	305
аптекарь	305
аквааэробика	305
call-центр	305
център	304
терморегуляторы	304
терка	304
таксы	304
сапфиры	304
размывание	304
разбухает	304
предикат	304
португалец	304
подстегивает	304
неопределённость	304
мосэнерго	304
михайловка	304
массирует	304
манхэттен	304
магма	304
лучок	304
идиш	304
злата	304
дубровка	304
дискредитация	304
деваха	304
гоняется	304
восполняется	304
вепрь	304
бунтарь	304
булыжники	304
богини	304
бизнес-процесс	304
аэроэкспресс	304
апартамент	304
94-фз	304
3б	304
эмбрионы	303
цвету	303
хай-тека	303
усмехается	303
сращивание	303
сн	303
скаут	303
сиэтл	303
сегментирование	303
с-петербург	303
подносы	303
плотины	303
плетется	303
пиарщик	303
первопроходцы	303
пептид	303
отдаляет	303
оптовики	303
неблагополучие	303
метизы	303
мелки	303
матрикс	303
маркиза	303
лунтик	303
конденсируется	303
капрал	303
изумруды	303
здравомыслие	303
гессен	303
выпрыгивает	303
воскресенск	303
вопит	303
вишенка	303
балаково	303
ан	303
алишер	303
цербер	302
фиолент	302
тред	302
таун	302
сценография	302
сформированность	302
спесь	302
сенсей	302
сен-жермен	302
самоощущение	302
правопорядок	302
подшивка	302
побаливает	302
объедение	302
нт	302
новь	302
нейрон	302
надругательство	302
кровопотеря	302
конкорд	302
классифицирует	302
качалка	302
запой	302
закатывает	302
гуляш	302
выгул	302
виртуозы	302
булка	302
баранки	302
акварели	302
хант	301
франчайзер	301
фотохудожник	301
форм-фактор	301
федералпресс	301
утриш	301
упыри	301
таль	301
сумасшедший	301
спазмолитики	301
созывается	301
скрины	301
скакалка	301
свр	301
ртрс	301
рецептик	301
разобщенность	301
разбавляется	301
пробит	301
полимеризация	301
погодка	301
парится	301
отступы	301
отзвуки	301
отблески	301
онанизм	301
насыпи	301
молибден	301
месец	301
меланин	301
мд	301
легковушка	301
комфортабельность	301
кинолог	301
квартира-студия	301
качка	301
евроцемент	301
дренирование	301
гашиш	301
гарь	301
газа	301
быково	301
бездарность	301
банкнота	301
β	301
1-комн	301
хлеба	300
флинн	300
туфта	300
травит	300
таможенник	300
спутанность	300
снотворное	300
сканы	300
селится	300
самоцвет	300
самоотдача	300
саквояж	300
рты	300
разъединение	300
пьяный	300
нквд	300
наделы	300
купчино	300
кретин	300
кавитация	300
жнец	300
гофра	300
бронхиты	300
блуждает	300
бенц	300
беженец	300
алтари	300
аисты	300
аида	300
аббревиатуры	300
хворь	299
тираны	299
тефтели	299
стрекозы	299
саксофонист	299
ртк	299
протоны	299
протагонист	299
преувеличивает	299
пинг	299
парижане	299
охотница	299
обнажается	299
непрозрачность	299
наниматели	299
мультиметр	299
мудаки	299
кмк	299
клотримазол	299
йогурт	299
инициируется	299
засл	299
го	299
гипертермия	299
выдумывает	299
взаимозаменяемость	299
вендоры	299
брелки	299
ботаника	299
благоухает	299
барахолка	299
алабама	299
акцентирование	299
уловы	298
траффик	298
тайваньский	298
съезжает	298
совхоз	298
скоты	298
пту	298
пособничество	298
низменность	298
мумиё	298
масон	298
максимов	298
лосины	298
кусачки	298
коммунар	298
жирафы	298
енергия	298
гортань	298
голень	298
генетик	298
газовики	298
взрывчатка	298
вербовка	298
варенья	298
брайтон	298
аэродинамика	298
20-е	298
эпатаж	297
храпит	297
фонограмма	297
фокусники	297
умножает	297
трагизм	297
тия	297
таверна	297
ресо-гарантия	297
ребенок-инвалид	297
распространители	297
раскаты	297
размывает	297
пср	297
прок	297
погремушка	297
отличатся	297
норникель	297
ноо	297
наклонение	297
наездник	297
молодчина	297
молитвенник	297
модернизируется	297
кольчуга	297
колесник	297
кемер	297
иван-чай	297
гусары	297
груды	297
грубы	297
вырубается	297
ворот	297
воздерживается	297
блэк	297
бизнес-проект	297
азалия	297
gps-навигатор	297
ходок	296
хетчбэк	296
фурункул	296
фонетика	296
тубус	296
торжественность	296
топонимы	296
тол	296
сокрушается	296
снв	296
сваты	296
саксония	296
путепровод	296
принесение	296
подгоняет	296
оговорки	296
обтирания	296
облигация	296
невезение	296
монументы	296
ломтик	296
круты	296
конвертик	296
километраж	296
заимствует	296
дуло	296
домкраты	296
дебютант	296
голуб	296
гипертонус	296
гадания	296
выпрямляется	296
виконт	296
вездеходы	296
ведьмак	296
бп	296
благотворитель	296
бензол	296
батуты	296
баскетболист	296
баксы	296
арте	296
арлекин	296
шоу-программы	295
цкад	295
хризантема	295
фокстрот	295
твёрдость	295
сфинксы	295
ступор	295
слабак	295
пунктик	295
протечка	295
провисание	295
приоритетность	295
постпред	295
отливка	295
осетр	295
натягивает	295
насаждение	295
мцыри	295
манна	295
котировка	295
кормилица	295
копается	295
исходник	295
затевает	295
жор	295
дуглас	295
дозволяется	295
детерминизм	295
гнида	295
альт	295
штандарт	294
шезлонг	294
ходатайствует	294
хлопцы	294
установщики	294
управдом	294
сретение	294
симпатизирует	294
серотонин	294
светотехника	294
свершения	294
русификация	294
росомаха	294
репозиторий	294
разрежение	294
протягивается	294
проглатывает	294
потешки	294
пепельницы	294
оик	294
нефтегаз	294
неурожай	294
нерезиденты	294
некрасовка	294
ндп	294
накаляется	294
михайловское	294
митрополия	294
микрохирургия	294
малага	294
лоббирует	294
иронизирует	294
звонница	294
дискретность	294
демодекоз	294
выплатит	294
выкрики	294
выдавливает	294
вхшхг	294
аменорея	294
админка	294
эмуляторы	293
экспонируется	293
четвёрка	293
церковники	293
хроник	293
хлорофилл	293
хао	293
ущелья	293
таинственность	293
супергерои	293
самовары	293
с-пб	293
ряженка	293
пшик	293
программируется	293
порции	293
пилка	293
песочек	293
отчужденность	293
омрачает	293
окон	293
обозы	293
обманщики	293
невосприимчивость	293
нажимается	293
мускат	293
мелитополь	293
маменька	293
коррупционеры	293
конвекция	293
компенсатор	293
кармашки	293
заполнитель	293
запирает	293
железнодорожник	293
дор	293
деи	293
гримаса	293
гнб	293
гироскоп	293
вёрстка	293
взлёт	293
аэродромы	293
архиватор	293
алма-аты	293
агрохолдинг	293
электроприводы	292
шуршание	292
чает	292
целеустремлённость	292
флинт	292
уничтожаются	292
туннели	292
трихомониаз	292
субъективизм	292
сортамент	292
слом	292
рассветы	292
размягчает	292
промерзание	292
прогоны	292
проблеск	292
постепенность	292
орлёнок	292
новобранцы	292
нестыковки	292
молит	292
миксеры	292
мерзнет	292
мазня	292
лязг	292
лодочка	292
клирика	292
забавляет	292
дружки	292
допустимость	292
доводчики	292
дежурные	292
грит	292
брешь	292
биомасса	292
батист	292
ацидоз	292
афиняне	292
анклав	292
алеф	292
эклиптики	291
шумеры	291
уголовник	291
триллион	291
телеведущая	291
страда	291
стары	291
свадьбы	291
самодержец	291
рау	291
пылится	291
празднество	291
островитяне	291
обкатка	291
наро-фоминск	291
надъ	291
мэтры	291
миомы	291
литьё	291
кузина	291
колосья	291
ковбои	291
канистра	291
знахарь	291
заморочки	291
дент	291
грк	291
гмо	291
гасится	291
врач-хирург	291
боксёр	291
бенефициар	291
ацетат	291
d4	291
шпица	290
холопы	290
хауз	290
фуксия	290
фокусирует	290
удостаивается	290
симон	290
свободы	290
робот-пылесос	290
рисовка	290
ремонтники	290
прядки	290
промывает	290
присматривается	290
поступь	290
политрук	290
полиморфизм	290
переоснащение	290
паутинка	290
несогласованность	290
меломан	290
мажет	290
логопеды	290
лицеисты	290
компенсируются	290
дуплекс	290
ди-джеи	290
движуха	290
гэ	290
гидроусилитель	290
выдавливание	290
врт	290
вельможа	290
бицепс	290
акрон	290
агротехника	290
https://twitter.com/...✂	290
эквиваленты	289
стеклопластик	289
спорт-экспресс	289
рокеры	289
ревизоры	289
пропагандируется	289
присадка	289
приклеивание	289
поплавки	289
подскакивает	289
отрастает	289
остроумие	289
ослы	289
микротрещины	289
лекс	289
конструктив	289
колика	289
колбасит	289
клиент-банк	289
информ	289
инакомыслие	289
забрасывает	289
ент	289
евровагонка	289
драпировки	289
гурман	289
гидролиз	289
взвешивает	289
взаимовыручка	289
вагончик	289
бровки	289
благотворители	289
белеет	289
альма	289
юродивый	288
читаемость	288
хондропротекторы	288
уралмаш	288
соплеменники	288
ру	288
ресторанчик	288
правопреемник	288
почитает	288
осьминоги	288
мосгортранс	288
моветон	288
магнолия	288
лукаш	288
караси	288
инсталлятор	288
илон	288
завоеватель	288
дубрава	288
доводчик	288
высмеивает	288
врач-психиатр	288
валькирия	288
бриф	288
бренда	288
бородино	288
биосферы	288
архивирование	288
аллегро	288
эстрогены	287
чучел	287
чудится	287
циник	287
худоба	287
умнички	287
уговор	287
теоремы	287
стойла	287
сит	287
размягчается	287
проникается	287
предрассудок	287
полуночи	287
полозья	287
пепельница	287
напарники	287
мцк	287
мордва	287
мерседесы	287
мар	287
мазохизм	287
лужайки	287
ловелас	287
ленинградцы	287
латуни	287
инструктаж	287
жо	287
госпрограмма	287
гашение	287
вероучение	287
1т	287
эндокринология	286
шариат	286
чинуши	286
фирмы-производители	286
угадывает	286
ткачество	286
темень	286
такелаж	286
судан	286
старшеклассник	286
соликамск	286
сноха	286
смп	286
скрипы	286
сатанизм	286
саморез	286
русла	286
расчитывается	286
разбегу	286
поучает	286
помпея	286
подкаст	286
пис	286
отражатели	286
ортодонт	286
натирает	286
модификаторы	286
красотища	286
копится	286
коляды	286
кинокритики	286
киберпанк	286
кадровики	286
засоры	286
зарево	286
жетон	286
жабы	286
дурень	286
гоблины	286
гни	286
герцогство	286
вымывание	286
бункеры	286
брезгует	286
аллюзии	286
айкидо	286
адаптирует	286
шелдон	285
шарнир	285
форс	285
фабрикант	285
ухоженность	285
уступки	285
увядает	285
тугоухость	285
репетиторство	285
ревень	285
радиоприемник	285
проигрыватели	285
покупательница	285
пзрк	285
перепрошивка	285
первооткрыватель	285
парадиз	285
органза	285
ол	285
насилует	285
миэль	285
комсомольск	285
коммутация	285
колумнист	285
колорирование	285
клэр	285
кировск	285
ипс	285
закупоривает	285
зажимает	285
ганнибал	285
галеры	285
биографы	285
бизон	285
безумцы	285
ампер	285
экс-депутат	284
щекочет	284
шифры	284
шатенка	284
читалка	284
флаеры	284
фенол	284
ударяется	284
уберегает	284
туркмения	284
тс	284
трогается	284
текс	284
схватывается	284
суровость	284
смол	284
смазывает	284
сигара	284
семье	284
рс	284
розмарин	284
радиусы	284
прохор	284
посоха	284
попечители	284
отстраненность	284
облизывает	284
носороги	284
намотка	284
морозоустойчивость	284
мва	284
махина	284
марсианин	284
марля	284
лореаль	284
ликбез	284
кушнир	284
кодируется	284
калека	284
инерционность	284
излечивается	284
золочение	284
запорожье	284
деревообработка	284
дайвер	284
градостроительство	284
граб	284
горб	284
вздутия	284
амон	284
✔	283
экзаменатор	283
хлеву	283
фронтон	283
уфпс	283
травматолог	283
стычка	283
сословия	283
смски	283
селище	283
свищи	283
раздробленность	283
пък	283
пуш	283
приезжий	283
подпункты	283
писатель-фантаст	283
переступает	283
нимб	283
наращивается	283
напористость	283
меланома	283
культиваторы	283
идиомы	283
зарядит	283
запекается	283
договорённости	283
дефекация	283
девственницы	283
гознак	283
гестоз	283
вяз	283
восхваление	283
воротники	283
воздухопроницаемость	283
ватники	283
армагеддон	283
6а	283
эбс	282
чудаки	282
чичерин	282
чепчик	282
хмурится	282
харакири	282
уфологи	282
уг	282
травматология	282
томь	282
тлеет	282
тележурналист	282
симпозиум	282
свящ	282
сбербанка	282
развращает	282
притупляется	282
привратник	282
прадо	282
пометки	282
подпрыгивает	282
отжимание	282
осциллограф	282
ор	282
ножовка	282
неловкость	282
нейтралитет	282
наёмники	282
мексиканец	282
летчик-испытатель	282
кут	282
контакт-центр	282
картель	282
жрёт	282
димексид	282
дефрагментация	282
госпитали	282
вытяжение	282
выкидыши	282
воротничок	282
визжит	282
взлом	282
болтун	282
бланш	282
безотказность	282
баллады	282
апология	282
аннексия	282
алмаз-антей	282
шпана	281
шайтан	281
увкб	281
стужа	281
стеклообои	281
розочка	281
республиканец	281
распыляется	281
раздувается	281
проливается	281
преуспевает	281
преобразовывает	281
оку	281
нюх	281
нтк	281
несогласные	281
молодежка	281
модники	281
массажистка	281
лихорадит	281
лития	281
ленфильм	281
лазеротерапия	281
коллайдер	281
кадмий	281
ингаляторы	281
имплантанты	281
демонтируется	281
демиург	281
голодные	281
выхватывает	281
бугор	281
бронетехника	281
аннигилирует	281
автомир	281
ямочки	280
экссудат	280
шпили	280
шарлотка	280
цехи	280
удорожает	280
турс	280
тобол	280
совхозы	280
сестрёнка	280
сгущается	280
пулемёт	280
притворство	280
правовед	280
поминки	280
подмастерья	280
олифы	280
обшивается	280
ломбарды	280
лаз	280
купероз	280
кроссфит	280
китаянка	280
кается	280
дюйм	280
душка	280
дун	280
денвер	280
гербициды	280
втирается	280
вертушка	280
булгары	280
бодибилдеры	280
авторитетность	280
авиаторы	280
4к	280
эшелоны	279
эмират	279
элегии	279
шрот	279
шпага	279
чужбина	279
централ	279
худрук	279
фит	279
укорачивается	279
тряска	279
транспаранты	279
сукно	279
соучастники	279
скафандр	279
свяжутся	279
садки	279
роется	279
расходомеры	279
разрабы	279
пуфик	279
пруток	279
прослеживает	279
приказчик	279
пахарь	279
освящается	279
озвучивается	279
набивается	279
мученичество	279
мореплаватели	279
медлит	279
малодушие	279
литературоведы	279
кура	279
клеш	279
кинопоиск	279
инженер-технолог	279
завлекает	279
дубровник	279
детина	279
дега	279
глюкокортикоиды	279
гигроскопичность	279
галлюцинация	279
выказывает	279
волейболисты	279
виндоус	279
видеоклипы	279
асцит	279
антагонизм	279
эро	278
человѣкъ	278
цгб	278
физиологи	278
фап	278
учреждается	278
тычинки	278
торопит	278
твиты	278
таймеры	278
страпон	278
симпсоны	278
рэс	278
руль	278
рощино	278
редкости	278
рассекает	278
распечатывается	278
разнобой	278
природ	278
предусмотрительность	278
полируется	278
парсер	278
паллада	278
отслаивается	278
отжим	278
новак	278
нетрудоспособность	278
мытьё	278
мистицизм	278
мигрирует	278
металл-экспо	278
лютеин	278
леность	278
купечество	278
каза	278
интернет-сервис	278
индуктивность	278
идиотка	278
иас	278
зодчий	278
затяжка	278
гуманитарий	278
госслужащие	278
выдра	278
воротит	278
бэк	278
бетономешалка	278
амиго	278
алатырь	278
7-е	278
чутьё	277
черепки	277
цистерн	277
француженки	277
фотокорреспондент	277
убивается	277
тетерев	277
телепортация	277
телепередача	277
тазик	277
стажеры	277
спальники	277
сиятельство	277
серьга	277
сдвигает	277
светобоязнь	277
сахароза	277
саламандра	277
рец	277
реконструкции	277
раздувает	277
прибавки	277
подлецы	277
паркур	277
обустраивается	277
намечает	277
меблировка	277
картография	277
исида	277
игривость	277
землячество	277
джучи	277
деформирует	277
голодание	277
врач-косметолог	277
ватман	277
брехня	277
библиограф	277
биатлонист	277
архангельск	277
алексеевка	277
австро-венгрия	277
энергоаудит	276
шерстка	276
феодорит	276
трели	276
таис	276
скауты	276
самоубийца	276
сабж	276
реалисты	276
предосторожность	276
портвейн	276
понятой	276
пластификатор	276
отгоняет	276
отбивается	276
нервирует	276
невесомость	276
моз	276
лимфа	276
кулон	276
кольт	276
калач	276
какает	276
иглорефлексотерапия	276
зверёк	276
жужжит	276
дубленка	276
диспозиция	276
динамит	276
грам	276
водоворот	276
владик	276
валун	276
босфор	276
бизнес-форум	276
анестетики	276
агрономы	276
қазақстан	275
шаттл	275
чиллеры	275
цкк	275
финикийцы	275
уравновешивается	275
уникум	275
увольняет	275
сск	275
спекулянт	275
сопредседатели	275
сан-ремо	275
россиянки	275
родстер	275
рк	275
рассылается	275
прагматики	275
помазание	275
плетет	275
перепроизводство	275
отхождение	275
отнимается	275
опытность	275
неполадка	275
невежда	275
навар	275
молодогвардейцы	275
мнит	275
магистры	275
лдсп	275
куала-лумпур	275
кордицепс	275
коммуникаторы	275
кафе-бар	275
инициализация	275
змеевик	275
замполит	275
жандарм	275
жалованье	275
докл	275
дальнобойщик	275
гроздь	275
гейзеры	275
галичина	275
визуализируется	275
видеокарт	275
веб-дизайнер	275
бегония	275
антикоагулянты	275
амкодор	275
акс	275
аварийность	275
этна	274
шеврон	274
шарит	274
фрезеровка	274
фантаст	274
сюита	274
срастается	274
спринтер	274
сатья	274
репосты	274
развязывает	274
пхг	274
простокваша	274
посягает	274
понятность	274
понеже	274
плат	274
переписывание	274
перепалка	274
обструкция	274
нули	274
мкл	274
макроэлементы	274
льдины	274
которыхъ	274
засчет	274
заполняемость	274
директриса	274
дб	274
госадминистрации	274
горняк	274
выпекается	274
водник	274
бандажи	274
бабулька	274
агенция	274
янка	273
эсминцы	273
экскурсанты	273
хостинги	273
фотоомоложение	273
фотокнига	273
фаллоимитатор	273
упырь	273
упорядочивание	273
трется	273
тотализатор	273
стишок	273
славянин	273
селитра	273
роспатент	273
репликация	273
радиовещание	273
пыльники	273
посейдон	273
поклоняется	273
перевалка	273
ола	273
окурки	273
окраины	273
обрезается	273
народец	273
медиаплеер	273
манифестация	273
конвертор	273
капитолия	273
инстаграм	273
защитница	273
завидово	273
еирц	273
гук	273
гипоталамус	273
гинекомастия	273
гардины	273
бритвы	273
бороны	273
блат	273
бисероплетение	273
безнравственность	273
ацтеки	273
амарант	273
автодром	273
à	273
2кор	273
якиманка	272
эпик	272
школота	272
чуб	272
услышь	272
универсалы	272
топает	272
тибетцы	272
суслик	272
сульфаты	272
стикер	272
солодка	272
роты	272
проблемма	272
прародитель	272
пж	272
ортопеды	272
оксида	272
ово	272
нутро	272
мундир	272
микоплазмоз	272
мечет	272
манны	272
лидо	272
ладушки	272
курточка	272
крк	272
конструирует	272
канары	272
дитер	272
дезинсекция	272
дава	272
гуманисты	272
гиацинты	272
герцеговина	272
выворачивает	272
брэнды	272
бронепоезд	272
братья-мусульмане	272
болонья	272
бергамот	272
бездеятельность	272
бахилы	272
автомеханик	272
автоконцерн	272
абсорбция	272
юит	271
эстель	271
энтеробиоз	271
штробление	271
хрип	271
фимоз	271
уреаплазмоз	271
уносится	271
турбулентность	271
торжка	271
тащится	271
сэндвичи	271
суматра	271
спросу	271
сослуживец	271
солнечногорск	271
рмж	271
раздумья	271
прутки	271
праздность	271
пояса	271
плеть	271
пирамидки	271
перекат	271
осушитель	271
нпа	271
нгду	271
насыпается	271
напряжённость	271
музыковед	271
монотонность	271
молокоотсос	271
лысина	271
конкретизируется	271
комбинируется	271
каяк	271
ибица	271
зразы	271
зернышки	271
жуковский	271
делитель	271
дастер	271
грады	271
генеалогия	271
габриель	271
вундеркинд	271
всасывает	271
воронежцы	271
бастионы	271
бабульки	271
альфия	271
алиэкспресс	271
алиби	271
аланы	271
ямаха	270
электрогитары	270
щитовидка	270
чувствование	270
членение	270
чиновничество	270
черчение	270
усвояемость	270
термодинамика	270
темрюк	270
тахограф	270
сфинктер	270
супчики	270
страшилка	270
сосочки	270
скидывает	270
своп	270
рцнк	270
рулеты	270
просветители	270
прихожанин	270
плоскогубцы	270
пинск	270
падла	270
остеопат	270
новоселы	270
нефтехимия	270
нейтрино	270
национальности	270
мочалка	270
мотоблоки	270
мнительность	270
матрона	270
литературоведение	270
култура	270
застолья	270
закаляет	270
дублин	270
диверсант	270
голгофы	270
въпреки	270
вселяется	270
блок-схема	270
бин	270
бж	270
безвредность	270
аэростат	270
ягненок	269
юф	269
эксплорер	269
щиплет	269
хореографы	269
фуд	269
фирма-производитель	269
феромоны	269
трицепсы	269
топчется	269
сгущенка	269
самонадеянность	269
салюты	269
ревакцинация	269
растрескивается	269
расслабленность	269
проктолог	269
прогул	269
ппц	269
почитатель	269
пашня	269
папирус	269
отжимания	269
округление	269
обрывает	269
нихрена	269
неплатежи	269
монреаль	269
маны	269
лимфома	269
квадратура	269
карцинома	269
излучатели	269
зачёт	269
жилки	269
другое	269
дразнит	269
диспепсия	269
вписывает	269
воспитанницы	269
возвраты	269
вован	269
буксировка	269
барвиха	269
хук	268
укрывает	268
увязывается	268
туя	268
тосол	268
термостойкость	268
суб	268
спермограмма	268
сметка	268
скворцы	268
рута	268
ригель	268
расписывает	268
проинформирует	268
предъ	268
пофигизм	268
песчинка	268
перегибы	268
паны	268
отрезает	268
отоларинголог	268
оптимизируется	268
мопс	268
мнтк	268
мм	268
металлодетектор	268
макушка	268
магнус	268
либерасты	268
лечебница	268
лесок	268
коптильня	268
кимоно	268
иммунотерапия	268
изабелла	268
дьяк	268
дубляж	268
доводка	268
двушка	268
гкс	268
гербер	268
воцарится	268
воркшоп	268
ватник	268
бюрократ	268
безупречность	268
ангелочек	268
абсорбируется	268
web-сайт	268
чернеет	267
фитнесс	267
фистинг	267
управления	267
тропики	267
тети	267
тепловентиляторы	267
сурок	267
сельцо	267
сальмонеллез	267
ребятня	267
расчитаны	267
разговорник	267
покойники	267
погост	267
перемотки	267
озп	267
нкт	267
лея	267
лапти	267
лампада	267
коннект	267
конвертируется	267
кодирует	267
заботливость	267
железка	267
език	267
диамант	267
джедаи	267
горилла	267
выпуклость	267
волдеморт	267
веб-сервер	267
бт	267
астория	267
шаурма	266
числ	266
церк	266
усомнится	266
упорядочивает	266
терр	266
твц	266
сыплется	266
стынет	266
спотыкается	266
спецкурсы	266
рубл	266
расправы	266
премирование	266
полиглот	266
пинетки	266
педагог-организатор	266
охладитель	266
осмеливается	266
неучастие	266
накат	266
наб	266
мульча	266
музей-усадьба	266
миостимуляция	266
микроциркуляция	266
мерлин	266
макросы	266
лесопарк	266
лединг	266
ламинария	266
квадрокоптер	266
канава	266
индюк	266
захватывается	266
дислокация	266
горница	266
гадает	266
врач-офтальмолог	266
возносится	266
весты	266
букс	266
анархизм	266
яйценоскость	265
фоточки	265
теологи	265
табуретка	265
сво	265
саул	265
саркома	265
рубины	265
рубахи	265
репа	265
реда	265
психосоматика	265
правомочность	265
поправляется	265
полукровка	265
покупательницы	265
подзатыльник	265
пасторы	265
опросники	265
овчинка	265
обойма	265
ноут	265
нкп	265
настилы	265
мультиварки	265
мотиватор	265
модернизирует	265
маслята	265
мавр	265
лорды	265
кран-манипулятор	265
колчан	265
интернационализация	265
инаугурация	265
иммобилизация	265
изнасилования	265
зрелищность	265
гедонизм	265
вылизывает	265
воспламенение	265
воскрешает	265
вдовец	265
броневик	265
энергоресурсы	264
электромонтер	264
экстраверт	264
штабс-капитан	264
штабелеры	264
хэштег	264
уподобление	264
удушение	264
ударопрочность	264
трико	264
суетится	264
стиралка	264
стайл	264
совки	264
соблазнение	264
слайд	264
сим-карта	264
раздаёт	264
разбег	264
пуповина	264
предопределяется	264
полька	264
подпитывается	264
перфораторы	264
перистальтика	264
окуни	264
могильники	264
ментор	264
лут	264
кокетки	264
каротиноиды	264
канавка	264
йосеф	264
запирается	264
занавеска	264
заглубление	264
еэп	264
ебет	264
даниель	264
гранада	264
выпивается	264
возвышенности	264
бэнкс	264
бородка	264
бодрум	264
биби	264
автомагистраль	264
cистема	264
эмансипация	263
чемоданчик	263
циркуляр	263
хорьки	263
халяль	263
фрустрация	263
увозит	263
тмк	263
совладельцы	263
смущается	263
синхронизируется	263
сапог	263
самоуправство	263
рособоронэкспорт	263
росимущество	263
рожок	263
просчитывает	263
прессотерапия	263
преследователи	263
покачивание	263
пирамидка	263
пилорама	263
отшелушивание	263
оракул	263
новокуйбышевск	263
нейтроны	263
небытие	263
мусульманка	263
материалисты	263
материализуется	263
мартышки	263
людоед	263
кредитует	263
конкурентность	263
ивановка	263
земледелец	263
задействование	263
ех	263
добывание	263
демо-версия	263
геофизика	263
влюблённые	263
валидация	263
байтерек	263
ахмат	263
анкер	263
амфоры	263
алкалоид	263
автоспорт	263
хеджирование	262
фрагментация	262
фотосинтез	262
форточка	262
формуляр	262
флаер	262
фаланга	262
утолщается	262
согласовываются	262
сисадмин	262
сдк	262
связность	262
рэйки	262
пуху	262
прод	262
подчинённые	262
пневматика	262
плаксивость	262
пижма	262
пивовары	262
пеньки	262
пати	262
парта	262
осквернение	262
онлайн-трансляция	262
обеззараживает	262
никс	262
наводчик	262
мэйдзи	262
микрозаймы	262
макроэкономика	262
лежак	262
колбы	262
кисели	262
капучино	262
инцеста	262
запаздывание	262
дракончик	262
доломит	262
грачи	262
гмбх	262
глюкометр	262
вылазка	262
возделывание	262
вариабельность	262
брахманы	262
берёзка	262
бензину	262
барахло	262
аскет	262
архивация	262
анархист	262
автокредиты	262
эр	261
шиш	261
шейки	261
хлопочет	261
хлебопечка	261
фуражка	261
укрзализныця	261
топится	261
стрелочка	261
спасибки	261
спаривание	261
соул	261
сортирует	261
словаки	261
регенерирует	261
пряжка	261
приземляется	261
полупансион	261
плк	261
паштеты	261
обследует	261
нефтекамск	261
нерезидент	261
мухомор	261
мониторит	261
мон-ря	261
ликвидатор	261
кавказец	261
звездопад	261
заслоняет	261
закручивание	261
деркач	261
дез	261
вызревает	261
выветривается	261
воздух-воздух	261
бывш	261
батончик	261
1к	261
ясли-сад	260
штырь	260
филя	260
травление	260
таджик	260
станина	260
сталинизм	260
соединитель	260
связисты	260
самба	260
рип	260
рептилия	260
ранцы	260
пустырь	260
приумножение	260
призм	260
повинуется	260
плеврит	260
питательность	260
отскакивает	260
опалубки	260
опадает	260
олейник	260
нетто	260
мцр	260
мутнеет	260
мета-теги	260
марсиане	260
красится	260
краби	260
катод	260
від	260
вотъ	260
волосики	260
вкусняшки	260
включва	260
ветровки	260
верёвка	260
бенефис	260
безболезненность	260
азитромицин	260
абхазы	260
эн	259
штакетник	259
цирюльник	259
хатха	259
ужасает	259
товароведение	259
тиреоидит	259
технопарка	259
тар	259
табакокурение	259
ступа	259
снеговики	259
санитарка	259
росавиация	259
прародители	259
правозащитница	259
подпускает	259
подвязка	259
платочек	259
патронаж	259
пародии	259
орифлейм	259
оползень	259
онлайн-магазин	259
обливается	259
несётся	259
напутствие	259
напевает	259
моноблоки	259
марта	259
лживость	259
лжецы	259
леопарды	259
камрад	259
зубры	259
застраивается	259
занавеси	259
загибается	259
завихрения	259
завершаются	259
душевность	259
дубленки	259
дискинезия	259
грузоотправитель	259
востоковед	259
велопробег	259
биотуалеты	259
n.	259
щётки	258
шубки	258
хе	258
хатха-йога	258
фосфолипиды	258
флуконазол	258
страхователи	258
синхронизирует	258
рица	258
распахивает	258
раскрепощение	258
пороху	258
повисает	258
перт	258
перегруженность	258
общага	258
нинель	258
нашивки	258
надзиратели	258
мхт	258
мистерии	258
милочка	258
метинвест	258
курултай	258
крепыш	258
контактор	258
колыма	258
интернет-технологии	258
игил	258
зппп	258
запекание	258
заедает	258
жертвенник	258
ежики	258
добровольность	258
диспропорция	258
джигит	258
гончая	258
водосток	258
витрум	258
бизнес-планирование	258
банкетки	258
арс	258
чаны	257
цитрат	257
хэнкс	257
тушенка	257
схватывание	257
стойбище	257
стентирование	257
скрап	257
самоубийства	257
руководительница	257
рок-музыкант	257
римлянин	257
резчик	257
пырей	257
прощупывается	257
правый	257
постоялец	257
популяризатор	257
парашютисты	257
отторгается	257
осознавание	257
оруженосец	257
оргтехники	257
облачка	257
новаторы	257
нобель	257
наволочка	257
мотылек	257
космология	257
коронация	257
кванты	257
инструктажи	257
инком	257
иконография	257
зенон	257
зверства	257
завоевания	257
димитровград	257
говоры	257
гидрохлорид	257
высылка	257
высвечивает	257
внушения	257
буксует	257
братие	257
блистает	257
блесны	257
байкер	257
афп	257
аум	257
эндокринологи	256
хищница	256
фг	256
фбуз	256
удалённость	256
топики	256
технари	256
телята	256
сосредоточивается	256
сож	256
скоморох	256
раскрываемость	256
примат	256
председательство	256
ппд	256
полномочие	256
пожарники	256
подметки	256
питьё	256
ньюансы	256
надрыв	256
навязчивость	256
миралинкс	256
милитари	256
липучка	256
крестится	256
крекеры	256
копир	256
конго	256
казачка	256
изв	256
иждивенцы	256
завязывает	256
жас	256
декодирование	256
дата-центр	256
гуляние	256
восток-запад	256
бурда	256
блокбастеры	256
бездарности	256
астаны	256
аргументирует	256
аддон	256
автосигнализация	256
аваль	256
ip-камера	256
5б	256
экстремалы	255
шатун	255
хобл	255
флигель	255
фишт	255
фипс	255
ферментация	255
фейс	255
уолл	255
укоренение	255
удалится	255
стелы	255
систематизирует	255
силач	255
свп	255
роструд	255
размягчение	255
разбавляет	255
пузо	255
придаётся	255
предместье	255
покоритель	255
пкс	255
петроглифы	255
перекладывание	255
отбрасывается	255
обесценивает	255
ножик	255
музы	255
мелькание	255
люб	255
кошель	255
киноклуб	255
капризность	255
кажеться	255
еноха	255
дедукция	255
взымается	255
веста	255
верование	255
везувий	255
васильки	255
валик	255
бредит	255
блондиночка	255
шарниры	254
черныш	254
целительство	254
трассировка	254
тетива	254
терьеры	254
твердь	254
спайка	254
соционика	254
совкомбанк	254
самоучка	254
сабантуй	254
рёв	254
роттердам	254
ромбы	254
разночтения	254
просветы	254
пропитывает	254
прогуливается	254
пробник	254
примитив	254
правота	254
правонарушитель	254
полифенолы	254
пиротехника	254
пересдача	254
отк	254
опекает	254
оковы	254
обработает	254
новости-казахстан	254
недолюбливает	254
неблагодарность	254
мультипликация	254
мр3	254
миксы	254
микроконтроллеры	254
люксы	254
кулич	254
кружится	254
кремация	254
коминтерн	254
коворкинг	254
ключики	254
каллиграфия	254
ион	254
заманивает	254
замалчивается	254
дрю	254
дискография	254
дантист	254
дагестанцы	254
государства-участники	254
горчит	254
гнойник	254
блюстители	254
берегиня	254
асе	254
апоптоз	254
ямз	253
ямбург	253
шестеренки	253
швыряет	253
чужаки	253
целуется	253
фаберлик	253
тычет	253
теннисисты	253
суперзвезда	253
скрасит	253
рики	253
рапсодия	253
присказка	253
примыкание	253
плей	253
пабы	253
обособленность	253
мхк	253
мириады	253
мельбурн	253
матронушка	253
легкомыслие	253
кукловод	253
консалт	253
комбинирует	253
катана	253
инфантилизм	253
инженер-строитель	253
извивается	253
зубец	253
дрозды	253
дивергенция	253
година	253
вседержитель	253
боры	253
бизнес-аналитики	253
этажерки	252
эпидемиология	252
шарлатан	252
холоп	252
хлебокомбинат	252
хизб	252
флёр	252
типо	252
сексологи	252
самиздат	252
репост	252
религиоведение	252
резус-фактор	252
пуфики	252
приросты	252
прикручивается	252
подогреватели	252
подвешивается	252
перечеркивает	252
паспортизация	252
опережение	252
округлости	252
нимф	252
национал	252
мелатонин	252
массовка	252
контрабандисты	252
комиссионер	252
истеблишмент	252
егорьевск	252
дяденьки	252
дорабатывается	252
выросты	252
врач-невролог	252
восторги	252
вия	252
блудница	252
бишоп	252
атланты	252
анкоры	252
амуниция	252
агенства	252
автоинспекторы	252
эхокардиография	251
фоторамка	251
удовлетворяются	251
удерживание	251
тучка	251
топоним	251
темка	251
тауэр	251
субъектность	251
скрепляется	251
скакун	251
сич	251
сверяет	251
сапер	251
самоидентификация	251
рок-музыка	251
райдеры	251
разлагает	251
пэйдж	251
проклинает	251
поглядывает	251
поворотники	251
персонификация	251
пассажи	251
отшелушивает	251
номиналы	251
новик	251
мерзлота	251
материализация	251
лифчик	251
ламы	251
контакторы	251
конгрессмен	251
казарма	251
информер	251
диабетики	251
дембель	251
гречиха	251
горлышко	251
гематурия	251
восклицания	251
воровка	251
воо	251
вермишель	251
веб-страница	251
бумажник	251
блогосфера	251
бережёт	251
астрель	251
апа	251
эос	250
целенаправленность	250
фронтоны	250
форест	250
фил	250
утилизируется	250
усинск	250
улавливается	250
угодник	250
тьютор	250
толща	250
сходы	250
смотры	250
сион	250
сдастся	250
сантиметры	250
руб	250
ростовчане	250
рефлектор	250
рейлинги	250
разгерметизация	250
приделы	250
поётся	250
порука	250
пехотинец	250
перекладывается	250
пеноблок	250
отдушки	250
окрашиваются	250
нормандия	250
необоснованность	250
нейролептики	250
неверность	250
маргаритка	250
липофилинг	250
лагуны	250
конденсат	250
кодеин	250
зеркальце	250
звукозапись	250
дышло	250
дофига	250
булыжник	250
борозда	250
аср	250
ячейки	249
эпилятор	249
экстракция	249
фаянс	249
телеги	249
старшины	249
срыгивает	249
сочинитель	249
созидает	249
снегурочки	249
смак	249
сладкоежка	249
самовыдвиженец	249
психодиагностика	249
прикидывается	249
полкилограмма	249
пивовар	249
палит	249
пайщики	249
обертка	249
новотроицк	249
ника	249
несчастный	249
нейтральность	249
магнето	249
литрес	249
левобережье	249
кузьминки	249
крокусы	249
клаудия	249
кинокомпания	249
кабала	249
жаккард	249
донник	249
грунтование	249
главари	249
гиповитаминоз	249
герберы	249
выматывает	249
волосок	249
винни-пух	249
винзавод	249
видеосюжет	249
былое	249
александровск	249
автозапуск	249
яру	248
электропроводность	248
швейцар	248
хавает	248
унывает	248
триммеры	248
тлен	248
таймень	248
стремянка	248
сталкеры	248
спица	248
сопоставляется	248
скоморохи	248
скипидар	248
скейт	248
росприроднадзор	248
ройс	248
рейнджеры	248
регги	248
реализовывает	248
расшифровывает	248
пробирает	248
подиумы	248
петуния	248
парафинотерапия	248
ополаскиватели	248
невысока	248
муссы	248
мультиплеер	248
монада	248
мехико	248
медвежата	248
кочаны	248
кировец	248
интроверты	248
жарится	248
делегирует	248
гребля	248
водоподготовка	248
вмз	248
видеомонтаж	248
вестники	248
бутоньерка	248
бустер	248
бочонок	248
бизнес-сообщество	248
бесправие	248
балаган	248
бакалавры	248
асада	248
артрозы	248
артистки	248
аперитив	248
1п	248
экс-губернатор	247
шёпот	247
черники	247
флагманы	247
уплывает	247
телепорт	247
статины	247
сталактиты	247
соответсвует	247
слиток	247
секвойя	247
расходомер	247
рассасывание	247
проёмы	247
провидец	247
пригорает	247
поборники	247
плащаница	247
петляет	247
перышки	247
переплеты	247
перезванивает	247
передержка	247
паприка	247
отмазки	247
оскал	247
оки	247
обожание	247
обзаведется	247
нематод	247
нажим	247
минарет	247
метеоры	247
магнаты	247
лупит	247
лагает	247
колоны	247
кемпинги	247
каталка	247
камрады	247
инкубаторы	247
зев	247
завкафедрой	247
животноводы	247
егр	247
евроокна	247
диктаторы	247
гузель	247
водолазка	247
бяка	247
бургомистр	247
ачинск	247
антистресс	247
амеры	247
эпс	246
хунты	246
свинство	246
рупор	246
рококо	246
рокер	246
прокопьевск	246
подымает	246
подешевеет	246
пентхаусы	246
пасечник	246
огнеборцы	246
обогревает	246
обмены	246
обменники	246
мотопомпы	246
мозырь	246
мобайл	246
ммз	246
мистификация	246
мика	246
лордоз	246
линекс	246
лелеет	246
инфекционист	246
дроби	246
деспот	246
дельце	246
глаг	246
воплотится	246
бусина	246
бредет	246
агитаторы	246
аватарка	246
аа	246
юрта	245
чанг	245
филантроп	245
утята	245
уральцы	245
универсум	245
теолог	245
събрание	245
суглинки	245
сплин	245
спецпроект	245
служится	245
свёкла	245
расторопша	245
раздумывает	245
приложит	245
повреждаются	245
пнг	245
парогенераторы	245
паркетник	245
панцири	245
отпариватель	245
отдаление	245
осциллятор	245
окислитель	245
мотает	245
морфий	245
клюёт	245
киплинг	245
кант	245
ингридиенты	245
игнор	245
запирание	245
жилетки	245
дивиденд	245
денежка	245
дагомыс	245
выдавливается	245
виктор	245
видоизменяется	245
варяга	245
будки	245
блоггинг	245
бахаи	245
аэратор	245
асана	245
анапы	245
╚	244
эластан	244
чуп	244
цитомегаловирус	244
физиопроцедуры	244
ультрабук	244
ступка	244
стуки	244
стачка	244
сердолик	244
сватовство	244
рефералы	244
редактирует	244
разрушители	244
прочитывается	244
пролапс	244
посудомойка	244
полыхает	244
подшерсток	244
податливость	244
пленение	244
палантины	244
отшельники	244
однодневки	244
обрамляет	244
обиталище	244
неосведомленность	244
негативизм	244
ндв-недвижимость	244
мыльница	244
купорос	244
кач	244
заломы	244
дмитровка	244
госслужащий	244
виргиния	244
ввк	244
биеннале	244
беззаботность	244
аяты	244
антитеза	244
авк	244
этуаль	243
элли	243
экспертиз	243
щетинки	243
цсм	243
цифровизация	243
цз	243
укомплектованность	243
тюлени	243
супервайзер	243
спрут	243
сомы	243
сокрушение	243
слоник	243
свирепствует	243
сверхзадача	243
сапонины	243
ротонда	243
редуцирует	243
разгружает	243
пэп	243
проходка	243
приливает	243
потница	243
попускает	243
папайя	243
отмахивается	243
осмос	243
октоберфест	243
оглашает	243
объятие	243
оболонь	243
немеет	243
митрополиты	243
ляп	243
лазо	243
лабильность	243
курьезы	243
крематорий	243
кпе	243
кооператив	243
контрреволюция	243
комбриг	243
койка	243
клематисы	243
кинотавр	243
кинорежиссёр	243
кинопоказы	243
катрина	243
импортируется	243
дорвеи	243
дистрибутивы	243
димедрол	243
двинется	243
горошины	243
голубушка	243
газпромбанка	243
выползает	243
внутренность	243
будильники	243
бронетранспортер	243
брат-близнец	243
благочиние	243
бейдж	243
баски	243
балбес	243
анестетик	243
энергомаш	242
шестигранник	242
червячок	242
хитрец	242
хех	242
фахверк	242
трускавец	242
спреды	242
скрынник	242
серф	242
свекор	242
родина-мать	242
рейнджер	242
расслабление	242
проростки	242
прогрессия	242
пробитие	242
притормаживает	242
подчиненность	242
переписывает	242
парк-отель	242
параноик	242
папиллома	242
оканчивает	242
незнакомцы	242
навеска	242
мормышка	242
мбуз	242
максимумы	242
мается	242
луизиана	242
ломоть	242
купальня	242
конфуцианство	242
календулы	242
иол	242
интересное	242
инкрустация	242
инвазия	242
идеалисты	242
драматурги	242
дерматология	242
гуманизация	242
грач	242
гомосексуалист	242
волгоградцы	242
влас	242
владыки	242
алкотестер	242
абсолютизм	242
электроплит	241
электролиты	241
чмт	241
хромосома	241
хортица	241
фотоэлементы	241
фляга	241
флэшмоб	241
уравнивает	241
торгаши	241
террариум	241
стеклоподъемники	241
стат	241
срам	241
спартанцы	241
смываются	241
слюда	241
ситец	241
систематичность	241
сверхприбыль	241
сатане	241
сармат	241
рилейшнз	241
разбрасывает	241
раджа	241
приравнивает	241
приветствия	241
подмечает	241
пнп	241
пестик	241
паллеты	241
паек	241
отсутсвие	241
ортодонтия	241
окрик	241
обнажение	241
нострой	241
незабудка	241
научает	241
насильники	241
мигание	241
междоусобицы	241
лирик	241
куропатка	241
контент-маркетинг	241
кайт	241
изменник	241
извършва	241
зачин	241
единоросс	241
дт	241
диадема	241
джон	241
дефляция	241
дверка	241
гомеостаз	241
выборность	241
веселие	241
бредятина	241
блицкриг	241
бирма	241
бизнес-планы	241
антисемит	241
ант	241
аневризмы	241
акушеры	241
акафисты	241
автоломбард	241
автокредитование	241
10-е	241
эскалаторы	240
штекер	240
цвк	240
хэм	240
федералы	240
технопарки	240
терминатор	240
сыпи	240
стива	240
спортмастер	240
спарк	240
союзмультфильм	240
совиньон	240
слинги	240
рут	240
рза	240
растяжения	240
прокладки	240
провизор	240
ползёт	240
подлокотник	240
перформансы	240
нефтепроводы	240
народовластие	240
нажито	240
михей	240
майл	240
литеры	240
легионер	240
кпсс	240
кокпит	240
казахмыс	240
засоряет	240
другихъ	240
дощечка	240
гребцы	240
глутамат	240
геймпад	240
взбирается	240
ветврач	240
бина	240
бас-гитара	240
банк-клиент	240
балхаш	240
авалон	240
spa-центр	240
электрогенератор	239
чертёж	239
человеколюбие	239
уикенд	239
теребит	239
стипендиат	239
срезает	239
спецвыпуск	239
соцпакет	239
скулит	239
святилище	239
связист	239
рецептуры	239
резонирует	239
расспрашивает	239
победи	239
пересчитывается	239
паводки	239
оффшор	239
отмывается	239
отдаются	239
отгружается	239
обесцвечивание	239
несуществующее	239
невыплата	239
наймодатель	239
надои	239
мубарак	239
монополизация	239
модульность	239
метанол	239
лопасть	239
логисты	239
культивирует	239
комедоны	239
землянин	239
гудение	239
включенность	239
виновница	239
валит	239
вагинит	239
бухарест	239
булимия	239
балканы	239
антиутопия	239
амт	239
азиатка	239
аджика	239
⌠	238
ящеры	238
экзарх	238
щелочи	238
чёт	238
уложение	238
трудоголики	238
трансвестит	238
трансаминаз	238
театр-студия	238
татар	238
стервы	238
специалитет	238
рустик	238
ребенка	238
разогрев	238
преди	238
подрезка	238
плюет	238
пересечения	238
оди	238
одеколон	238
обнуление	238
номерки	238
ништяк	238
навуходоносор	238
минивэн	238
медработник	238
мародеры	238
маммопластика	238
малоярославец	238
малокровие	238
левада-центр	238
лапландия	238
колы	238
като	238
камелия	238
истребование	238
имитации	238
засовывает	238
заводчане	238
заветы	238
дюпон	238
дэу	238
гомон	238
гимнасты	238
выдыхает	238
воп	238
веда	238
вгик	238
вводы	238
блогун	238
блейка	238
биодобавки	238
балтимор	238
ба	238
ага	238
автовышка	238
1ст	238
ящички	237
шестерен	237
цы	237
тромбоцитопения	237
сюиты	237
стебельки	237
спрея	237
смоль	237
руссы	237
российско	237
россельхозбанка	237
рекрутинг	237
реализовывается	237
разучивание	237
радон	237
пятнистость	237
присуждает	237
пресекает	237
поливается	237
переправы	237
перепонка	237
перегруз	237
параграфы	237
падре	237
освещённость	237
мази	237
лакуны	237
калачи	237
имитатор	237
закрадывается	237
есаул	237
дом-интернат	237
джейкоб	237
глотание	237
главенство	237
географы	237
гармонь	237
высотка	237
выплескивается	237
винтики	237
вбегает	237
ваххабиты	237
ва	237
бешамель	237
березовка	237
аки	237
5к	237
эхинацеи	236
шхуна	236
ция	236
траверс	236
тонометры	236
стягивается	236
сторонница	236
созерцает	236
сметает	236
синусит	236
русич	236
редколлегия	236
простой	236
прописываются	236
пикапы	236
паззл	236
очкарик	236
отсос	236
опрыскиватель	236
обнуляется	236
нелегалы	236
натурализм	236
наваливается	236
метода	236
матерится	236
лямблии	236
ложи	236
ленком	236
кутикула	236
крепчает	236
краз	236
координата	236
колхозница	236
клейм	236
канистр	236
камазы	236
казначей	236
западло	236
закапывание	236
дэдпул	236
доказывание	236
дисгармония	236
гиппиус	236
гидрокортизон	236
гданьск	236
гадина	236
всвязи	236
воитель	236
венецианцы	236
ва-банк	236
аристократизм	236
аллюзия	236
адмиралы	236
pr-менеджер	236
щёки	235
шахтёр	235
хрипит	235
тэп	235
стевия	235
спецназовец	235
смачивается	235
словообразование	235
сетевики	235
ролеты	235
розарий	235
релиф	235
проращивание	235
приедается	235
полночь	235
плут	235
плейбой	235
писательство	235
педофилы	235
орлеан	235
окрестность	235
озлобленность	235
непризнание	235
ляшко	235
кольраби	235
клок	235
киноактер	235
измир	235
зэки	235
заступник	235
дятлы	235
долгожитель	235
дзюдо	235
дефлекторы	235
дарсонваль	235
гидрокостюм	235
гигабайты	235
выговаривает	235
второзаконие	235
взрыватель	235
вагонетки	235
брызжет	235
бройлер	235
безделье	235
аудиозапись	235
артишок	235
арт-объект	235
ара	235
https://www.facebook.com/...✂	235
http://en.wikipedia.org/...✂	235
100г	235
эстрадиол	234
экспоненты	234
швейка	234
чернуха	234
хуанхэ	234
флэшка	234
тавтология	234
саудиты	234
сатанисты	234
протока	234
пролёт	234
приветливость	234
потолще	234
попустительство	234
поилка	234
подсластители	234
пкт	234
падь	234
отельеры	234
обесценение	234
националь	234
набивает	234
на-гора	234
монтирует	234
ловцы	234
лахта	234
кризы	234
краматорск	234
копчение	234
контрол	234
колоды	234
кишинёв	234
затрата	234
заведующие	234
жужжание	234
детралекс	234
гой	234
гим	234
гемодиализ	234
гангстеры	234
высушивается	234
бугай	234
британка	234
атор	234
антикор	234
аккум	234
штопор	233
шансонье	233
чартер	233
чага	233
хозяйственник	233
хвалится	233
фурункулы	233
фед	233
утконос	233
упрочение	233
тумэн	233
тгк	233
стрит-арт	233
стретчинг	233
самообслуживание	233
пятёрка	233
проигрывается	233
полиартрит	233
ош	233
отыгрывает	233
ополаскивание	233
неувязка	233
муром	233
метотрексат	233
кучность	233
кпг	233
конфигуратор	233
коллегии	233
ипб	233
инком-недвижимость	233
затон	233
запои	233
завсегдатай	233
жиросжигатели	233
ец	233
грибники	233
грешки	233
гиперпигментация	233
галоши	233
габарит	233
встык	233
востановление	233
вертеп	233
велоспорт	233
бульвары	233
буковки	233
бельмо	233
бельгиец	233
алистер	233
7б	233
якуб	232
хвастовство	232
улан	232
транспортирует	232
типоразмеры	232
смельчак	232
секонд	232
свиноводство	232
светлогорск	232
рнр	232
ринг	232
рекламисты	232
райдер	232
разбавление	232
пробирки	232
пресс-атташе	232
пожиратели	232
подпоручик	232
пересылает	232
пеналы	232
отчизна	232
отпад	232
отдышка	232
отбеливатель	232
оживляется	232
недолговечность	232
наматрасники	232
морщится	232
монархисты	232
миокардит	232
минкульт	232
минвата	232
мимоза	232
мерин	232
лосс	232
лакировка	232
криминалисты	232
континенталь	232
клюшки	232
кардиомиопатия	232
карает	232
излишество	232
изверг	232
дымки	232
добытчик	232
диагност	232
выс	232
бомбит	232
бесится	232
банальности	232
багульник	232
аутстаффинг	232
аутсайдеры	232
агрегаторы	232
агломерация	232
электростимуляция	231
черноголовка	231
ции	231
химпром	231
уралкалия	231
теплотехники	231
ссыльные	231
семиотика	231
сельхозтехника	231
рю	231
росздравнадзор	231
рекультивация	231
районирование	231
раис	231
радиосигнал	231
прудик	231
проплывает	231
прокатывает	231
приёмная	231
пощечина	231
постигается	231
попрошайки	231
понятые	231
подсыхает	231
пасти	231
оглашается	231
носительство	231
нашатырь	231
минерва	231
махачкала	231
майорка	231
колбочки	231
клоунада	231
клавишник	231
злодейство	231
зеркалка	231
зацепка	231
задатка	231
двусмысленность	231
гистология	231
гильотина	231
вытворяет	231
видеокурсы	231
браконьерство	231
бляшка	231
арзамас	231
юмористы	230
эйдос	230
шоколадница	230
шевеление	230
хиромантия	230
упущения	230
угольки	230
тся	230
считыватели	230
сухожилие	230
стерилизатор	230
сопоставимость	230
сообщник	230
слалом	230
скины	230
систематика	230
самопрезентация	230
ругательство	230
рубанок	230
распознаёт	230
разрезает	230
равноденствие	230
путёвки	230
проходимцы	230
прослушивается	230
проводница	230
пиры	230
партер	230
отрекается	230
оптоволокно	230
новогиреево	230
нефтеюганск	230
нейтрон	230
неврит	230
майоран	230
левый	230
курирование	230
куни	230
косичка	230
киберспорт	230
картошечка	230
каротин	230
капиталовложение	230
каннибализм	230
каламбур	230
изымает	230
извозчики	230
зарницы	230
гуманитарии	230
гсха	230
впускает	230
виляет	230
вампиризм	230
вагина	230
буквоед	230
бороды	230
балерины	230
астрофизика	230
андеграунд	230
аксакал	230
агентура	230
эскимосы	229
эковата	229
хрущевка	229
фотобанк	229
углекислота	229
тун	229
суг	229
скребки	229
скороход	229
сексолог	229
сгибает	229
пятерки	229
птаха	229
профан	229
поллитра	229
отсчитывает	229
обс	229
нестыковка	229
невус	229
метроном	229
материалист	229
локатор	229
кухня-гостиная	229
кунгур	229
критичность	229
крестовина	229
конфликтология	229
клубничка	229
клинцы	229
кипа	229
карфаген	229
карс	229
каракас	229
инфы	229
ингибирование	229
зачисляются	229
запуски	229
загрязненность	229
заварка	229
жевание	229
всерос	229
визирь	229
велотренажеры	229
вгоняет	229
буйвол	229
борзая	229
аэроплан	229
аллегории	229
шумность	228
функционер	228
фссп	228
форты	228
фитинг	228
тушится	228
туран	228
торгово	228
схп	228
сусло	228
структурирует	228
столицей	228
русфинанс	228
рукоять	228
рогозин	228
радиотерапия	228
пуско-наладка	228
протирается	228
проставляет	228
портные	228
порадуется	228
пидор	228
пенье	228
ошибочка	228
нейминг	228
научн	228
маячки	228
крышечка	228
короткометражка	228
коробок	228
клерки	228
кандагар	228
канаверал	228
инфильтрат	228
интернет-провайдер	228
изготовляет	228
засоряется	228
заложник	228
египтянин	228
дюна	228
добротность	228
днт	228
геройство	228
выхино	228
вырождается	228
вроцлав	228
восклицание	228
влюблённость	228
веб-интерфейс	228
биотуалет	228
ангелочки	228
4б	228
2т	228
штендеры	227
шпора	227
хэппи	227
фотобумага	227
ужесточает	227
угольник	227
уборщики	227
троцкисты	227
тиреотоксикоз	227
судия	227
стремительность	227
страны-члены	227
соскальзывает	227
слэш	227
слив	227
рёбра	227
русскость	227
респираторы	227
реб	227
прозорливость	227
приватность	227
подтопление	227
пеленание	227
отобразит	227
отвердитель	227
обезжиривание	227
нагота	227
мотивировка	227
медичи	227
маршалы	227
лыжа	227
координирование	227
когорта	227
клипса	227
каталонцы	227
земство	227
затекает	227
заметность	227
заворачивается	227
ералаш	227
ен	227
гипертиреоз	227
высокопреосвященство	227
выслуга	227
врач-психотерапевт	227
водолаз	227
взломщик	227
бск	227
белоус	227
беларус	227
балтийск	227
балаклава	227
атаманы	227
астрофизик	227
архитектуры	227
арийцы	227
автовышки	227
https://youtu.be/...✂	227
214-фз	227
эр-рияд	226
утопии	226
усть	226
уродства	226
упускается	226
трущобы	226
торренты	226
телекомпании	226
талассотерапия	226
сы	226
супружество	226
сращение	226
сочность	226
собиратели	226
скворечник	226
сетования	226
сановники	226
рыльце	226
ровесница	226
ретинопатия	226
рапортует	226
профилактории	226
полено	226
подтекает	226
патока	226
пакость	226
пайетки	226
очерчивает	226
отжиг	226
орландо	226
органик	226
омоновцы	226
олимпиец	226
однофамилец	226
ньюкасл	226
наркология	226
люциус	226
локус	226
лесополосы	226
костыль	226
коротышка	226
кед	226
каунас	226
канитель	226
кадриль	226
инстафорекс	226
заречье	226
задирает	226
еноты	226
доши	226
демократичность	226
дежурная	226
гангстер	226
гайды	226
врач-дерматолог	226
водица	226
вебсайт	226
белокуриха	226
антуриум	226
андромеда	226
амбициозность	226
аденомы	226
эмфизема	225
шарлатаны	225
утюжок	225
увязка	225
тфб	225
тусуется	225
стеснение	225
стеклохолст	225
спасители	225
спа-салон	225
синопсис	225
серединка	225
сгущение	225
расстилается	225
радиотехника	225
равнение	225
промоакции	225
приготавливается	225
подытоживает	225
подтасовки	225
плутоний	225
плуги	225
переуступка	225
перебрасывает	225
паротит	225
отсасывает	225
оснастки	225
окислы	225
одинъ	225
недооценивает	225
намокает	225
мусоровозы	225
мж	225
метлы	225
мегабит	225
лимассол	225
ларчик	225
криодеструкция	225
копьё	225
колоннада	225
июль-август	225
иис	225
изборск	225
игуаны	225
занижает	225
ефес	225
дгк	225
госкомитет	225
гик	225
вырезки	225
выжигание	225
вступ	225
ворох	225
брёвна	225
брынза	225
благодетели	225
беднота	225
аутсайдер	225
аул	225
апатит	225
антибиотикотерапия	225
аллерголог	225
e.	225
2-комн	225
13-е	225
эмульгаторы	224
чертовщина	224
хичкок	224
формовка	224
усзн	224
упоение	224
унтер-офицер	224
уганда	224
турники	224
травинки	224
тетрадка	224
стероид	224
советчики	224
смоляне	224
связные	224
салоники	224
раскрой	224
просчитывается	224
приседание	224
приваривается	224
политиздат	224
пленяет	224
перелёты	224
паучок	224
отвозит	224
операционка	224
онлайн-сервисы	224
непримиримость	224
мать-и-мачеха	224
лазанья	224
котлас	224
кинетика	224
карвинг	224
канцерогены	224
заслушивает	224
замгендиректора	224
диспетчеризация	224
дип	224
диетотерапия	224
грудничка	224
входящие	224
валь	224
братислава	224
атласы	224
автобан	224
9-е	224
электромагнит	223
экспликация	223
экотуризм	223
фитнес-центры	223
укореняется	223
уведомляется	223
тешит	223
табор	223
стайн	223
сонм	223
сенегал	223
сарматы	223
ротанг	223
рефрижераторы	223
прослушка	223
петелька	223
перкуссия	223
округляется	223
ноа	223
нижнекамскнефтехим	223
несвобода	223
недостаёт	223
мурка	223
купируется	223
краудфандинг	223
консервирование	223
колтуны	223
кокетство	223
кнб	223
клейстер	223
карпы	223
капитан-лейтенант	223
камзол	223
искусственность	223
интернет-газета	223
инион	223
изыскание	223
загон	223
железяка	223
егрн	223
дзм	223
гит	223
водоотвод	223
валькирии	223
бубны	223
бихевиоризм	223
балатон	223
афродизиак	223
архангелы	223
армады	223
апорт	223
амбра	223
адмиралтейство	223
эскалатор	222
эмитенты	222
штемпель	222
шифруется	222
хабад	222
футуризм	222
фоторамки	222
флп	222
фены	222
урчит	222
традиционализм	222
телебашня	222
става	222
совершится	222
рукоприкладство	222
романист	222
рожи	222
рапси	222
проведе	222
предвестие	222
плойка	222
перестраивает	222
перга	222
педофилия	222
парафраз	222
ошеломляет	222
отторгает	222
отзвук	222
осеняет	222
органайзеры	222
октава	222
обуза	222
нейтрофилы	222
нейрохирургия	222
минрегион	222
микробиология	222
массирование	222
малка	222
лиственницы	222
крокус-экспо	222
красноармейск	222
кибер	222
зарегистрирует	222
джа	222
гомосексуальность	222
гниёт	222
гвардеец	222
выжимает	222
выговоры	222
вторичка	222
всяка	222
видеосъёмка	222
блендеры	222
бели	222
белагропромбанк	222
бароны	222
банер	222
ахтуба	222
аскариды	222
асд	222
акробат	222
9а	222
шаньдун	221
ченнелинг	221
хладнокровие	221
харитон	221
флегматик	221
удод	221
трудяга	221
стопки	221
свесы	221
русская	221
росавтодор	221
распашонки	221
ранимость	221
прос	221
продумывается	221
пробники	221
помагает	221
плантация	221
пинает	221
перемотка	221
отыскивает	221
отсыпка	221
отрисовка	221
однушка	221
обыгрывается	221
ободки	221
обелиски	221
нечувствительность	221
нефтехимик	221
непохожесть	221
непогрешимость	221
надой	221
мурад	221
минкомсвязи	221
межгород	221
лобби-бар	221
лейтенанты	221
латыш	221
коннекторы	221
колл-центр	221
койки	221
именование	221
иконописцы	221
иеромонах	221
ивр	221
иак	221
защищаются	221
замораживает	221
закуп	221
жд	221
дядечка	221
дубинка	221
десятина	221
декстер	221
госбанк	221
горнолыжники	221
высовывается	221
военком	221
буфера	221
атэс	221
арти	221
ангстрем	221
алеппо	221
аевит	221
автокад	221
юна	220
этнографы	220
черкизово	220
цитрус	220
центрифуга	220
хотелки	220
фейхоа	220
ученье	220
укрывается	220
удвоится	220
угаи	220
тунеядство	220
томографы	220
тейт	220
стрии	220
софит	220
соучастник	220
сопоставления	220
смыслит	220
речушка	220
расположенность	220
распаковка	220
протопоп	220
просвещает	220
проконтролирует	220
примешивается	220
почтальоны	220
поимка	220
персоналии	220
первопроходец	220
однокурсник	220
несебр	220
натяжка	220
нарыв	220
наклеивание	220
мсх	220
моторола	220
металлокерамика	220
матриархат	220
маляры	220
листает	220
кресло-качалка	220
косуля	220
кобылка	220
классификаторы	220
зацикленность	220
жиросжигатель	220
доо	220
дикторы	220
детонация	220
демодекс	220
вагиноз	220
башмачки	220
баден-баден	220
автостанция	220
юго-запад	219
этихъ	219
электролиз	219
экранирование	219
шейхи	219
фторирование	219
фагот	219
уплотняет	219
убитый	219
техникумы	219
тепловизоры	219
тайтл	219
сыплет	219
субмарина	219
страстность	219
спектроскопия	219
синема	219
симметричность	219
самарканд	219
рояли	219
разграничивает	219
психолог-консультант	219
противовес	219
продажность	219
пристраивается	219
похищения	219
петролеум	219
периодика	219
пасынок	219
оргия	219
обслуга	219
нормальность	219
ниацин	219
лесоматериалы	219
крузер	219
консилер	219
кислинка	219
када	219
инж	219
империалисты	219
запутывает	219
зажимается	219
загорает	219
забегаловки	219
дрифт	219
дисфункции	219
детройт	219
грифы	219
вермут	219
белосток	219
батыр	219
барашки	219
аневризма	219
аквафор	219
ip-камеры	219
царизм	218
фразеология	218
фоп	218
фичи	218
фаска	218
убежища	218
тюлень	218
транспортники	218
трактирщик	218
терморегуляция	218
теплоизолятор	218
тать	218
сниппет	218
слоненок	218
сказкотерапия	218
сеты	218
санскрит	218
рэк	218
реинжиниринг	218
радиопомех	218
радеон	218
пуловеры	218
психоаналитики	218
прямота	218
противъ	218
присоединяет	218
предсказатель	218
постановщики	218
полутень	218
полоз	218
пестрота	218
перешейка	218
перерождается	218
пауэрлифтинг	218
парение	218
охра	218
офелия	218
отписка	218
оплетка	218
оис	218
мусоровоз	218
мозжечок	218
материальность	218
крайон	218
копипаст	218
коннотации	218
клинт	218
камерун	218
йоги	218
иц	218
интерскол	218
иммуностимуляторы	218
землеустройство	218
дсо	218
доброжелатели	218
дацан	218
гоминид	218
гемофилия	218
гарнизоны	218
гар	218
врач-диетолог	218
воришки	218
вампирша	218
буян	218
близки	218
бензовоз	218
балуется	218
аффтар	218
арт-объекты	218
алютех	218
акселератор	218
автово	218
1ч	218
эллины	217
шефы	217
хохма	217
холерик	217
фразеологизм	217
учреждает	217
толкователь	217
товаропроизводители	217
судовладелец	217
спа-процедуры	217
сормово	217
симка	217
рябчик	217
радиолюбители	217
проделывается	217
приобщает	217
прервется	217
посыльный	217
посольства	217
полифония	217
пожиратель	217
подыскивает	217
подмастерье	217
обеты	217
нейропатия	217
натан	217
мскт	217
механизатор	217
летчик-космонавт	217
концентраторы	217
контраргументы	217
колышется	217
ключницы	217
кайфу	217
иркутяне	217
зрелища	217
записочки	217
залогодатель	217
гуны	217
государство-участник	217
глушители	217
всецарица	217
веления	217
бутан	217
бронхоспазм	217
бмз	217
биоэнергетика	217
бессмертник	217
безбожники	217
баффета	217
баварцы	217
арье	217
апсиды	217
апп	217
аквамарин	217
。	216
шенген	216
укладывание	216
турникет	216
тросик	216
съвет	216
спик	216
сноубордисты	216
сноп	216
снипы	216
слюнотечение	216
скопище	216
ситибанк	216
сигурд	216
сеньоры	216
североморск	216
ревнители	216
раппорт	216
промысл	216
придерживает	216
придатки	216
преосвященство	216
постоянство	216
первосвященники	216
отыгрыш	216
отпразднует	216
омепразол	216
обрезание	216
но-шпа	216
негритянка	216
митохондрии	216
минималки	216
микрокосм	216
мешанина	216
метис	216
макеевка	216
лицензиар	216
лидинг	216
лав	216
кыргызы	216
кроссы	216
кровоподтеки	216
кочевник	216
котяра	216
завышает	216
елабуга	216
допплерография	216
домишки	216
дискет	216
дедок	216
грандиозность	216
герменевтика	216
выгружается	216
врач-эндокринолог	216
воцаряется	216
вольница	216
водилы	216
боровск	216
болашак	216
биатлонисты	216
беркут	216
алма	216
адсорбция	216
юрлицо	215
штуковины	215
църква	215
хронометраж	215
хадис	215
фантазер	215
усыпление	215
супервизии	215
спаниель	215
сопло	215
соковыжималки	215
север-юг	215
санитарки	215
сальвадор	215
рунет	215
преобразит	215
поджигает	215
перевозбуждение	215
пеленка	215
пеларгония	215
парусники	215
ощадбанк	215
оцинковка	215
офис-менеджер	215
отливки	215
онлайн-консультант	215
озадачивает	215
ожесточение	215
обезболивает	215
обеднение	215
нюхает	215
наладит	215
надувается	215
нагоняет	215
мотивируется	215
множится	215
миранды	215
лендинги	215
ледоколы	215
клипс	215
кладётся	215
кампф	215
кадмия	215
землевладелец	215
засыпание	215
загадывает	215
жожоба	215
дпни	215
дотрагивается	215
громкоговорители	215
грабёж	215
въезды	215
вассалы	215
боа	215
аскон	215
r.	215
2п	215
экстрасистолия	214
шляхта	214
хората	214
формование	214
фифа	214
фенечки	214
фантазирует	214
ухаживание	214
ууд	214
удп	214
триглицериды	214
транслитерация	214
тези	214
стёб	214
соленость	214
собаководы	214
смерш	214
скинхеды	214
развеет	214
проститутк	214
пособники	214
политкорректность	214
овод	214
непрофессионалы	214
недоросль	214
неделька	214
напарница	214
мерки	214
махабхарата	214
лпу	214
ктс	214
конструируется	214
колотит	214
клубки	214
келья	214
идолу	214
знаменка	214
замалчивание	214
залогодержатель	214
заворот	214
завод-изготовитель	214
ема	214
дотация	214
джок	214
дедовщина	214
гряд	214
гастроэнтерология	214
гамбит	214
выплавка	214
возобладает	214
витебск	214
веретена	214
бизнес-тренеры	214
батайск	214
аутентичность	214
артроскопия	214
артикуляция	214
арканы	214
адамант	214
агрессоры	214
hа	214
cтоимость	214
115-фз	214
этотъ	213
электросеть	213
сырки	213
сунниты	213
стекается	213
стежок	213
срр	213
сопит	213
слепки	213
скальпинг	213
ратник	213
рат	213
путёвка	213
предрасполагает	213
предисл	213
покушается	213
погасит	213
переработчики	213
перенасыщение	213
паши	213
парезы	213
нѣтъ	213
нвп	213
наружность	213
мичуринск	213
метет	213
любэ	213
крыльчатка	213
кочует	213
констанция	213
искание	213
жалование	213
доносы	213
добивает	213
дифференцирование	213
диор	213
грохочет	213
городишко	213
гкрч	213
гитаристы	213
воплощаются	213
вопиет	213
бумер	213
браунинг	213
благородие	213
благонадежность	213
арканзас	213
антоновка	213
анкеры	213
амфора	213
авиаперевозчики	213
54-фз	213
ямщик	212
шлепки	212
шествует	212
хиллс	212
финалистка	212
ухмыляется	212
упряжь	212
укачивает	212
триллионы	212
томление	212
тепловентилятор	212
стг	212
сберегает	212
сатин	212
садисты	212
рыцарство	212
ромир	212
родительница	212
рендеринг	212
преследователь	212
преграждает	212
ппм	212
поднимание	212
планер	212
острицы	212
образовывает	212
нефропатия	212
наездники	212
магнитики	212
магистрат	212
львенок	212
леван	212
конвертеры	212
компы	212
качание	212
картирование	212
иммунодефицит	212
деспотизм	212
гран	212
гонцы	212
гейнеры	212
гати	212
втягивание	212
вобла	212
видеофайлы	212
бэби	212
блокатор	212
бисер	212
биохимик	212
аранжировщик	212
анжи	212
альбус	212
автогигант	212
авиалайнер	212
qr-код	212
1990-е	212
ِ	211
экспериментирование	211
эвенки	211
шпат	211
шмитт	211
шатура	211
цитатник	211
цирки	211
угонщики	211
труа	211
тензор	211
тенгри	211
състояние	211
сдувает	211
сверхдержава	211
ромашки	211
рекордсмены	211
растягиваются	211
радикал	211
пуфы	211
продувка	211
препятствование	211
пектины	211
обводит	211
новобранец	211
некст	211
недооценивается	211
наощупь	211
мфп	211
метрополис	211
методичка	211
креветка	211
кдж	211
карт	211
канонизация	211
илиада	211
изверги	211
замышляет	211
зала	211
евразийцы	211
гпнтб	211
высветится	211
вмешается	211
вир	211
винаги	211
буры	211
брезгливость	211
большенство	211
блокчейн	211
американ	211
амазон	211
адвентисты	211
абориген	211
sim-карта	211
є	210
шансон	210
ханы	210
трясёт	210
точь	210
теплообмен	210
тепловыделение	210
табурет	210
схватится	210
стопор	210
созидатель	210
скученность	210
северо-восток	210
рецепция	210
резчики	210
рационы	210
равиоли	210
продуцируется	210
предохранение	210
пребиотики	210
посетительница	210
пор	210
полупроводники	210
полотнища	210
подсвечивает	210
поборник	210
переполняется	210
пандемия	210
отжимается	210
олимпийцы	210
обесценивается	210
новатэк	210
ниж	210
намордник	210
называние	210
мчп	210
мондео	210
медина	210
медведка	210
люверсы	210
лэнд	210
лазание	210
купина	210
корсар	210
корпусы	210
кореш	210
комент	210
итальянки	210
изматывает	210
змз	210
збт	210
загуститель	210
дитятко	210
диковинка	210
дефиниция	210
гиперкератоз	210
гбоу	210
возмещаются	210
вкр	210
валентинка	210
братки	210
библионочь	210
беларусы	210
батыра	210
бальмонт	210
астраханцы	210
арестанты	210
андреевка	210
аксинья	210
холлофайбер	209
хабиб	209
уравнивание	209
упрощенка	209
угрызения	209
туба	209
трипс	209
сыр-бор	209
слывет	209
саларьево	209
романтичность	209
ргупс	209
примечательность	209
правнучка	209
поилки	209
пожаротушение	209
парфюмеры	209
партитура	209
оргазмы	209
норд-ост	209
наплывы	209
мошонка	209
микрофибра	209
междуречье	209
материнка	209
лодзь	209
лактобактерии	209
кукловоды	209
криминалистика	209
коап	209
кмз	209
кегль	209
иностранка	209
иена	209
жестикуляция	209
делец	209
городничий	209
волоколамск	209
внушается	209
визитницы	209
бистро	209
берёзы	209
асфиксия	209
арсеналы	209
азъ	209
http://ru.wikipedia.org/...✂	209
11-е	209
эвалар	208
шеи	208
челябинцы	208
урезание	208
умирание	208
убэп	208
тѣхъ	208
сроку	208
сошки	208
соня	208
славит	208
синеет	208
румын	208
пылинки	208
путешественница	208
проветривается	208
педикулез	208
отродье	208
ополченец	208
опознание	208
нмцк	208
напряженка	208
наводится	208
мычит	208
мочка	208
миноносец	208
металлоинвест	208
лузер	208
лапчатка	208
коньяку	208
конгломераты	208
коломиец	208
кладь	208
калинов	208
калинин	208
испытатель	208
игрища	208
зеваки	208
закидывает	208
завладение	208
диван-кровать	208
даиш	208
гребенка	208
гайдук	208
высушивает	208
выскальзывает	208
всо	208
бронетранспортеры	208
блонд	208
баден	208
астор	208
антик	208
авиаконструктор	208
югорск	207
экокожа	207
шапито	207
цейлон	207
фармакокинетика	207
уэк	207
умолкает	207
уздг	207
угонщик	207
тюменцы	207
трансферт	207
темпл	207
тас	207
счеты	207
суммирует	207
спринцевание	207
сникерсы	207
смертник	207
скороговорки	207
сглаживается	207
сверхчеловек	207
сведенья	207
репрезентация	207
резорт	207
редактируется	207
разломы	207
перевыборы	207
пасынки	207
пад	207
оратории	207
окучивание	207
оззи	207
нра	207
муфт	207
марийцы	207
ланит	207
конюх	207
кодификация	207
категоричность	207
каракалпакстан	207
казачок	207
завоёвывает	207
гепатоз	207
волы	207
водолеи	207
буряк	207
букетики	207
близь	207
бериллия	207
атрофируется	207
атамекен	207
антициклон	207
аннулирует	207
135-фз	207
эндометрия	206
хамит	206
фрегаты	206
фенолы	206
уск	206
увертюра	206
трапезы	206
ткачи	206
сиделки	206
рюмки	206
рододендроны	206
римейк	206
ребус	206
пятая	206
промзона	206
прихожанка	206
предъявление	206
предпросмотр	206
подводники	206
плотности	206
перезапись	206
переговорщик	206
пассия	206
обременения	206
обморожение	206
неполнота	206
мочит	206
мордашка	206
многоженство	206
мирча	206
льёт	206
логист	206
лейкерс	206
лейкемия	206
лднр	206
крюково	206
крестец	206
коммунарка	206
клемма	206
интоксикации	206
заплатка	206
енто	206
дорогуша	206
долька	206
добровольчество	206
депривация	206
графин	206
выжимка	206
водолазки	206
ватрушки	206
бегемоты	206
батоны	206
акадо	206
автопоезд	206
автоинструктор	206
щепа	205
цск	205
уместность	205
удлинители	205
тупы	205
томичи	205
тейп	205
структурализм	205
снпч	205
смешок	205
скорректирует	205
сеттинг	205
редкол	205
распечатывает	205
раби	205
психологизм	205
продувается	205
припоминает	205
плагина	205
параллелограмма	205
отлетает	205
нексия	205
наёмник	205
муссируется	205
мотыльки	205
министър	205
меланхолик	205
марганцовка	205
леон	205
кеми	205
интернет-бизнес	205
инквизиторы	205
индейки	205
имамы	205
излучается	205
завиток	205
журчит	205
жлоб	205
дождевики	205
дерма	205
деньга	205
демарш	205
гофрокартон	205
генетики	205
воришка	205
взаимозаменяемые	205
ветровка	205
вбросы	205
бэйл	205
бурундук	205
бордели	205
белуга	205
белпочта	205
азаттык	205
агния	205
402-фз	205
янычар	204
электролюкс	204
экстравагантность	204
шпаклевки	204
шарфики	204
чтецы	204
цветокоррекция	204
хб	204
фреш	204
фиби	204
фантомы	204
ухажер	204
убыточность	204
тургор	204
тряпочка	204
травники	204
текстильщик	204
смывка	204
скопье	204
сенеж	204
респектабельность	204
резоны	204
разрезание	204
пулеметчик	204
просушка	204
пропорциональность	204
припасы	204
предгорья	204
перфекционист	204
перевоплощается	204
певчие	204
пармы	204
отчуждает	204
обедает	204
обводы	204
натоптыши	204
мутирует	204
мпикс	204
минтруда	204
медуница	204
махаон	204
малолетки	204
лютеране	204
лисенок	204
корд	204
компания-разработчик	204
кипарисы	204
кикбоксинг	204
кассирша	204
канье	204
кабак	204
инт	204
индексирование	204
иммигрант	204
зомбирование	204
затычки	204
епископат	204
единомыслие	204
докторантура	204
док-станция	204
дмс	204
диз	204
дефис	204
горизонталь	204
гамп	204
вдох	204
богадельня	204
бицепсы	204
биоритмы	204
байдарка	204
асс	204
аспирация	204
алтуфьево	204
айленд	204
агп	204
φ	204
ü	204
1с-рарус	204
127-фз	204
ярд	203
четырехугольник	203
цай	203
ху	203
франшиз	203
физик-теоретик	203
фантазеры	203
срыгивание	203
софа	203
соперничает	203
свершается	203
саратовцы	203
сальто	203
сайга	203
рейдерство	203
раскат	203
придумывание	203
приговаривает	203
познаёт	203
подмигивает	203
печки	203
пантомима	203
основоположники	203
оружейники	203
органист	203
огнезащита	203
нянечки	203
нацист	203
напильник	203
мопеды	203
мираторг	203
меркурия	203
манускрипт	203
лье	203
коста-рика	203
конкурс-фестиваль	203
конина	203
козлик	203
ковши	203
клиентура	203
кларнет	203
кинопрокат	203
киборги	203
каперсы	203
кантаты	203
информаторы	203
иммунология	203
изливает	203
запишется	203
заколка	203
дидактика	203
дарвинизм	203
гърция	203
губина	203
гренландия	203
госсовет	203
выключится	203
впоследствие	203
взаимоуважение	203
вермонт	203
веб-сервис	203
буржуйки	203
билдинг	203
белавиа	203
барбадос	203
айтишники	203
элитарность	202
шиншиллы	202
чистоплотность	202
чек-лист	202
хоромы	202
херувимы	202
физрук	202
усреднение	202
уляжется	202
углевод	202
увод	202
трудоёмкость	202
трапы	202
томик	202
типоразмер	202
танаис	202
слободка	202
семёрка	202
сварится	202
сащ	202
самопомощь	202
родительство	202
разъезды	202
преподы	202
премиальные	202
прагматик	202
правоведы	202
прабхупада	202
подмога	202
печенеги	202
перераспределяет	202
перелив	202
одевание	202
обжалует	202
ньюфаундленд	202
нмоль	202
нд	202
нахлест	202
настроенность	202
нагорье	202
мусульманство	202
мошка	202
моники	202
минимизируется	202
мерси	202
легкоатлеты	202
катетеризация	202
интерференция	202
заваливается	202
жилфонд	202
жгутики	202
досаждает	202
диссоциация	202
дисс	202
городовой	202
гневается	202
глумление	202
выпадения	202
вознаграждается	202
вит	202
видеомагнитофон	202
веление	202
быстро	202
берк	202
бас-гитарист	202
балахон	202
аутотренинг	202
атб	202
амакс	202
аллитерирует	202
адресация	202
аденокарцинома	202
δ	202
usb-порт	202
чистильщик	201
цисты	201
цементы	201
хенкель	201
хельга	201
хвостовик	201
фурор	201
флиртует	201
тартар	201
таймс	201
сцеживание	201
стручок	201
смиряется	201
самородки	201
самозванцы	201
румянцево	201
рон	201
рдк	201
проседание	201
плавка	201
перепалки	201
переодевание	201
пасется	201
отцы-основатели	201
отсвет	201
опарыш	201
онлайн-конференция	201
непрофессионал	201
нелады	201
мэс	201
мсп	201
мошенница	201
микропроцессоры	201
металлоискатели	201
меряет	201
марксизм-ленинизм	201
лямблиоз	201
курилка	201
компакт-диски	201
колобки	201
когалымавиа	201
клонится	201
квадра	201
кассация	201
интернет-агентство	201
доплачивает	201
дескриптор	201
дезориентация	201
грей	201
грациозность	201
генерал-адъютант	201
гардеробы	201
вояка	201
воздухоочиститель	201
ведерки	201
браток	201
белек	201
ассирийцы	201
анклавы	201
амбивалентность	201
автозагрузка	201
эстеты	200
эозинофилы	200
эдикт	200
шлепок	200
шесты	200
швеи	200
ципрофлоксацин	200
цветовод	200
хозяюшки	200
фондоотдача	200
фенербахче	200
уяснение	200
ударения	200
трешка	200
треп	200
трансмиссии	200
терпенье	200
сынки	200
стопы	200
сосредотачивает	200
сомненья	200
свинокомплекс	200
сант	200
самозащита	200
самарцы	200
ревда	200
рачки	200
раздваивается	200
радужка	200
проходимец	200
протяжка	200
прана	200
поминает	200
поленья	200
покатушки	200
пиридоксин	200
переодевается	200
паря	200
опрессовка	200
онтогенез	200
николай	200
неотвратимость	200
недоедание	200
навруз	200
маффины	200
марина	200
кушетки	200
командообразование	200
колбаска	200
кератит	200
кебаб	200
иннополис	200
зоозащитники	200
звездность	200
заступница	200
задиры	200
жонглирование	200
енох	200
дошколята	200
дирижабли	200
дизели	200
декларант	200
двоение	200
гэп	200
грс	200
гнетет	200
гидрометцентр	200
гемангиомы	200
вольность	200
возница	200
визги	200
вива	200
взаимовлияние	200
бухает	200
болгарин	200
богоявление	200
белогорье	200
альбион	200
аккумулируется	200
айя	200
автор-исполнитель	200
абляция	200
cрок	200
50-е	200
20-летие	200
юнилос	199
энергосистема	199
экскаватор-погрузчик	199
шоры	199
холдем	199
химеры	199
унитазу	199
тромбоэмболия	199
солнцево	199
силиконы	199
секатор	199
сангвиник	199
рябит	199
репортёр	199
пэк	199
приспешники	199
припуск	199
покемон	199
пиктограмма	199
пересчитывает	199
переборка	199
палеонтолог	199
отмывает	199
опухает	199
опрашивает	199
обременяет	199
нотариат	199
модулятор	199
моделька	199
мист	199
милашки	199
мемы	199
масаи	199
марксист	199
леденец	199
лайдинг	199
кривошея	199
которы	199
ключница	199
кетоконазол	199
карьерист	199
истеричка	199
интернет-сайты	199
иннервация	199
инкриминируется	199
зоология	199
золотник	199
единомышленник	199
дилижанс	199
делопроизводитель	199
гопник	199
гладиаторы	199
гимнаст	199
гетман	199
гастроном	199
восхваляет	199
ветряк	199
ввергает	199
буддист	199
биоразнообразие	199
баш	199
алейкум	199
актг	199
автокатастрофы	199
ярославцы	198
юл	198
чот	198
хронометр	198
фанты	198
уолкер	198
третьяк	198
трактористы	198
тепловоз	198
телеэкраны	198
тахрир	198
страсбург	198
сныть	198
скобки	198
симплекс	198
сибнефть	198
селезёнки	198
светимость	198
ручеёк	198
рокировка	198
присоска	198
пончик	198
помазанник	198
подлетает	198
подергивание	198
побаивается	198
окупит	198
обзывает	198
обжорство	198
новочебоксарск	198
нитриты	198
нейтрализуется	198
недоимка	198
накачка	198
мученица	198
мультирум	198
музеон	198
мужички	198
механизаторы	198
лягушонок	198
лопуха	198
латино	198
курятина	198
корус	198
коррида	198
королевич	198
контент-анализ	198
кизляр	198
кардиналы	198
закусочная	198
дортмунд	198
добродушие	198
джесс	198
дератизация	198
дендрарий	198
декомпозиция	198
гидронефроз	198
гамаки	198
выродки	198
воздает	198
брент	198
блокираторы	198
библио-глобус	198
берл	198
арабика	198
аншлаги	198
абдоминопластика	198
эндокардит	197
экспофорум	197
экзистенциализм	197
фаркоп	197
уэмбли	197
троеборье	197
трагикомедия	197
технополис	197
сынъ	197
столбняк	197
софиты	197
соллерс	197
снобизм	197
смоется	197
сеялка	197
сель	197
светлячки	197
рит	197
рамблер	197
пятидневка	197
протекторы	197
прижим	197
позорит	197
подливает	197
планшетник	197
перегонка	197
отроги	197
опрятность	197
онлайн-игра	197
обыкновения	197
невусы	197
нафтан	197
насыщение	197
надра	197
навител	197
монтирование	197
милуоки	197
медсправки	197
максим	197
корифеи	197
колесницы	197
кандалакша	197
какао-бобы	197
зевает	197
заём	197
западает	197
загорание	197
загиб	197
дробится	197
диурез	197
горячность	197
гомеопат	197
гайцы	197
воспрепятствование	197
вкусняшка	197
вим	197
взмывает	197
бритиш	197
богомолец	197
атон	197
арагон	197
апелляции	197
аденомиоз	197
агрокомплекс	197
энтерит	196
эа	196
шейпинг	196
червячки	196
хлориды	196
фотоработы	196
усыхает	196
упа	196
уйгуры	196
треккинг	196
съезжается	196
спортзалы	196
социал-демократия	196
сервис-центр	196
румяна	196
роно	196
рмапо	196
разделители	196
разграбление	196
профилирование	196
промышляет	196
присыпка	196
полтонны	196
подтеки	196
податель	196
панталоны	196
оцепенение	196
оффшоры	196
объявится	196
норы	196
новодел	196
нивелирование	196
нега	196
научается	196
наставница	196
надувательство	196
мочалки	196
мини-отели	196
мередит	196
малолетка	196
маккаби	196
магнитка	196
лайтбоксы	196
кроет	196
ког	196
киллеры	196
киборг	196
испаряет	196
зуда	196
залетает	196
журфак	196
жеребенок	196
дкс	196
джек-пот	196
день-ночь	196
дагестан	196
гофры	196
гипоаллергенность	196
вычислитель	196
выкрикивает	196
вице-премьера	196
боливар	196
богомольцы	196
бизнес-партнер	196
биатлонистка	196
бгуир	196
атаксия	196
адыги	196
абажуры	196
ѕ	195
хава	195
фотопроект	195
фкс	195
указка	195
трюфель	195
томаш	195
семинаристы	195
рубцовск	195
раптор	195
разъезжает	195
призывается	195
приживаемость	195
похлебки	195
потирает	195
пероксид	195
парадоксальность	195
оулу	195
орнитологи	195
оверлок	195
оборудуются	195
ноприз	195
нин	195
нейрохирурги	195
мос	195
мормоны	195
монсанто	195
мирится	195
миньоны	195
миллс	195
ликвидаторы	195
краскопульт	195
конкременты	195
кожзаменитель	195
кодак	195
клёв	195
исповедник	195
жгуты	195
дерет	195
гостит	195
голодный	195
глухи	195
гайд	195
выжигает	195
въпрос	195
вериги	195
белорецк	195
бачки	195
аскарид	195
анахронизм	195
алатау	195
активаторы	195
азиат	195
абдель	195
swot-анализ	195
яхтинг	194
эвертон	194
шутники	194
шуры	194
шантажирует	194
чехов	194
холостяки	194
фризы	194
фототерапия	194
файлообменник	194
укорачивает	194
увечье	194
трак	194
строчит	194
спортинвентарь	194
спиноза	194
сошествие	194
смоки	194
сепарация	194
репетирует	194
раскачка	194
разочаровывается	194
разойдется	194
развертка	194
псн	194
пружинка	194
потеха	194
политехник	194
подставляется	194
подкласс	194
плюсик	194
плавление	194
пенофол	194
очарует	194
отмщение	194
осёл	194
одобряется	194
обдув	194
нокия	194
нефтепереработка	194
наушник	194
настоятели	194
налетает	194
мул	194
мочится	194
многозначность	194
манифесты	194
лиман	194
лесорубы	194
ление	194
криптопро	194
контрактура	194
кливленд	194
кинокритик	194
кашка	194
ири	194
инфинитив	194
индюки	194
добряк	194
дипломанты	194
дальновидность	194
грип	194
гент	194
выпас	194
вывешивается	194
внимает	194
вероломство	194
велодорожки	194
богочеловек	194
ац	194
афродизиаки	194
асг	194
архи	194
анютка	194
авиарейсы	194
web-дизайн	194
юрты	193
юлмарт	193
экономка	193
шунгит	193
чип-тюнинг	193
черкесск	193
цезарь	193
фотоотчеты	193
умения	193
турбомотор	193
труппы	193
треплет	193
травинка	193
тб	193
тахта	193
стетоскоп	193
ставленники	193
сосуществует	193
смерча	193
сигналит	193
сатирикон	193
самоограничение	193
самодиагностика	193
рододендрон	193
разброд	193
пхп	193
пур	193
продолжения	193
пробивка	193
придирается	193
прибивается	193
правосудия	193
полирует	193
песчаники	193
пва	193
отягощает	193
онт	193
озерск	193
муженек	193
монодиета	193
молчанье	193
модельки	193
минералка	193
мзп	193
матирует	193
массандра	193
маргаритки	193
лэйдинг	193
лиги	193
ленок	193
кумертау	193
крышует	193
крестный	193
концепт-кара	193
конгрессмены	193
км	193
клиент-сервер	193
клематис	193
кинозвезда	193
киноа	193
киевэнерго	193
кеш	193
карепрост	193
зоотехник	193
застои	193
говорун	193
гмз	193
гарф	193
галиция	193
галифе	193
видеосъёмки	193
вальцы	193
бунтари	193
булгария	193
босха	193
бифштекс	193
биосинтез	193
багеты	193
ахмет	193
амг	193
адресс	193
f6	193
яства	192
этноним	192
экс-руководитель	192
чайна	192
хорват	192
хавбек	192
фидер	192
уфк	192
упак	192
тонкс	192
термоизоляция	192
термо	192
станкостроение	192
спкя	192
социалка	192
создательница	192
созависимость	192
скотт	192
скилл	192
сачок	192
рэкет	192
розжиг	192
ри	192
распорядители	192
размахивает	192
псина	192
присяжный	192
подтекание	192
подмывает	192
подводки	192
переформатирование	192
осыпь	192
освежитель	192
олива	192
овалы	192
обжарка	192
нояб	192
наиб	192
мостовик	192
мирянин	192
микоплазма	192
медиалогия	192
лайкра	192
кулик	192
копна	192
казбек	192
завитушки	192
доступы	192
дольмены	192
дойче	192
диализ	192
дзэн	192
джинса	192
деловитость	192
двухтомник	192
гастроэнтерологи	192
газоанализатор	192
вышивает	192
выкладывание	192
виторжье	192
визитница	192
ваххабизм	192
брукс	192
бензонасос	192
аллергики	192
50-летие	192
ярусы	191
эрл	191
электровоз	191
шутеры	191
шизофреник	191
челядь	191
хостинг-провайдер	191
хоронит	191
фоторепортажи	191
уклейка	191
телепрограммы	191
татарка	191
считалки	191
стрижет	191
слепец	191
скрепка	191
сигнализаторы	191
сарапул	191
промо-код	191
прокрастинация	191
проказник	191
проговаривает	191
попирает	191
поллиноз	191
подкрепления	191
подвисает	191
перепрофилирование	191
пгп	191
отрезается	191
оторванность	191
осветитель	191
облицовки	191
микрочастицы	191
малышня	191
людочка	191
лолиты	191
красноярскэнергосбыт	191
концессия	191
конкурсант	191
карелы	191
испугает	191
индометацин	191
икеи	191
избор	191
иап	191
зайчонок	191
загрязнители	191
завозится	191
женушка	191
демотиваторы	191
гребет	191
госстрой	191
глубинка	191
гармоника	191
вус	191
впитывание	191
веб-портал	191
баклан	191
агломерат	191
crm-система	191
255-фз	191
129-фз	191
эгоистка	190
хитры	190
хит-парад	190
хайтек	190
футер	190
фруктозы	190
фондация	190
флокс	190
фальшивки	190
фаворитка	190
уффици	190
упаковщик	190
трихолог	190
суглинок	190
сотрется	190
смб	190
скрутка	190
склоки	190
склеивается	190
синюшность	190
сеточки	190
серафимович	190
сайтик	190
сазан	190
рч	190
распорки	190
радиоэлектроника	190
пустеет	190
прыгун	190
производственники	190
преобразовывается	190
порталы	190
пистолет-пулемет	190
пилон	190
перепадает	190
пентаграмма	190
парча	190
очаково	190
остоженка	190
обрядность	190
обжаривается	190
нянечка	190
мушкетеры	190
микшер	190
микротравмы	190
мемориалы	190
медиацентр	190
людоеды	190
люблино	190
копка	190
канты	190
канкун	190
кабаки	190
искрение	190
институция	190
иммуномодулятор	190
зигзаги	190
затеи	190
запомнятся	190
еврохим	190
дозаправка	190
двоеточие	190
гэф	190
грудинка	190
греча	190
гранды	190
гособвинитель	190
голль	190
видения	190
вещички	190
веб-браузер	190
ввозится	190
борщевик	190
бнк	190
благосклонны	190
биткоин	190
бек	190
бедуины	190
баллотируется	190
12-е	190
її	189
эстонец	189
эконом-класс	189
эквайринг	189
циники	189
холки	189
хенд	189
фоторобот	189
флюид	189
фигаро	189
феминистка	189
трекинг	189
тпо	189
термиты	189
схрон	189
склянки	189
сваливает	189
ря	189
ремкомплект	189
разъединяет	189
прибалты	189
превозносит	189
прапорщики	189
посыпка	189
посевы	189
плетенка	189
пиратка	189
песнопение	189
перенаправляется	189
переговорщики	189
опусы	189
несчастная	189
навка	189
мытарь	189
мнр	189
многомерность	189
микронаушник	189
механик-водитель	189
малышок	189
малец	189
малер	189
луцка	189
луноход	189
лопухи	189
левитра	189
кудесник	189
крендель	189
конфиг	189
кондрат	189
колышет	189
коксартроз	189
канарейка	189
кальмар	189
каббалисты	189
ижмаш	189
зрит	189
знач	189
зловоние	189
захлестывает	189
заикается	189
древка	189
др	189
доярки	189
домы	189
догматизм	189
доги	189
длань	189
детальность	189
деле	189
дамбы	189
госзакупки	189
глаголет	189
гентамицин	189
гаубица	189
выдворение	189
врач-кардиолог	189
ворочается	189
вечерня	189
биоразнообразия	189
биополе	189
чр	188
червяки	188
холмики	188
хаббл	188
физиотерапевт	188
улика	188
триптих	188
терпеливость	188
телекинез	188
тезки	188
танцовщик	188
тазы	188
стукач	188
стебелек	188
соцопрос	188
содрогается	188
сиддхи	188
самоуничтожение	188
райком	188
протеинурия	188
переделкино	188
отбеливатели	188
осечка	188
омк	188
октавиан	188
облагораживание	188
нейтрализатор	188
нафтогаза	188
насаживается	188
нанси	188
накручивается	188
мультивиза	188
междуреченск	188
лубрикант	188
липолиз	188
криница	188
крестная	188
кочан	188
кондукторы	188
колер	188
кишлак	188
кировское	188
иствуд	188
залысины	188
заволжье	188
дейта	188
гравер	188
госкомстат	188
горбун	188
водонепроницаемость	188
брекет	188
боеспособность	188
биток	188
аккомпанемент	188
абсорбирует	188
ip-адреса	188
cайт	188
1гб	188
эсер	187
шуты	187
шолом-алейхема	187
шас	187
чорт	187
фотомонтаж	187
фанкойлы	187
толька	187
тмц	187
тление	187
тапас	187
сожительница	187
совместитель	187
смычок	187
слепые	187
сизод	187
серферы	187
ротмистр	187
розги	187
риск-менеджмент	187
реципиент	187
распылители	187
психопаты	187
противотуманки	187
попугайчик	187
помечает	187
полукровки	187
подъемники	187
платежка	187
плазмаферез	187
пкр	187
пилоны	187
пивзавод	187
панелька	187
опушка	187
оптимальность	187
опоп	187
обвалы	187
некролог	187
напивается	187
наместники	187
надым	187
мостки	187
мип	187
менестрель	187
медкомиссия	187
магнитуда	187
лютеран	187
конструкт	187
кобура	187
кератин	187
кайфует	187
интернет-конференция	187
затенение	187
заморачивается	187
заметает	187
загазованность	187
дележ	187
глист	187
гамет	187
выпячивается	187
вратари	187
восьмёрка	187
воскресает	187
витаминотерапия	187
видеообзор	187
везунчик	187
вг	187
бульдоги	187
бронежилет	187
алекс	187
акушеры-гинекологи	187
автотор	187
ip-телефония	187
2гб	187
юнити	186
эмболия	186
элос	186
экстраполяция	186
штутгарт	186
шлиссельбург	186
цезия	186
ханжество	186
фьорды	186
уэст	186
утрамбовывается	186
урядник	186
умма	186
умалчивается	186
трындец	186
травматичность	186
томос	186
тефлон	186
субординация	186
спонж	186
слит	186
скм	186
рома	186
рози	186
рассписание	186
развенчание	186
пропан	186
промсвязьбанка	186
прикрепляет	186
преломляется	186
предшественница	186
поп-музыка	186
плоты	186
писанина	186
перово	186
перекачка	186
парсинг	186
оружейник	186
озлобление	186
обручение	186
непротиворечивость	186
ненцы	186
невинномысск	186
наезжает	186
мультипликаторы	186
мирра	186
мастерит	186
мазохист	186
лебеда	186
куряне	186
ключицы	186
киноиндустрия	186
кава	186
испанка	186
интернет-провайдеры	186
изолированность	186
занудство	186
замешивается	186
замазка	186
еврокомиссар	186
демократизм	186
гермионы	186
выработается	186
воркаут	186
винты	186
верзила	186
бутик-отель	186
бренд-менеджер	186
борона	186
аскеза	186
аневризм	186
альпина	186
seo-оптимизация	186
эпитафия	185
эндоскоп	185
эмуляция	185
электроусилитель	185
экс-директор	185
щоб	185
шебби-шик	185
чети	185
флок	185
флеболог	185
фирмы-однодневки	185
фазаны	185
усыновитель	185
триатлон	185
телочки	185
твк	185
тактик	185
структуризация	185
странствия	185
спартакиады	185
слоника	185
русия	185
ростовщичество	185
росрыболовство	185
ретривер	185
ресвератрол	185
раунды	185
ракушечник	185
пьянь	185
прорывает	185
прожито	185
потницы	185
потеки	185
покашливание	185
подстраивает	185
подсаживается	185
подпольщики	185
пищеблок	185
переувлажнение	185
патр	185
откачивается	185
отказу	185
оперирование	185
неправильность	185
металлоизделия	185
медучреждения	185
маты	185
либкнехта	185
кутья	185
креатин	185
конвертирование	185
кирилловка	185
канонада	185
каллы	185
итерация	185
импотент	185
запаска	185
закручивает	185
дихотомия	185
деноминация	185
груминг	185
говоритъ	185
гкл	185
гимназист	185
гидроэлектростанция	185
генерал-фельдмаршал	185
всматривается	185
влазит	185
верстальщики	185
вегетарианка	185
боннель	185
боди-арт	185
белогвардейцы	185
безбожник	185
бг	185
башенка	185
аудио-видео	185
атас	185
арендуется	185
ангкор	185
8б	185
шпаклёвка	184
шатание	184
четверостишие	184
чан	184
циклоп	184
художественность	184
уточнит	184
торфяники	184
толки	184
толкатель	184
среагирует	184
спирея	184
спектрометр	184
социал	184
снегирь	184
секс-шоп	184
сегрегация	184
сверчки	184
санитария	184
рубрикатор	184
роланд	184
ргнф	184
расслаивается	184
прокатка	184
побудит	184
плевелы	184
пересушивает	184
отстойник	184
отборы	184
носильщики	184
неф	184
народники	184
моноциты	184
монгуш	184
мини-гостиница	184
метаболит	184
маф	184
мастеровой	184
люция	184
лель	184
легальность	184
левомеколь	184
лакеи	184
кунашир	184
кубинка	184
кочегар	184
королёва	184
колиты	184
клешни	184
китель	184
китеж	184
капиталъ	184
ифк	184
исполнительство	184
зэк	184
застройщика	184
замирания	184
днепродзержинск	184
вянет	184
времечко	184
волс	184
бэнд	184
бусинка	184
брит	184
бесчинства	184
аргентинцы	184
актинидии	184
адр	184
14-фз	184
эллада	183
шатуны	183
чистилище	183
циркуль	183
фнп	183
филлер	183
утолит	183
универмаги	183
тромбозы	183
соот	183
содержательность	183
сношение	183
севмаш	183
ржет	183
решебники	183
раскованность	183
разит	183
радиозавод	183
птрк	183
присаживается	183
препарирование	183
премьер-лига	183
поул	183
постится	183
понизит	183
поливитамины	183
подсыпка	183
пиноккио	183
переобучение	183
окутает	183
обнародует	183
нетворкинг	183
непринужденность	183
мутность	183
мокша	183
медцентр	183
ливадия	183
кров	183
кормчий	183
киберпреступники	183
камедь	183
използват	183
зеки	183
засранец	183
запутывается	183
заказники	183
еврокнижка	183
другия	183
докторант	183
довольство	183
дефектолог	183
выплевывает	183
выжидает	183
взыскивает	183
башинформ	183
атк	183
арника	183
амблиопия	183
акведук	183
авиарейс	183
юнги	182
эстейт	182
филм	182
утешитель	182
туи	182
толуол	182
тнп	182
тет	182
теософия	182
творожок	182
спецслужба	182
солигорск	182
скручивания	182
склепы	182
скакуны	182
рыбина	182
рейз	182
рву	182
распиловка	182
протестант	182
промокает	182
промо-сайт	182
пролиферация	182
приспособляемость	182
пресс-конференции	182
помидорчики	182
полумарафон	182
показва	182
пожертвует	182
подворья	182
пенетрон	182
пассатижи	182
омолаживается	182
обещается	182
нпб	182
ноздря	182
несчастные	182
начатки	182
накручивает	182
многоводие	182
мкрн	182
любимчики	182
локализуются	182
копейск	182
комья	182
колор	182
киргиз	182
испражнения	182
заксобрание	182
диагностируются	182
джобс	182
декинг	182
гольф-клуб	182
гнушается	182
высыпание	182
витовт	182
видеохостинг	182
взр	182
бут	182
буржуй	182
бредни	182
березники	182
бенчмаркинг	182
ахинея	182
аорты	182
агнкс	182
12х18н10т	182
юрт	181
экстрасистолы	181
цинкование	181
хотение	181
холмик	181
форсайт	181
фанфики	181
умягчение	181
тягнибок	181
точилка	181
тарталетки	181
танах	181
страдалец	181
старообрядчество	181
смокинг	181
следопыты	181
скалолаз	181
свертки	181
ртр	181
ростверк	181
ронда	181
реконструируется	181
разгар	181
пульпа	181
произвольность	181
приозерск	181
предпринимательница	181
помышляет	181
помошь	181
пимафуцин	181
перекредитование	181
пастернак	181
паркуется	181
памфлет	181
опара	181
оказия	181
обитание	181
никак	181
нашихъ	181
нарезание	181
назрань	181
мурлычет	181
мультитач	181
миит	181
мечтательность	181
медсправка	181
мбт	181
люстрация	181
лимфаденит	181
лазарет	181
куропатки	181
котловина	181
коровник	181
кен	181
квартиросъемщик	181
итуруп	181
искат	181
индуисты	181
зухра	181
зе	181
жульничество	181
дохрена	181
джамаат	181
гуси-лебеди	181
гранатометы	181
горожанка	181
гипнотизер	181
гидроаккумулятор	181
выплеск	181
вма	181
веб-страницы	181
валентность	181
бёдра	181
бриг	181
балтия	181
юки	180
эльфийки	180
шиншилла	180
шатания	180
чукча	180
целится	180
хг	180
тревожится	180
толстолобик	180
тифлис	180
суфизм	180
сосулька	180
сосиска	180
смт	180
слеты	180
сквернословие	180
рейнджерс	180
расклейка	180
разглагольствования	180
пунктуальность	180
проститутки-индивидуалки	180
приседает	180
предводители	180
почтовики	180
покачивается	180
позитивность	180
подстаканники	180
подгоняется	180
пианисты	180
пароочиститель	180
пазух	180
ощупывает	180
ответчица	180
остеосинтез	180
оседание	180
орли	180
олма	180
оклеивание	180
озонирование	180
обледенение	180
нарабатывается	180
мононуклеоз	180
моджахеды	180
митчелла	180
меломаны	180
матрёшка	180
мансур	180
летоисчисление	180
лествица	180
лайфхаки	180
ксуп	180
киприоты	180
канделябры	180
канальцы	180
кала	180
изрекает	180
звоночки	180
зачистки	180
задолжность	180
дилогия	180
диетология	180
деним	180
гармоники	180
волховец	180
воениздат	180
видеосюжеты	180
вглядывается	180
вавилоняне	180
брендбук	180
бизнес-образование	180
барвинок	180
баобаб	180
апрель-май	180
амвей	180
автомобильчик	180
4-ре	180
яра	179
эякулята	179
электрокар	179
элеваторы	179
экспресс-доставка	179
щитовой	179
шавкат	179
хаты	179
хамелеоны	179
фонтанчик	179
фонофорез	179
уродец	179
упрочнение	179
трал	179
тест-полоски	179
състои	179
суфии	179
стыдливость	179
сосредоточивает	179
соломка	179
сладкоежки	179
скручивается	179
скрипачка	179
скорочтение	179
сеошники	179
ростеха	179
росагролизинг	179
риа-новости	179
репатриация	179
развевается	179
пропиленгликоль	179
последование	179
подземка	179
подельник	179
поганки	179
первокурсник	179
павлово	179
ночка	179
мультикультурализм	179
мелиорация	179
медиатека	179
машиностроитель	179
мародерство	179
маркета	179
магнезия	179
кварцит	179
качок	179
иппо	179
довлеет	179
днестр	179
джебхат	179
грунтуется	179
гришко	179
градиенты	179
госкомпания	179
гимна	179
галлы	179
впг	179
вознаграждает	179
вкручивается	179
вживление	179
валежник	179
белогорск	179
афроамериканцы	179
артиллерист	179
апологет	179
апарт-отель	179
антанта	179
амир	179
автохимия	179
юбка-карандаш	178
электроэпиляция	178
электроинструменты	178
эйдж	178
читки	178
цитология	178
ущербность	178
урфин	178
уголек	178
уверения	178
туристка	178
трип	178
тайшет	178
сытник	178
султаны	178
социальность	178
соотечественница	178
собственница	178
снг	178
снб	178
сбс	178
рясы	178
рия	178
рипол	178
раскрашивание	178
рампа	178
предупреждается	178
прайсы	178
поспешит	178
поросёнок	178
поморие	178
покорители	178
пипетка	178
перераспределяется	178
пектин	178
пегги	178
параша	178
пайщик	178
ость	178
опустошает	178
обвитие	178
намёки	178
наковальня	178
мучитель	178
миноносцы	178
милитаризация	178
массивность	178
командарм	178
каратель	178
йемен	178
индезит	178
изгои	178
ивуар	178
зульфия	178
зомбоящик	178
затевается	178
запрещаются	178
задачник	178
жатва	178
довгань	178
гиперболы	178
гидранты	178
гало	178
вице-чемпион	178
вазочки	178
бормотание	178
болиды	178
барбитураты	178
архивисты	178
арболит	178
антациды	178
аккумуляция	178
автотехцентр	178
авиастроение	178
6б	178
5а	178
юньнань	177
электрогазосварщик	177
шпалеры	177
швейк	177
чудо-юдо	177
черемхово	177
хуторок	177
хипстеры	177
федерализация	177
уродует	177
урлы	177
тср	177
трюфели	177
счастие	177
стипендиаты	177
сребролюбие	177
сплетница	177
сотр	177
смыкание	177
рес	177
рекламирование	177
рв	177
расфасовка	177
раст	177
разнорабочие	177
разлагаются	177
радионяня	177
просадки	177
прореживание	177
пропуска	177
приглянется	177
пособник	177
помилование	177
подножки	177
пациенток	177
оскверняет	177
неплательщик	177
мини-сериал	177
меджлис	177
маис	177
мавры	177
лоскуток	177
линя	177
лжёт	177
криминология	177
крадется	177
контрактники	177
испарители	177
инсектицид	177
иммунолог	177
изумляет	177
идеальность	177
зеленодольск	177
заостряет	177
жопы	177
жнецы	177
жзл	177
декодер	177
движитель	177
гордон	177
гетерогенность	177
видоизменение	177
венчики	177
бригадиры	177
боготворит	177
бейсболка	177
батат	177
аудиты	177
амалия	177
альдегиды	177
автоплатеж	177
авиабаза	177
3d-печать	177
ᴛᴏ	176
эликсиры	176
эгрегоры	176
щеголяет	176
чёлка	176
челлендж	176
хот-доги	176
фуршеты	176
фибрилляция	176
феттель	176
уничтожитель	176
точка-точка	176
толстушка	176
сульфаниламиды	176
стирол	176
сонмы	176
сонеты	176
солярии	176
слезает	176
скрадывает	176
силикат	176
рядовые	176
рецидивист	176
рентгенограмма	176
рар	176
размораживание	176
прообразы	176
прикол	176
пощипывание	176
постмодерн	176
попугайчики	176
перлит	176
пекари	176
пгу	176
парализует	176
освежители	176
нрб	176
никону	176
нечистота	176
морозник	176
мнится	176
мейн-кун	176
лукошко	176
лексус	176
лаунчер	176
ланос	176
красноперка	176
кортик	176
конц	176
конфорка	176
консулы	176
кгиоп	176
карсон	176
каменты	176
калибры	176
икси	176
измельчители	176
землянка	176
звонарь	176
запотевание	176
евангелиста	176
дозоры	176
дозиметр	176
девчёнки	176
город-крепость	176
горбатов	176
глухари	176
гарантируются	176
взаимообмен	176
бультерьер	176
бомбежки	176
бифидобактерии	176
биллинг	176
антарес	176
амброзия	176
ямр	175
юсуп	175
электроплита	175
экзопланеты	175
щерба	175
хот-дог	175
ходоки	175
х-фактор	175
фундаменталисты	175
фунгициды	175
фольклорист	175
утомляется	175
умерщвление	175
укропы	175
трясина	175
техпомощь	175
тагаз	175
съдържание	175
ступица	175
стройиндустрия	175
старс	175
соединится	175
сказочка	175
сеятель	175
саундтреки	175
румба	175
роллс-ройс	175
распологается	175
рамочка	175
разваривается	175
радушие	175
радик	175
пыхтит	175
прочищает	175
похер	175
посмеивается	175
поликарп	175
поборется	175
плохое	175
пескарь	175
пересыхание	175
перголы	175
первоисточники	175
отсылается	175
отделывается	175
опрокидывание	175
окунается	175
озлобленности	175
обтекатель	175
ннгу	175
нарцисс	175
нанотрубки	175
нанимается	175
мсмк	175
моток	175
модифицируется	175
месиво	175
матчасть	175
максимус	175
лаборанты	175
кондиции	175
кинопоказ	175
квасцы	175
каховка	175
инородцы	175
инвойс	175
идиома	175
заигрывает	175
единороги	175
дудка	175
долготерпение	175
деканы	175
гринева	175
генералитет	175
гастрономия	175
выпрямители	175
всн	175
венедикт	175
веб-приложение	175
безнадежность	175
ахтунг	175
агрегатируется	175
автотрейдинг	175
2л	175
экс-мэр	174
щебет	174
шинник	174
черногорцы	174
уповает	174
укок	174
трансивер	174
топчет	174
суслики	174
сталинисты	174
сифоны	174
русофобы	174
рапорты	174
разумение	174
разворачивание	174
разбои	174
рабыни	174
прогулы	174
прогибы	174
причиняется	174
подпирает	174
подмножество	174
племзавод	174
питие	174
перенаселение	174
первооткрыватели	174
парфюмы	174
падчерица	174
отступники	174
отжимает	174
оренбуржье	174
онтарио	174
омертвение	174
овир	174
овация	174
обожествление	174
нервотрепка	174
настурция	174
мяукает	174
мя	174
мчит	174
мерчендайзинг	174
манси	174
манник	174
люминиры	174
лоббизм	174
лид	174
лейблы	174
ларь	174
кумовство	174
клеенка	174
квартиранты	174
касания	174
каппы	174
капище	174
камп	174
казахстанец	174
затеряется	174
заваливает	174
заблудится	174
жыды	174
доводятся	174
дефлектор	174
гибридизация	174
гафт	174
выталкивается	174
втирание	174
вспашка	174
виноградарство	174
бесчестие	174
балчуг	174
агафангел	174
аваст	174
1год	174
ْ	173
электрокардиография	173
штыки	173
штативы	173
шорохи	173
шатен	173
чертит	173
черешок	173
франсез	173
файтинг	173
учащийся	173
уточка	173
умц	173
умолчание	173
тяжеловес	173
трехдневная	173
тезаурус	173
тарелочка	173
страны-участницы	173
статисты	173
срн	173
срб	173
сноубординг	173
селин	173
разливает	173
псаломщик	173
прокси-сервер	173
продляет	173
приоткрывается	173
примулы	173
правосубъектность	173
потухнет	173
порождения	173
покоряется	173
подосиновики	173
офиц	173
овд-инфо	173
ниа	173
нда	173
наклоняет	173
мёртвые	173
мистификации	173
минкомсвязь	173
мальчонка	173
купаж	173
контрафакт	173
конти	173
конт	173
капитель	173
исповедуется	173
ики	173
изъявляет	173
израильтянин	173
знаменуется	173
жет	173
желудь	173
екатеринодар	173
дина	173
джемперы	173
десен	173
демерджи	173
дарсонвализация	173
дамп	173
давится	173
гортензии	173
воски	173
биткоины	173
белгорода	173
баттерфляй	173
банкетка	173
автострада	173
125-фз	173
яп	172
югория	172
электрокардиограмма	172
чижик	172
хоббиты	172
хилак	172
хиджаб	172
хадисы	172
умывается	172
умиротворяет	172
уборная	172
тужится	172
тропари	172
точ	172
теснит	172
телерекламы	172
табуретки	172
таб	172
студень	172
стир	172
стент	172
соп	172
симеиз	172
связь-банк	172
романовы	172
рашка	172
прорабы	172
прокручивается	172
прозаики	172
приора	172
предвосхищение	172
посыпается	172
пономарь	172
пожинает	172
подсовывает	172
подзаголовки	172
пересаживается	172
пгк	172
палетка	172
отчаянье	172
оттиски	172
ортез	172
однозначность	172
обрушивает	172
новичек	172
неуд	172
нестандартность	172
невежды	172
надлом	172
мундиры	172
мосэнергосбыт	172
монашки	172
миньон	172
медикал	172
маловодие	172
малек	172
мадмуазель	172
магнитофоны	172
любезность	172
лицензируется	172
линн	172
лапоть	172
крольчиха	172
конспирация	172
кликабельность	172
клайд	172
катетеры	172
кастор	172
кальяны	172
кав	172
ирпень	172
инка	172
игротека	172
заступничество	172
доминанты	172
десятник	172
дарница	172
гта	172
грифель	172
голь	172
геймификация	172
гастроэнтерит	172
газетчики	172
выучка	172
выскочка	172
водопроводы	172
водовод	172
вмк	172
взбивается	172
василиск	172
броду	172
бетоносмеситель	172
бедлам	172
бгуэп	172
атавизм	172
альтер	172
ажур	172
агрегация	172
абстрагирование	172
энд	171
электротранспорт	171
шкипер	171
часовщик	171
центровка	171
хлебушек	171
херувим	171
хайлайтер	171
хабар	171
фронтмен	171
фрейлина	171
фабриканты	171
универсализм	171
сшп	171
скворец	171
сентябрь-октябрь	171
сдпг	171
сгибания	171
самокритика	171
ронц	171
рогалики	171
риза	171
ресурсосбережение	171
реконструирует	171
резвость	171
расширитель	171
распределится	171
разравнивается	171
разморозка	171
противоправность	171
просмотрщик	171
праотец	171
понуждение	171
полироли	171
поинтересуется	171
платформер	171
писцы	171
педагоги-психологи	171
отъем	171
отлучки	171
осоо	171
осаждается	171
оптовик	171
омлеты	171
однолетник	171
обобщается	171
облекается	171
обгоны	171
нэш	171
новополоцк	171
нкс	171
необязательность	171
невидимость	171
наедается	171
молочницы	171
миэп	171
микрочип	171
мастерс	171
лоукостер	171
логопедия	171
латиница	171
ла	171
крымнаш	171
креатинин	171
комеди	171
карабас	171
ионизаторы	171
интернет-компания	171
интервьюирование	171
ивановец	171
загнивает	171
ехидна	171
дцп	171
дук	171
девственник	171
грамматик	171
гражданственность	171
выгибается	171
возглавляется	171
вице-председатель	171
вист	171
виноградари	171
вает	171
буйволы	171
будетъ	171
бруцеллез	171
братишки	171
биогаз	171
бибирево	171
бандеры	171
ангидрид	171
аквариумисты	171
агитирует	171
агар	171
абсолютизация	171
html-код	171
10т	171
ђ	170
яндекс-деньги	170
эсэсовцы	170
электрокоагуляция	170
шорт-лист	170
чулка	170
цмт	170
фоторедактор	170
фол	170
фитнес-клубы	170
филлипса	170
упряжка	170
тёзка	170
текстильщики	170
сцинтиграфия	170
суар	170
стоики	170
старье	170
старит	170
срс	170
пустословие	170
промо-акции	170
продэкспо	170
продевается	170
проговаривание	170
полуботинки	170
полисахарид	170
погоняет	170
плашка	170
парирует	170
остеофиты	170
осетин	170
онлайн-игры	170
обходы	170
неясности	170
непонятки	170
неплательщики	170
нейро	170
мышеловка	170
москва-река	170
моноспектакль	170
мониторинги	170
микробиолог	170
металлоконструкция	170
медовуха	170
краснодарцы	170
колючка	170
козаки	170
кирово-чепецк	170
кип	170
капо	170
казаньоргсинтез	170
ишак	170
интернет-сервисы	170
здрав	170
зарубеж	170
жанейро	170
единоборство	170
дегидратация	170
гнойники	170
глаукомы	170
гиперинфляция	170
геральдика	170
георги	170
гандбол	170
выкапывается	170
выдерживание	170
вовк	170
ветряки	170
бурбон	170
брянска	170
атлантис	170
амины	170
авиакатастрофа	170
аберрации	170
25-летие	170
юношество	169
эмульгатор	169
электродрель	169
экс	169
шатенки	169
храбрец	169
уфсб	169
трофи	169
транслит	169
театралы	169
тво	169
татфондбанк	169
стрелялка	169
стеклоткань	169
сортируется	169
сортир	169
скиталец	169
скворечники	169
сезар	169
санты	169
ростовщики	169
родео	169
расплавляется	169
развозка	169
пятидесятники	169
птицеводы	169
послушники	169
пообещает	169
поморы	169
пересылается	169
панк-рок	169
оцк	169
обязует	169
обложение	169
ново	169
нечеткость	169
неонацисты	169
насытится	169
насельники	169
награждаются	169
многия	169
минареты	169
микоз	169
мики	169
металлодетекторы	169
мердок	169
мастеркард	169
май-июнь	169
кухарки	169
ктп	169
кровохарканье	169
контент-менеджер	169
коалиции	169
киноцентр	169
карьеристы	169
интернет-кафе	169
иллюзион	169
зарывается	169
запыленность	169
дифференцируется	169
двоечник	169
грибница	169
гпз	169
госплан	169
воспитанность	169
влад	169
виброплиты	169
валка	169
бублики	169
битье	169
бабы-яги	169
асат	169
юнцы	168
эссеист	168
эпикур	168
электросчетчик	168
экструдер	168
эквивалентность	168
чегет	168
хома	168
фуга	168
фантасмагория	168
увязывает	168
турагент	168
тупица	168
траблы	168
теплостойкость	168
схк	168
статор	168
спиннинг	168
сорго	168
снорклинг	168
снегоуборщики	168
скиния	168
сестрорецк	168
рнп	168
ритейл	168
ренуар	168
ремонтник	168
реликт	168
псалмопевец	168
причисляется	168
притон	168
прилипание	168
прилавок	168
пра	168
постулирует	168
порицает	168
подвигает	168
плодит	168
переселяется	168
передвигает	168
перегорает	168
пастушка	168
пас	168
памм	168
пальба	168
паллет	168
отрешенность	168
оплакивает	168
новоуральск	168
некорректность	168
нарты	168
наживается	168
набожность	168
монтировка	168
многоугольник	168
медучреждение	168
макбук	168
лѣтъ	168
легковушки	168
кстово	168
контролёр	168
колотится	168
китч	168
какашки	168
кагор	168
источниковедение	168
интернет-проекты	168
зуп	168
зск	168
зима-лето	168
журнальчик	168
жизнелюбие	168
драгун	168
достык	168
дорабатывает	168
директоры	168
гренада	168
гособлигации	168
гаспачо	168
гаплогруппа	168
вимм-билль-данн	168
веселость	168
бул	168
боровец	168
барыга	168
барановичи	168
бакр	168
атлетик	168
ассиметрия	168
арестант	168
аллели	168
аккумулирование	168
агробизнес	168
авточехлы	168
it-компании	168
09г2с	168
∆	167
эмиссары	167
экспедиторы	167
шп	167
шервуд	167
червонец	167
хостеры	167
хормейстер	167
хлорофитум	167
херес	167
фикусы	167
фибробласты	167
фенотип	167
уретры	167
укорачивание	167
тушит	167
трезвение	167
типографика	167
суккуленты	167
стягивание	167
стихиры	167
соорганизатор	167
сингулярность	167
сеошник	167
сандал	167
садо-мазо	167
россошь	167
пышет	167
профинансирует	167
провинции	167
полицай	167
повысятся	167
поветрие	167
пневмоторакс	167
пкрм	167
переносчики	167
открыточка	167
отецъ	167
ординат	167
озарит	167
ныряние	167
новорождённый	167
ниагара	167
несвиж	167
нееет	167
напугает	167
наги	167
моська	167
многопартийность	167
медтехника	167
медсёстры	167
марк	167
макаки	167
лежанка	167
лакирование	167
кюретаж	167
коловрат	167
клава	167
кармель	167
карбид	167
карабкается	167
калориферы	167
калеки	167
каж	167
изменники	167
игумения	167
иааф	167
загустители	167
жилкомсервис	167
екб	167
диабетик	167
джун	167
двадцатка	167
дальномеры	167
гербицид	167
владимирцы	167
видеоняня	167
взлёты	167
вензель	167
васкулит	167
варьирование	167
брюква	167
бруксизм	167
брсм	167
броненосцы	167
божие	167
блинчик	167
благосклонность	167
бага	167
бабай	167
асцендент	167
аоот	167
азербайджанец	167
этп	166
эр-телеком	166
электроник	166
шкив	166
хоуп	166
холодит	166
хадасса	166
хабаровчане	166
фотоснимок	166
фольги	166
фетишизм	166
урл	166
унквд	166
укринформ	166
ужесточается	166
тес	166
твд	166
сст	166
справляет	166
социал-демократ	166
состязательность	166
собачонка	166
снабжаются	166
слабаки	166
скотоводы	166
селекционер	166
свето	166
сверлит	166
русснефть	166
рикошет	166
распространитель	166
проституки	166
проследует	166
провоцирование	166
пресекается	166
предохранит	166
попрание	166
помост	166
помидорки	166
познаётся	166
подсластитель	166
подбадривает	166
пеший	166
передок	166
перегруппировка	166
первомайск	166
опухание	166
опрокидывает	166
огорчит	166
обжигается	166
наклонность	166
надменность	166
наглец	166
мирбис	166
мини-кухня	166
метадон	166
лилейники	166
кустурица	166
корюшка	166
консолидирует	166
кастомизация	166
карачаево-черкесия	166
кали	166
истребляет	166
истирается	166
искусствоведение	166
интриган	166
интенция	166
инноваторы	166
инженер-программист	166
заказчица	166
газоанализаторы	166
востоковедение	166
внешторгбанк	166
вмешиваются	166
вкт	166
видеоглаз	166
ванесса	166
бунтует	166
брт	166
бодры	166
безграничность	166
балкончик	166
автоматчики	166
it-специалисты	166
экстраверты	165
шпицберген	165
чулпан	165
цыплёнок	165
цпс	165
хъ	165
футеровка	165
фитоэстрогены	165
финка	165
файлик	165
умеренность	165
убеждённость	165
тироксин	165
такты	165
суворовцы	165
срыгивания	165
сменяемость	165
слуцк	165
сентенции	165
рфп	165
рдкб	165
разобщение	165
пуэр	165
прялки	165
простолюдины	165
прокатывается	165
проигнорирует	165
предсказатели	165
предлага	165
полубоги	165
перикардит	165
патиссоны	165
оффтопик	165
отстройка	165
омз	165
огрызок	165
нытики	165
неуклюжесть	165
невынашивание	165
национал-социализм	165
навороты	165
монархист	165
моляры	165
метеорология	165
метастазирование	165
массажистки	165
макария	165
кросс-кантри	165
кпб	165
кластеризация	165
казтаг	165
истор	165
иноземцы	165
завершатся	165
жжёт	165
домострой	165
двоечники	165
гномик	165
гантель	165
выделка	165
врач-нарколог	165
витязево	165
видеодомофоны	165
веб-камеры	165
бэла	165
бурсы	165
бурсит	165
брызговики	165
бруствер	165
бобер	165
блокпосты	165
белиз	165
башни-близнецы	165
барахлит	165
аэрогриль	165
андроник	165
абстракционизм	165
1917г	165
электростеклоподъемники	164
шоферы	164
шоу-балет	164
шадринск	164
черенкование	164
хмао-югра	164
фунты	164
фрост	164
устар	164
усик	164
увп	164
тунгуска	164
тпу	164
толкается	164
тест-драйвы	164
телик	164
сцепка	164
спецкор	164
середнячок	164
сабвуферы	164
сааб	164
росстандарт	164
рожденье	164
регаты	164
расширители	164
рассадка	164
расколы	164
радиоприемники	164
прототипирование	164
просека	164
примиряет	164
пресвитеры	164
последния	164
портянки	164
перенастройка	164
первичка	164
педсовет	164
отыскание	164
отсоединяется	164
отпугиватели	164
отливает	164
оправдается	164
одк	164
одессит	164
оборки	164
никанор	164
неустроенность	164
несуразности	164
неодобрение	164
нейл-арт	164
небылицы	164
мыловарение	164
мулатка	164
мка	164
миорелаксанты	164
милла	164
микрокредит	164
менатеп	164
ме	164
мастиф	164
мастерок	164
манёвр	164
лейкопения	164
левитация	164
крымск	164
кришнаиты	164
корректура	164
контролирование	164
комплот	164
колкости	164
киношники	164
касабланка	164
карго	164
каква	164
искупитель	164
иммуноглобулин	164
зур	164
злоключения	164
зане	164
замораживается	164
загораживает	164
жп	164
жигулевск	164
дудки	164
дора	164
дифференцировка	164
диспенсеры	164
голец	164
гастроскопия	164
ган	164
вычленение	164
выпрямляет	164
выполнятся	164
волонтёр	164
волжанка	164
взяточники	164
вешенки	164
ванда	164
бретели	164
близняшки	164
билык	164
бездарь	164
бездари	164
бахыт	164
атрибуция	164
асель	164
апрелевка	164
апач	164
айсберги	164
4гб	164
0с	164
эстетик	163
электрошокер	163
экуменизм	163
эволюционисты	163
шалава	163
феодал	163
уфссп	163
услада	163
уро	163
упростится	163
тётки	163
тупит	163
товаровед	163
тайфуны	163
сэм	163
схд	163
стройсервис	163
спорыш	163
спанбонд	163
соревнуется	163
солнцестояние	163
синглы	163
сидр	163
сальма	163
ростовщик	163
розлив	163
рнкб	163
репейник	163
рассеиватель	163
разливы	163
разгуливает	163
пульсар	163
психотип	163
пропитается	163
принижает	163
приготовляется	163
премьер-министры	163
покемоны	163
подножие	163
поглаживает	163
пилюля	163
пилочка	163
пахра	163
парламентаризм	163
отрез	163
отиты	163
остафьево	163
опустошенность	163
оленеводы	163
окисляет	163
нфс	163
неиспользование	163
наладчик	163
назар	163
муравейник	163
многочисленность	163
миледи	163
микроволновки	163
мессе	163
мерчандайзинг	163
манёвренность	163
маммолог	163
ля	163
липома	163
компромат-урал	163
когтеточка	163
кларитромицин	163
карнц	163
капкейки	163
калахари	163
истязание	163
изводит	163
ибис	163
зубочистка	163
зияет	163
зис	163
жизненность	163
жердь	163
дюц	163
доярка	163
длит	163
директорат	163
дегенераты	163
девяткино	163
грёзы	163
грифоны	163
геодезисты	163
волейболистки	163
виртуозность	163
бюрократизм	163
бытовуха	163
бурление	163
бпк	163
бохо	163
белореченск	163
белинвестбанк	163
бейджи	163
бациллы	163
барабанщики	163
бабель	163
армавир	163
анубис	163
амфибия	163
альфа-клик	163
альдегид	163
адресует	163
юсб	162
эркер	162
экспресс-анализ	162
шаманство	162
чрезъ	162
черноземье	162
центрирование	162
хризолит	162
френды	162
фитопрепараты	162
фис	162
ферзь	162
утепляется	162
урина	162
угодники	162
трудяги	162
треф	162
точечки	162
телезритель	162
суперкубок	162
судовладельцы	162
стелс	162
софисты	162
соломинка	162
сноуборды	162
скалодром	162
сгладит	162
рязанцы	162
ревматолог	162
разгонит	162
разгадывание	162
публ	162
проскальзывание	162
проситель	162
прищепки	162
ползание	162
плис	162
перечислит	162
переплачивает	162
перекидывает	162
перекачивает	162
первоцвет	162
параллакс	162
папуасы	162
осока	162
оргии	162
овсяница	162
неформат	162
ммдц	162
микроэлектроника	162
медосмотры	162
маршак	162
логарифма	162
лада	162
кчс	162
кумтор	162
кувшинка	162
крановщик	162
клаустрофобия	162
каталина	162
канск	162
историзм	162
интернет-сообщество	162
знайка	162
заклинивание	162
жуковка	162
евнух	162
дьяка	162
дебальцево	162
гулянье	162
грейпфруты	162
граниты	162
гепатопротекторы	162
гарем	162
галка	162
вызревание	162
виолончелист	162
вендор	162
булькает	162
бреет	162
братья-близнецы	162
болонка	162
бегунок	162
барахолки	162
байпас	162
антисемиты	162
алтайцы	162
азимут	162
адсенс	162
7-фз	162
3с	162
14-е	162
яценюка	161
юбиляры	161
эвфемизм	161
шпигель	161
шахтёры	161
черноземы	161
цур	161
хизер	161
форрест	161
усыпляет	161
урография	161
уподобляет	161
труженица	161
триест	161
торопливость	161
тоннаж	161
толстянка	161
тестировщик	161
теплосеть	161
тафты	161
сфагнум	161
сухарь	161
снисходительность	161
случва	161
севан	161
священнодействие	161
светофильтры	161
ридеры	161
рекуператор	161
резаки	161
революционность	161
рататуй	161
продакшн	161
потрескивание	161
подстрекательство	161
переигрывает	161
педантичность	161
пдп	161
пвт	161
палтус	161
отъезжает	161
оснащает	161
осадочек	161
органайзер	161
однушки	161
овцеводство	161
овк	161
объезжает	161
обмеры	161
обедняет	161
обд	161
ннц	161
недомолвки	161
морозилка	161
молодчики	161
микоплазм	161
мечтается	161
метрополия	161
мелочность	161
медпомощь	161
мвл	161
мба	161
масштабируется	161
малаховка	161
ласик	161
краснотурьинск	161
коста-брава	161
косметик	161
коровники	161
киноактриса	161
квотирование	161
кафешка	161
кардиостимулятор	161
идейка	161
ивушка	161
злорадство	161
запоминаемость	161
заводи	161
дрессировщики	161
достройка	161
джейка	161
дезадаптация	161
грызёт	161
гормонотерапия	161
гнёзда	161
глазомер	161
выкрутасы	161
выворачивается	161
веревочка	161
великомученик	161
бустеры	161
брезент	161
болеро	161
бки	161
бесперебойность	161
берсерк	161
бенфика	161
аэраторы	161
астения	161
электрогитара	160
эксцессы	160
шелушения	160
чаща	160
цитокины	160
целта	160
хэш	160
художницы	160
фундаментальность	160
филд	160
фармакотерапия	160
узда	160
топонимика	160
термопанели	160
тайцзицюань	160
столплит	160
спирит	160
союзмаш	160
собирательство	160
сигналка	160
серег	160
сдп	160
сдоба	160
своята	160
реферал	160
резервация	160
раскачивает	160
рантье	160
радиолюбитель	160
пятёрочка	160
пяточки	160
пузомерки	160
процессинг	160
пророчит	160
проповедуется	160
проглядывается	160
приучается	160
приморск	160
праотцы	160
похлебка	160
помечается	160
повелительница	160
плодотворность	160
песняры	160
перфект	160
перекоп	160
передъ	160
перевесит	160
пансионы	160
осо	160
опит	160
оккультисты	160
обратка	160
обанкротится	160
наукоград	160
моросит	160
молдинг	160
можетъ	160
мешается	160
медкруг	160
лесбос	160
ленинец	160
ленивец	160
крем-гель	160
копание	160
конкистадоры	160
комплектует	160
клеит	160
качалки	160
кафетерий	160
кардиограмма	160
исчерпание	160
интерфакс-религия	160
илья	160
знахарка	160
зверушка	160
зачитывается	160
заполнители	160
желудочек	160
дымы	160
дружелюбность	160
грэйс	160
гончары	160
глюкокортикостероиды	160
гиг	160
выгодоприобретатель	160
втб	160
вскрик	160
врач-уролог	160
воздухозаборники	160
видеосвязь	160
бухара	160
борисоглебск	160
белшина	160
баталия	160
ацикловир	160
аристократка	160
арбидол	160
антирадар	160
андроника	160
автомагнитолы	160
15-е	160
100км	160
электрогенераторы	159
шершень	159
халхин-гол	159
утп	159
умаление	159
туфелька	159
туляки	159
танцовщики	159
тангейзер	159
сыроеды	159
снежинск	159
слота	159
самуи	159
россотрудничество	159
редуксин	159
расточительство	159
расправляет	159
пятак	159
пылесборник	159
простирает	159
просм	159
прослушивания	159
промзоны	159
продуцирование	159
похожесть	159
посчастливится	159
политизация	159
подстановка	159
поганка	159
плевры	159
переоценивает	159
пах	159
ох	159
офсет	159
оттачивает	159
отступничество	159
озерца	159
однолетники	159
обвинители	159
настроит	159
напрмер	159
налипание	159
накапливание	159
надувает	159
морошка	159
моргание	159
монотерапия	159
монополизм	159
мобы	159
мерка	159
мамки	159
мало	159
ледоход	159
культурологи	159
кубинец	159
координируется	159
колесит	159
клинит	159
кварт	159
иштар	159
ирен	159
интеррос	159
инкассация	159
индиец	159
зубик	159
заначка	159
дырокол	159
доры	159
дончане	159
дислоцируется	159
девочка-подросток	159
девизы	159
гумус	159
грейдер	159
гоу	159
головорезы	159
герцоги	159
гарфилд	159
выглядет	159
впитываются	159
ворчание	159
воронье	159
вовчик	159
вариативность	159
вай-фай	159
болг	159
бестии	159
безвкусица	159
аутлет	159
алупка	159
акит	159
агитатор	159
автозагар	159
август-сентябрь	159
январь-февраль	158
юнкера	158
эспандер	158
экскреция	158
шифрует	158
чернушка	158
хлорида	158
хасиды	158
фельетон	158
урюк	158
уник	158
умиротворенность	158
улан-батор	158
ублажает	158
трекеры	158
токены	158
тиб	158
террорист-смертник	158
таг	158
сурки	158
спондилоартроз	158
спелеологи	158
спайс	158
соотечественницы	158
симулирует	158
святыхъ	158
саентология	158
русофоб	158
рифмуется	158
пускатель	158
простейшие	158
проклятья	158
проектът	158
привнесение	158
преисподняя	158
пожароопасность	158
перепуга	158
пассионарность	158
осс	158
орхит	158
опричники	158
омрачается	158
ознаменуется	158
облепихи	158
нижегородец	158
насаждается	158
налетчики	158
надевание	158
мус	158
мрк	158
меценатство	158
майнеры	158
лыко	158
лкм	158
литовец	158
летиция	158
лафа	158
латина	158
кувалда	158
клиницисты	158
кирхи	158
кипур	158
календарики	158
калеб	158
казагро	158
кадрирование	158
интерфакс-юг	158
иконостасы	158
изолируется	158
ивар	158
землянки	158
захлебывается	158
заигрывание	158
жемчуга	158
единственность	158
драмтеатр	158
диаконы	158
дерзновение	158
двуязычие	158
дворняжка	158
генуэзцы	158
гастродуоденит	158
воспевание	158
возместит	158
витебска	158
виртуал	158
величко	158
бульканье	158
бонус-малус	158
богохульство	158
беллетристика	158
безволие	158
безалаберность	158
батьківщина	158
афганец	158
аплодирует	158
анхель	158
антидот	158
амбушюры	158
автогонщик	158
аватарки	158
абб	158
2я	158
229-фз	158
10с	158
этничность	157
экзоскелет	157
эзофагит	157
шатёр	157
чертополох	157
це	157
фуркад	157
фаервол	157
унимается	157
ультрамарин	157
травник	157
терн	157
таблоиды	157
субподрядчик	157
стюарды	157
словарь-справочник	157
скд	157
сдувается	157
самолетик	157
русины	157
рейн-вестфалия	157
резонаторы	157
расторгает	157
растление	157
рассеется	157
расплывчатость	157
разборы	157
пушинка	157
пульсации	157
прокуратор	157
прит	157
попаданец	157
подрывается	157
подлещик	157
пикировка	157
пиз	157
печенка	157
отпадение	157
отбойники	157
орм	157
опрыскиватели	157
нейтраль	157
нгк	157
настроится	157
надир	157
наводка	157
мыслишки	157
модифицирует	157
мисхор	157
метеоролог	157
мемфис	157
март-апрель	157
ложность	157
лимфомы	157
кофемолки	157
конторка	157
кока-колы	157
кирп	157
кдп	157
испытатели	157
инсайты	157
ингвар	157
икает	157
зверюга	157
замануха	157
железноводск	157
девченка	157
дахаб	157
гуляка	157
группка	157
гнойнички	157
галушко	157
вплетается	157
воинственность	157
водовороты	157
виктория	157
верстаки	157
вермикулит	157
вгп	157
варсонофия	157
буй	157
бразды	157
божественность	157
блуждание	157
антивирусник	157
аквагрим	157
автослесарь	157
sms-сообщение	157
s.	157
https://goo.gl/...✂	157
яхтсмены	156
юнеп	156
эпидемиологи	156
электрокамины	156
шляется	156
цветоводство	156
цветик-семицветик	156
флекс	156
учительские	156
супервизор	156
спондилез	156
совокупление	156
сма	156
сладкое	156
секуляризация	156
сектант	156
святогорец	156
сваривается	156
сбер	156
самоотвод	156
рэа	156
русагро	156
рокс	156
расист	156
разветвляется	156
пташка	156
прославляется	156
прорисовывается	156
прозрения	156
примитивизм	156
пресс-тур	156
почивает	156
портативность	156
покос	156
поглотитель	156
поводырь	156
повелители	156
пихты	156
перескакивает	156
первооснова	156
пенообразователь	156
пастеризация	156
охладители	156
откручивается	156
отвращает	156
остывание	156
одигитрия	156
огрнип	156
нирс	156
недофинансирование	156
нахал	156
нарочь	156
мэи	156
муковисцидоз	156
мешалка	156
любование	156
листвянка	156
кровососы	156
конкур	156
коко	156
киносъемки	156
катанка	156
капсюль	156
испарина	156
зубило	156
затирки	156
заклинатель	156
завтракает	156
донышко	156
делирий	156
горводоканал	156
гма	156
глушь	156
гипнотизирует	156
вычислит	156
всу	156
встряски	156
вправление	156
вопросы-ответы	156
водолечение	156
визуализации	156
взимаются	156
бозон	156
биофизика	156
бедолаги	156
атлетико	156
абатмент	156
pr-директор	156
7а	156
32гб	156
ُ	155
щепка	155
шницель	155
шелковица	155
шашечки	155
центр-инвест	155
хостес	155
хихикает	155
фунгицид	155
фторид	155
фл	155
фишинг	155
утрожестан	155
усыхание	155
уменье	155
укрпочта	155
тяжи	155
тычок	155
тунеядцы	155
теор	155
сторожит	155
стерилизаторы	155
стейка	155
спч	155
сочинцы	155
слайдеры	155
скоропослушница	155
сенсибилизация	155
семенники	155
сбрасывание	155
рябчики	155
речица	155
расщелина	155
пупырышки	155
пропускание	155
пробор	155
притирка	155
примус	155
потасовки	155
послевкусия	155
подотчетность	155
поддерживание	155
пидарасы	155
петиции	155
перетаскивание	155
переделывает	155
педант	155
пажитник	155
отчисляет	155
отрезвляет	155
оставление	155
ордынка	155
одногруппники	155
обтирание	155
нш	155
нек	155
напев	155
наказ	155
монопод	155
маху	155
мармарис	155
маджонг	155
кроль	155
кош	155
конек-горбунок	155
компашка	155
колдует	155
кипятится	155
керамзитобетон	155
касл	155
канаш	155
кавардак	155
июл	155
исландцы	155
инокиня	155
индра	155
земфира	155
залоги	155
заинтересовывает	155
завтра	155
жиль	155
железняк	155
дрейфует	155
днц	155
диполь	155
детёныши	155
дестабилизирует	155
демпфер	155
двоевластие	155
данциг	155
груднички	155
громит	155
грейнджер	155
годзилла	155
гер	155
выкручивается	155
възможност	155
волма	155
вирши	155
винир	155
видеотехника	155
взращивает	155
взломщики	155
бурлаки	155
буржуйка	155
бог-отец	155
бизнес-успех	155
безумство	155
архивист	155
артишоки	155
апдейты	155
амперметр	155
π	155
ямб	154
чиллер	154
хештег	154
хачапури	154
флейты	154
физлицо	154
учкуевка	154
упраздняется	154
траумель	154
травматизация	154
тигран	154
теплогенераторы	154
судебник	154
стеарат	154
сполохи	154
слияния	154
скрипки	154
скачает	154
синуситы	154
сеттер	154
сердечность	154
свекольник	154
самовоспитание	154
рыло	154
ратники	154
радиослушатели	154
пчёлка	154
пурпур	154
пунш	154
пульмонолог	154
пто	154
прорицатель	154
проработки	154
пробеги	154
покосы	154
позыв	154
пиано	154
перекачивается	154
отсеивает	154
осветители	154
орловка	154
окрики	154
обустраивает	154
обогревается	154
нолик	154
ништяки	154
нит	154
неуч	154
небожители	154
нацеливает	154
местопребывание	154
медиахолдинг	154
мбоу	154
матирование	154
лоферы	154
лондонцы	154
криптография	154
красавчики	154
копеечка	154
киберплат	154
кж	154
каталки	154
исповедники	154
изпълнение	154
изглежда	154
зороастризм	154
змия	154
домовенок	154
дзюдоисты	154
дение	154
дезорганизация	154
дебютанты	154
густеет	154
горючесть	154
гидрогель	154
гарантирование	154
вымыслы	154
вздымается	154
бегонии	154
баргузин	154
аэробус	154
антверпен	154
амброксол	154
азу	154
агуэро	154
294-фз	154
эппс	153
челленджер	153
хок	153
форс-мажоры	153
физиолечение	153
феодора	153
уступы	153
украинки	153
узип	153
тралы	153
типизация	153
спортинг	153
сота	153
со-знания	153
сан-паулу	153
ркрп	153
раздувание	153
пыльник	153
псал	153
протирает	153
прихватки	153
предвосхищает	153
посещается	153
порхает	153
поперечник	153
плоттеры	153
перепрограммирование	153
переквалификация	153
перегружается	153
оффер	153
отсекается	153
отрезвление	153
ота	153
осъществява	153
оксане	153
мясорубки	153
мрия	153
молокозавод	153
микротоки	153
мейкап	153
медитирует	153
мбп	153
манускрипты	153
лоо	153
левиты	153
ламинатор	153
лазар	153
кубизм	153
кто-нить	153
крипторхизм	153
кляксы	153
кликает	153
кеширование	153
квд	153
канифоль	153
камердинер	153
итан	153
исчисляет	153
истирание	153
интерфероном	153
заеды	153
еврейки	153
джиг	153
даосы	153
гностики	153
глюконат	153
гелий	153
гегемония	153
вседорожник	153
воссоздается	153
властолюбие	153
виселица	153
вендинг	153
ватага	153
вайолет	153
бтк	153
бронируется	153
брок	153
брекет-системы	153
балаяж	153
аффекты	153
айзенка	153
20т	153
1пет	153
эмпиризм	152
электробезопасность	152
экс-председатель	152
шавки	152
частное	152
цензоры	152
хозблок	152
хет-трик	152
урочище	152
упаковывает	152
улучшения	152
ужинает	152
трусиха	152
тропки	152
тихоня	152
техосмотр	152
термодатчик	152
телепат	152
стохастик	152
срастание	152
снегозадержатели	152
сидераты	152
селект	152
рублевка	152
расстреливает	152
пролактин	152
причуда	152
подтасовка	152
печалька	152
охоты	152
отделочники	152
озонатор	152
обжора	152
обер-прокурор	152
обвисает	152
ногайцы	152
ненавистники	152
недороги	152
н	152
мотопомпа	152
мортиры	152
мембраны	152
лор-врач	152
литография	152
лженаука	152
лентяйка	152
кул	152
кругосветка	152
кроветворение	152
крестины	152
колеровка	152
камешка	152
индуктор	152
изгнанник	152
иволга	152
зст	152
затягиваются	152
запечатление	152
емец	152
дурачки	152
дум	152
дирижеры	152
госбюджет	152
горюч	152
город-сад	152
гадюки	152
выбивание	152
вскипает	152
волжане	152
велодорожка	152
вбивает	152
бравада	152
болванка	152
битумы	152
биогель	152
бесстыдство	152
барсуки	152
барсик	152
астра	152
арта	152
амр	152
автор-составитель	152
авантаж	152
9б	152
ёрш	151
экземы	151
шхвхг	151
шпд	151
шлёт	151
циферки	151
цикады	151
цейтнот	151
цветотип	151
хэтчбэк	151
хамон	151
фолловеры	151
физраствор	151
ухитряется	151
усовершенствует	151
уродина	151
тмз	151
терроризирует	151
теплоэнергетика	151
сэт	151
стои	151
стежка	151
сотворчество	151
сополимер	151
снеки	151
снабдит	151
смычка	151
рэш	151
пурпура	151
пуговка	151
птюм	151
прокалывание	151
пробуксовка	151
предопределение	151
пред	151
пр-д	151
полярник	151
плательщика	151
пираньи	151
печник	151
перетекание	151
патриции	151
оторопь	151
опоясывает	151
оперативка	151
окк	151
нягань	151
ноп	151
никополь	151
непроницаемость	151
нарцисса	151
мытарства	151
музейщики	151
мотиваторы	151
мотается	151
метисы	151
мебельщики	151
маргарина	151
манёвры	151
макей	151
лузы	151
легитимация	151
лгун	151
культивация	151
корунд	151
корифей	151
конфуция	151
колодезь	151
ккс	151
карон	151
кайлас	151
казантип	151
истра	151
испугу	151
имитируется	151
измельчает	151
игромания	151
запечатывание	151
жучка	151
духъ	151
дорожник	151
диковинки	151
дерматовенеролог	151
декомпрессия	151
гринвуд	151
госслужба	151
гест	151
высыпает	151
выискивает	151
восстановитель	151
вольется	151
виньетки	151
винодельня	151
ветрогенераторы	151
боженька	151
балагур	151
аю-даг	151
архивариус	151
армата	151
аппликаторы	151
андролог	151
азы	151
адресаты	151
агонисты	151
авантюризм	151
5квт	151
122-фз	151
ярик	150
эксон	150
штрихкод	150
шестёрка	150
черёд	150
чапаевск	150
хорда	150
хнычет	150
хлопец	150
хайд	150
фотопортрет	150
фе	150
фатализм	150
уралхим	150
упрощения	150
удавка	150
тыкает	150
томагавк	150
тандер	150
супер-премиум	150
сугроб	150
стик	150
сонет	150
смолкает	150
скалолазы	150
сайгон	150
рябинушка	150
рудимент	150
росспэн	150
раут	150
расчищает	150
райффайзен	150
разжижение	150
пх	150
прослушивает	150
продавщицы	150
представлява	150
порочность	150
помрачение	150
подразделяет	150
повариха	150
печалит	150
пескобетон	150
парашютист	150
параллельность	150
оттягивается	150
отстраняет	150
отметает	150
одни	150
оглядывает	150
неуспех	150
небулайзеры	150
небоскрёбы	150
мокнет	150
мжк	150
метрострой	150
марево	150
лыткарино	150
лоу	150
лефевр	150
лепечет	150
курдистан	150
кудир	150
крупность	150
компания-застройщик	150
коллаборация	150
книгопечатание	150
канефрон	150
искуситель	150
иллюстраторы	150
зольность	150
знамениты	150
злопыхатели	150
зверята	150
ерип	150
дирижирование	150
детальки	150
дезинтеграция	150
даруется	150
грог	150
гонг	150
гомсельмаш	150
гносеология	150
гидромолот	150
выдры	150
врачевание	150
вожаки	150
ватутина	150
варан	150
букашки	150
буддхи	150
ботулизм	150
борн	150
болтуны	150
благодарности	150
бивни	150
бересклет	150
бензогенератор	150
артикулы	150
аппаратчик	150
анс	150
андроиды	150
авп	150
абэ	150
cоздание	150
1930-е	150
электролобзик	149
эйс	149
штурмует	149
чум	149
чипсы	149
чернозём	149
центурион	149
холмогоры	149
хаски	149
фал	149
фагоцитоз	149
утруждает	149
туркмены	149
троянец	149
топорик	149
сырец	149
сыночки	149
суперприз	149
срезы	149
списания	149
сол	149
смертники	149
синичка	149
сентенция	149
селянин	149
сардины	149
салда	149
репелленты	149
распахивается	149
раскатывается	149
пульсометр	149
психея	149
протирка	149
пройдоха	149
продавливается	149
предваряется	149
потакает	149
полукомбинезон	149
полиурия	149
политэкономия	149
подшивается	149
подташнивает	149
подвижничество	149
печатник	149
перестрахование	149
первоцветы	149
пантеизм	149
палладий	149
офферы	149
оттаивание	149
отступник	149
отремонтирует	149
отморозок	149
осуждённый	149
ольгерд	149
олжас	149
окунутся	149
обьект	149
нфл	149
начитанность	149
морпехи	149
мончегорск	149
молочай	149
минибар	149
микрокредиты	149
мещанство	149
мерк	149
маузер	149
мажоры	149
маечки	149
магаз	149
лаконизм	149
культуристы	149
круассаны	149
крост	149
контрапункт	149
комус	149
кентавры	149
квинтет	149
каюк	149
катионы	149
касатки	149
инфильтраты	149
интерфероны	149
интерстеллар	149
инвазии	149
името	149
идеализирует	149
застёжка	149
зарегистрируется	149
заграждение	149
завязывание	149
е-мэйл	149
дружество	149
добивание	149
дисфагия	149
двухъ	149
двк	149
грызня	149
грубиян	149
главгосэкспертиза	149
гемма	149
г-сподь	149
вымогает	149
вызывание	149
врастание	149
вооружает	149
вливает	149
вентилируется	149
бубнит	149
браконьер	149
боррелиоз	149
бомбежка	149
багажники	149
асоциация	149
арагорн	149
алк	149
аквилон	149
автодилеры	149
seo-специалисты	149
it-технологии	149
210-фз	149
янв	148
яблочники	148
юнфпа	148
эта	148
шагомер	148
чемпионство	148
центрполиграф	148
хогвартс	148
хель	148
халка	148
фотографируется	148
фонтанчики	148
фиджи	148
уединенность	148
уведомит	148
трактиры	148
тетрадки	148
темница	148
субсидирует	148
странствие	148
сополимеры	148
соба	148
сноубордист	148
снисхождение	148
снисходит	148
скос	148
сиротство	148
сик	148
сиа-пресс	148
святители	148
сбитень	148
ролл	148
ретиноиды	148
рашид	148
размеренность	148
проработанность	148
прокладывание	148
пришивается	148
причитания	148
посредственность	148
полуось	148
плодовитость	148
плейлисты	148
пересуды	148
перезахоронение	148
патентование	148
папство	148
олька	148
овчина	148
оборонка	148
обескураживает	148
неймется	148
наркоторговцы	148
навешивается	148
мульты	148
мстительность	148
миха	148
микроэкономика	148
мдж	148
матиз	148
макрон	148
люфты	148
куршевель	148
криминализация	148
косой	148
контузия	148
коносамент	148
кибернетики	148
кеплер	148
квадрант	148
картер	148
камыши	148
кабардинцы	148
ирокез	148
интимность	148
зик	148
заклятье	148
заключённый	148
жень	148
екс	148
душенька	148
дворняга	148
дарий	148
группки	148
група	148
городъ	148
гарсон	148
гагра	148
высш	148
выселки	148
выпот	148
выпарится	148
всъщност	148
всполохи	148
врун	148
ветвление	148
верлибр	148
веб-аналитика	148
вдохновенье	148
валуйки	148
бранденбург	148
бмк	148
благовестие	148
баны	148
баловень	148
африканец	148
апертура	148
анаконда	148
алексин	148
usb-разъем	148
http://vkontakte.ru/...✂	148
59-фз	148
эфект	147
штампует	147
чипирование	147
цитрусы	147
хитон	147
фыркает	147
фрб	147
фанка	147
усугубится	147
усач	147
уралец	147
туристки	147
трудоемка	147
трахея	147
трахеит	147
тесак	147
темки	147
тв-тюнер	147
тахографы	147
сюртук	147
супервизия	147
сталагмиты	147
спектор	147
совершеннолетие	147
смачивает	147
скороварка	147
син	147
серебрянка	147
северодонецк	147
сайлентблоки	147
рукоположение	147
руза	147
ретаргетинг	147
различ	147
пугач	147
пробиотик	147
претворяет	147
посещалка	147
поповка	147
помпезность	147
политсовет	147
повествователь	147
пиарится	147
палисандр	147
очаква	147
отстаивается	147
ослепление	147
оптина	147
омонимы	147
октавия	147
ободряет	147
обжалуется	147
обезвреживает	147
новоросс	147
нерестится	147
мпгу	147
морилка	147
мамба	147
личина	147
кофейку	147
ковыль	147
кировчане	147
кельн	147
квазар	147
каннабис	147
кабардинка	147
интернет-гигант	147
изъясняется	147
зарайск	147
замирание	147
залипание	147
дистрибутор	147
джуна	147
джедай	147
двухсторонние	147
грейдеры	147
город-музей	147
гламура	147
гигрометр	147
впечатлит	147
вологжане	147
воздухоочистители	147
вдень	147
варежка	147
ботан	147
апекс	147
антимонопольщики	147
авиапарк	147
hr-менеджер	147
1987г	147
юниаструм	146
эффектность	146
этажерка	146
эльзас	146
электроплиты	146
экспроприация	146
эксель	146
шнеки	146
шелестит	146
швеллеры	146
чоо	146
черезъ	146
цр	146
царапинки	146
холокост	146
хозяйничает	146
фугас	146
фор	146
фета	146
фальсификаторы	146
уфимцы	146
убиение	146
тримминг	146
тольяттиазот	146
сц	146
стервятники	146
стаут	146
спорится	146
славословие	146
семицветик	146
сектантство	146
святотатство	146
свк	146
сансара	146
рпр-парнас	146
режиссёр-постановщик	146
разработанность	146
разбира	146
профессоры	146
проливы	146
припекает	146
ппт	146
постучится	146
подведомственность	146
пикетирование	146
пересчёт	146
перелески	146
пвр	146
отсутсвует	146
осмысляет	146
описторхоз	146
оперетта	146
ночёвка	146
низина	146
неразборчивость	146
неоклассицизм	146
мсха	146
мосье	146
монотеизм	146
мморпг	146
минобрнауки	146
мендес	146
медонос	146
мастак	146
ленинизм	146
куль	146
ксенофонт	146
кругляк	146
костюмчики	146
корейка	146
кольпит	146
книжник	146
катран	146
као	146
кавалеристы	146
истрия	146
иркутскэнерго	146
ирина	146
игри	146
злодеяния	146
зевота	146
запутанность	146
заворачивает	146
евромайдан	146
доминикана	146
дняо	146
диф	146
диоксины	146
демагог	146
дархан	146
дария	146
данфосс	146
грир	146
впивается	146
вада	146
бутафория	146
бтры	146
брифинги	146
бликует	146
бизнес-проекты	146
бизнес-идеи	146
баффи	146
ассистентка	146
арт-проект	146
арпеджио	146
антикафе	146
актинидия	146
адалт	146
γ	146
1я	146
эмпайр	145
электромеханик	145
щёлково	145
шеф-монтаж	145
шалун	145
чужеземец	145
чертовка	145
центробанки	145
хун	145
филиппо	145
федер	145
файлообменники	145
уступчивость	145
упаковщики	145
уволится	145
тётушка	145
торгаш	145
тельняшка	145
телесность	145
твердыня	145
танины	145
танин	145
талер	145
схоластика	145
страйкбол	145
стикс	145
стартеры	145
сокурсники	145
советск	145
смарт-часы	145
склеры	145
сельхозтоваропроизводители	145
сгк	145
сверстник	145
сапожок	145
сайтостроение	145
рябинка	145
ребёночек	145
пуруша	145
пудинги	145
психодрама	145
прокорм	145
продляется	145
прибег	145
прапор	145
правительница	145
полирование	145
пои	145
подрумянится	145
плавучесть	145
переселенец	145
перепада	145
переворачивание	145
паг	145
осташков	145
омары	145
озорник	145
нтд	145
несушки	145
неофит	145
неонатолог	145
наконецъ	145
миигаик	145
марко	145
листвичка	145
лиды	145
леново	145
ладошка	145
кровоточит	145
косилки	145
коряга	145
компьютерщики	145
каменск	145
интересность	145
интегралы	145
инкубация	145
имущие	145
звездолет	145
закапывается	145
зазвучит	145
домовладения	145
доброжелатель	145
дислексия	145
диоксида	145
дизайн-проекты	145
дезориентирует	145
гидроциклы	145
гзк	145
вымпелы	145
вскрикивает	145
вольфсбург	145
бутс	145
бузулук	145
болгарки	145
блефарит	145
баскунчак	145
аугсбург	145
анчоусы	145
ангола	145
айвар	145
агрокомбинат	145
100гр	145
ёжики	144
чурка	144
цефалоспорины	144
хреновина	144
фьюзинг	144
функционализм	144
угощенье	144
увк	144
треш	144
тибр	144
суп-пюре	144
сук	144
страноведение	144
стеклоочистители	144
списывание	144
сотрясает	144
состовляет	144
смотрители	144
серик	144
сгенерирует	144
самогипноз	144
рушники	144
роллеры	144
ржание	144
ргада	144
раскрепощает	144
пусконаладка	144
психиатр-нарколог	144
профессура	144
продувание	144
пробирка	144
привнесет	144
потакание	144
плацкарт	144
писька	144
пилотирование	144
петунии	144
перевариваются	144
откос	144
осирис	144
осиплость	144
орнитолог	144
овцс	144
обманка	144
обезличивание	144
нтп	144
новострой	144
нисхождение	144
нефтедоллары	144
нафик	144
моногидрат	144
микроклизмы	144
мечник	144
мемуарист	144
махагон	144
мастурбатор	144
марица	144
малороссия	144
макролиды	144
лейкоплакия	144
лактостаз	144
лакомка	144
культурист	144
кофе-брейки	144
кормежка	144
контратака	144
константиновка	144
килька	144
катары	144
камелот	144
ит-специалисты	144
истукан	144
интерпайп	144
имперцы	144
злодейка	144
зарубежье	144
дюфалак	144
дымится	144
дпс	144
днепропетровск	144
директа	144
джемма	144
дельтакредит	144
госкорпорации	144
вырубает	144
врач-онколог	144
впечатлительность	144
восторгается	144
вопросец	144
видеоплеер	144
видеоконференции	144
видеоадаптер	144
вание	144
блюститель	144
блуждания	144
бизнес-модели	144
бета-тестирование	144
безделушка	144
бабенка	144
ахилл	144
аристарх	144
антипатия	144
александрит	144
айран	144
юрайт	143
шоурум	143
шеренга	143
чувака	143
чертик	143
хозяйствование	143
футуролог	143
фурункулез	143
фрейзер	143
франт	143
уапц	143
троянцы	143
топиарий	143
танкетка	143
таблоид	143
суетливость	143
структурируется	143
сопереживает	143
собкор	143
скалка	143
сибура	143
серенада	143
серебрение	143
сапожники	143
самосохранение	143
самообучение	143
саида	143
рун	143
рка	143
рид	143
религиовед	143
реконструкторы	143
резун	143
ревнитель	143
распыляет	143
рамочки	143
производ	143
пробудило	143
прессуется	143
правителство	143
порывает	143
портретист	143
понуждает	143
перв	143
парктроники	143
отпускание	143
орешник	143
онлайн-казино	143
однолетние	143
обрисовывает	143
облет	143
обвесы	143
нумизматика	143
новошахтинск	143
неподготовленность	143
нелегкая	143
неискренность	143
натирание	143
настилается	143
нанотехнология	143
називин	143
мухоморы	143
морфия	143
минск-новости	143
мини-клуб	143
мениск	143
мгуп	143
манежи	143
льдинки	143
лоббист	143
лилль	143
лазает	143
кукольник	143
красин	143
косынки	143
космы	143
комики	143
кляр	143
кижи	143
кдк	143
карлайл	143
каравелла	143
какбы	143
итар	143
избытки	143
зигота	143
западня	143
замочки	143
жлобы	143
жилья	143
евфросиния	143
еас	143
детёныш	143
дезертиры	143
двоится	143
дайкон	143
грабарь	143
горлица	143
головастики	143
гипотрофия	143
гидроузел	143
воздается	143
вибро	143
велнес	143
веганы	143
боярыня	143
бочонки	143
богемия	143
биофлавоноиды	143
бизнес-тренинги	143
башир	143
баск	143
бармалей	143
бакланы	143
арьергард	143
антоцианы	143
аллель	143
азиатки	143
авиаудары	143
3т	143
эукариот	142
элиста	142
щемит	142
штендер	142
шильдик	142
хлорирование	142
хан-тенгри	142
фотокамер	142
фляжка	142
фланель	142
фелиция	142
фейки	142
фанатки	142
устроитель	142
укоряет	142
угнетается	142
тропка	142
тройня	142
толщиномер	142
техносерв	142
твт	142
твер	142
такива	142
таймураз	142
табуны	142
сход-развал	142
стяжание	142
строп	142
слагает	142
святцы	142
самолетики	142
самоирония	142
самодур	142
росморпорт	142
роллер	142
родоразрешение	142
репатрианты	142
расчесывает	142
расстаётся	142
распрямляется	142
распределения	142
размешивается	142
разгружается	142
пфк	142
припои	142
предопределенность	142
правша	142
пкб	142
палуб	142
оттава	142
отдушка	142
оргстекло	142
ондатра	142
окопник	142
одинаковость	142
облава	142
ниночка	142
некроманты	142
нека	142
невис	142
наседка	142
наркоманка	142
мятлик	142
множества	142
местожительство	142
матушка-природа	142
марш-бросок	142
манжетка	142
любимовка	142
лигирование	142
лениздат	142
критикуется	142
креационизм	142
коррупционер	142
корк	142
коконы	142
клубится	142
клевещет	142
кизильник	142
катышки	142
каротина	142
иппотерапия	142
интернет-компании	142
инсеминация	142
земледелие	142
зашивается	142
заразится	142
желудочки	142
евфимия	142
дёготь	142
дроссели	142
дропшиппинг	142
доты	142
домра	142
грузополучатель	142
грузоперевозка	142
голубки	142
гиены	142
гидроцилиндры	142
высчитывает	142
врк	142
воссияет	142
весточка	142
бойлы	142
бойка	142
бийска	142
белово	142
аспиратор	142
артемида	142
апостроф	142
антиподы	142
алор	142
автоколонна	142
янус	141
юа	141
эор	141
элиминация	141
экспресс-курс	141
шредер	141
шиповника	141
шеффилд	141
цервицит	141
френсис	141
фом	141
флешмобы	141
узус	141
удэ	141
трихопол	141
телёнок	141
твид	141
схемотехника	141
сургитрон	141
спряжение	141
сойка	141
согревается	141
скатится	141
розеток	141
рожицы	141
репитер	141
расплод	141
пятновыводитель	141
прославится	141
продумывание	141
преступница	141
позволява	141
пмс	141
перегревание	141
перевыполнение	141
педерасты	141
панты	141
отстирывает	141
отопластика	141
осветит	141
органики	141
недо	141
наслоения	141
надь	141
молниезащита	141
модеры	141
марика	141
маргинал	141
манекенщицы	141
максималка	141
майнц	141
лэдинг	141
лихач	141
лазит	141
ла-манш	141
крупица	141
креон	141
космополит	141
контрабандист	141
коагулограмма	141
кинооператор	141
кикимора	141
картошечки	141
инфра	141
инволюция	141
изолон	141
ивашка	141
зек	141
звукооператор	141
заточение	141
затирается	141
заповед	141
заимка	141
задувает	141
жмёт	141
жировик	141
еддс	141
душечка	141
домбай	141
детектирование	141
дага	141
гуманоиды	141
горисполком	141
гондолы	141
гарет	141
газпром-медиа	141
выработает	141
втыкается	141
велогонка	141
вдц	141
вдохновители	141
борта	141
банит	141
балансирование	141
аудиогид	141
атомэнергомаш	141
арш	141
антиреклама	141
амурск	141
азовсталь	141
авиаперелеты	141
pr-служба	141
200г	141
энерджи	140
экономикс	140
чудик	140
чок	140
черноземья	140
цереры	140
хронист	140
фурия	140
фортум	140
фильтрование	140
фазан	140
урбан	140
турбокомпрессор	140
тестировщики	140
тери	140
таргетирование	140
таец	140
суверенность	140
субъекта	140
субстраты	140
стародуб	140
скрашивает	140
скорая	140
селезень	140
сексизм	140
саркофаги	140
рихтовка	140
рециркуляция	140
регулировщик	140
раскладушки	140
расисты	140
райпо	140
радиотелефон	140
протоколирование	140
приписывание	140
полярники	140
покарает	140
подкатывает	140
поверхностность	140
питатель	140
пикетчики	140
переспрашивает	140
пассажировместимость	140
паровозики	140
офшор	140
официоз	140
оттаивает	140
отребье	140
отбойник	140
освоится	140
опричнина	140
описка	140
оем	140
обольщение	140
наноматериалы	140
мутон	140
мулы	140
меморандумы	140
мацеста	140
майоры	140
люмия	140
лужица	140
липомы	140
ленинградка	140
крипты	140
криминалист	140
косоглазия	140
коробление	140
кинель	140
катализ	140
календарик	140
интернет-торговля	140
инсоляция	140
инв	140
изнашивание	140
иезуит	140
землепользование	140
заселяется	140
засветка	140
живец	140
жеребцы	140
желдорэкспедиция	140
добродел	140
дистилляция	140
деконструкция	140
густера	140
губкина	140
гочс	140
гондурас	140
гет	140
вязьма	140
врачи-специалисты	140
врачеватели	140
вместилища	140
видеотрансляция	140
венгр	140
брекет-система	140
брайс	140
болѣе	140
бластер	140
береста	140
безант	140
баттл	140
барыс	140
бандерлоги	140
арселормиттал	140
амк	140
алия	140
автокомпании	140
y	140
fm-радио	140
3см	140
☎	139
эльбор	139
электрокабель	139
шваль	139
цуп	139
цист	139
цвр	139
хэбэй	139
хануки	139
фунтик	139
флюсы	139
фаллоимитаторы	139
усть-илимск	139
упорствует	139
угра	139
трансконтейнер	139
токен	139
тоз	139
типсы	139
тимьян	139
тады	139
стольник	139
стинг	139
сибирячка	139
сзв-стаж	139
сердечники	139
секс-символ	139
сеат	139
свитерок	139
свингеры	139
свес	139
самочка	139
рушник	139
роботизация	139
рингтон	139
рз	139
ремёсла	139
разноцветье	139
развёртывание	139
пэлас	139
пылинка	139
психокоррекция	139
псб	139
прыща	139
проскомидии	139
приличествует	139
полукруга	139
покер-рум	139
подъёмы	139
погонщик	139
плойки	139
печалится	139
песку	139
перепост	139
пепсина	139
пемза	139
отсветы	139
отпечатывается	139
оторвется	139
оля	139
олух	139
оголовье	139
огнеупорность	139
нудисты	139
несбалансированность	139
недостоверность	139
наркота	139
мыш	139
мрс	139
модер	139
мары	139
малькольм	139
максат	139
люксор	139
любочка	139
ломятся	139
линейность	139
ликуд	139
легат	139
кутерьма	139
крупномеры	139
крем-суп	139
крейсеры	139
кочерга	139
котельные	139
корчит	139
конфессия	139
комисията	139
комизм	139
кинематика	139
кейп	139
квалифицирует	139
каскадер	139
капри	139
кабанчик	139
истязания	139
исправник	139
интернет-маркетолог	139
индульгенция	139
импеданс	139
изостудия	139
извилина	139
здорово	139
зачищается	139
запущенность	139
загрузит	139
женщина-крестьянка	139
драцена	139
девятиклассники	139
дгпж	139
громоздкость	139
госстандарт	139
госкомиссия	139
гип	139
газообмен	139
выразитель	139
выдастся	139
выветривание	139
влагоустойчивость	139
вишенки	139
видеообращение	139
веселуха	139
великороссы	139
вазелин	139
бюстье	139
букашка	139
блюдет	139
бикарбонат	139
бессарабия	139
безмолвствует	139
базирование	139
афиширует	139
афазия	139
асц	139
аорта	139
алкотестеры	139
акционирование	139
агидель	139
автопогрузчики	139
ftp-клиент	139
6л	139
этнология	138
энигма	138
эктопия	138
экстремист	138
экспонирование	138
шпаклевание	138
шкивы	138
шиза	138
шарахается	138
шаманка	138
чир	138
частушка	138
церквушка	138
фьюри	138
фрик	138
фд	138
упрёки	138
упрощенцы	138
узаконивание	138
тузы	138
трубадур	138
требы	138
тральщик	138
торент	138
токари	138
тодор	138
технадзор	138
тектоника	138
тархун	138
стеклоблоки	138
смешки	138
сжирает	138
севооборот	138
северянин	138
саванна	138
рефракция	138
резервируется	138
рассказчики	138
пулемёты	138
птолемей	138
простагландины	138
проплешины	138
проказа	138
пробоина	138
приручение	138
популяризирует	138
понт	138
помои	138
пит	138
откорм	138
освенцим	138
онега	138
ознаменует	138
обреченность	138
обеспыливание	138
обвиняемые	138
нэп	138
нсб	138
новомученики	138
нематода	138
недруг	138
недосмотр	138
невротик	138
небосклон	138
нацпроект	138
народъ	138
нардепы	138
миннесота	138
медовик	138
любава	138
лебяжье	138
лаунж	138
кривошеин	138
крестит	138
кресс-салат	138
кресло-кровать	138
коррумпированность	138
клочья	138
категоризация	138
императивы	138
именинники	138
изгоняется	138
заповедует	138
забивка	138
дрейка	138
диктофон	138
дизартрия	138
дгп	138
грубеет	138
гриппол	138
гностицизм	138
геральт	138
георешетка	138
гарда	138
газосиликат	138
враки	138
волдырь	138
видеоинструкция	138
валки	138
брюнеточка	138
блок-контейнеры	138
блейзер	138
аэрограф	138
аутист	138
асфальтобетон	138
ангиопатия	138
аксай	138
аквалангисты	138
http://youtu.be/...✂	138
3шт	138
этномир	137
экстернат	137
щитовка	137
шумоподавление	137
шишечки	137
шестеренка	137
шахида	137
чун	137
чудища	137
хумус	137
хамка	137
халявщики	137
филистимляне	137
фасуется	137
фальсификат	137
уреаплазмы	137
умань	137
тётенька	137
тотъ	137
толедо	137
той-терьер	137
тепловозы	137
телемедицина	137
тарифицируется	137
тaк	137
съвпадение	137
сухогруз	137
стефани	137
стеклоочиститель	137
спячка	137
спивается	137
смоковница	137
сгиб	137
сахаристость	137
сатка	137
сарыарка	137
санто	137
сановник	137
самопиар	137
самоделки	137
самарии	137
салли	137
рольф	137
ривер	137
рен-тв	137
реет	137
регидрон	137
рвд	137
раскидывает	137
психопатия	137
психол	137
прокачивает	137
прожигает	137
провежда	137
приверженность	137
предзнаменования	137
прайм-тасс	137
посматривает	137
покалывания	137
подсадка	137
подпевает	137
пепе	137
пекутся	137
паулюс	137
пародирует	137
палеонтология	137
освободитель	137
оприходование	137
окорока	137
нубук	137
нашъ	137
наркотрафик	137
нажива	137
набат	137
мурлыканье	137
монолитность	137
мезонин	137
лузеры	137
лепёшки	137
ланселот	137
лабуда	137
креативщики	137
козочка	137
кичится	137
киот	137
карт-бланш	137
кармашек	137
капот	137
исс	137
интегрируются	137
изовер	137
извергается	137
игги	137
застревание	137
зануды	137
закавыка	137
задумывает	137
жокей	137
жировики	137
дчс	137
диаз	137
деточки	137
депонирование	137
датчанин	137
гуппи	137
гражд	137
высаживание	137
высаживает	137
всм	137
воркутауголь	137
видеоредактор	137
вибромассажер	137
вбивается	137
бурьян	137
бурундуки	137
брутальность	137
бронеавтомобиль	137
бета-каротин	137
беруши	137
бельцы	137
белгородцы	137
бб	137
банеры	137
балансиры	137
афт	137
ариз	137
анкера	137
анима	137
анестезиолог-реаниматолог	137
алыча	137
алебастр	137
автолюкс	137
f3	137
шпионка	136
черемша	136
цевье	136
хроматография	136
хи	136
хеликобактер	136
хедж	136
хара	136
фототехника	136
устремляет	136
устаревание	136
трещинка	136
толокно	136
термопасты	136
телебанк	136
танчики	136
стартаперы	136
старлей	136
силикаты	136
самодовольство	136
росточки	136
рокфор	136
ржс	136
растояние	136
разрядится	136
разоряет	136
пяльцы	136
птичник	136
проговаривается	136
прищур	136
приемщик	136
претор	136
предчувствует	136
предлогает	136
превозносится	136
полуавтоматы	136
перекатывается	136
пелагия	136
пасы	136
партийность	136
паради	136
панацеи	136
павлина	136
однополчане	136
овощеводство	136
нытик	136
нелепости	136
наркомат	136
нарезает	136
накормит	136
мрнк	136
мосводоканал	136
минтопэнерго	136
миномет	136
милует	136
медиагруппы	136
малороссы	136
магнитогорска	136
лыжница	136
лунатик	136
луковички	136
лицемер	136
лисичанск	136
лиризм	136
лив	136
лепота	136
латиняне	136
ктж	136
кровельщики	136
кретинизм	136
корстон	136
корреспондирует	136
конъюнктивиты	136
козлята	136
клочки	136
кинохроника	136
киновед	136
карбонаты	136
казпочта	136
информируется	136
индукторы	136
иглотерапия	136
зун	136
зуммер	136
застилает	136
забиваются	136
жонглеры	136
дмш	136
джигиты	136
джабхат	136
дешевка	136
гуам	136
госжилинспекция	136
гномики	136
гепарин	136
гельминтоз	136
выполнится	136
вольск	136
внучок	136
вкалывает	136
вице-президенты	136
видеопрезентация	136
вазочка	136
брондирование	136
бортпроводники	136
бодяга	136
бигль	136
бетоносмесители	136
бесприданница	136
ароматизация	136
антифашисты	136
антитело	136
антиквар	136
аквакультура	136
автоклуб	136
абракадабра	136
8гб	136
4с	136
152-фз	136
юкоз	135
юко	135
эскадроны	135
элизиум	135
шампань	135
чернобыльцы	135
цистоскопия	135
цеолит	135
хозтовары	135
фомс	135
усовершенствуется	135
упряжки	135
укрэнерго	135
удобность	135
увм	135
трансерфинг	135
трабл	135
тоффлер	135
толпится	135
тод	135
теплотехника	135
т1	135
сучок	135
структурированность	135
стран	135
стилет	135
спортплощадки	135
спецавтохозяйство	135
совмещаются	135
собачники	135
словенцы	135
синкретизм	135
светает	135
саудовцы	135
сасш	135
сарра	135
ростест	135
ромул	135
рассрочки	135
расплавление	135
развенчивает	135
разбегается	135
пьяные	135
пылит	135
причащается	135
прицеливание	135
приус	135
привес	135
полность	135
подпишется	135
подворачивается	135
писаки	135
отсоединение	135
осмд	135
омыватель	135
окормление	135
оглушает	135
оги	135
обзаводится	135
нивелиры	135
нефролог	135
неа	135
нбки	135
мыслишка	135
мыслеформы	135
мон-рь	135
мануалы	135
лиф	135
кыргыз	135
крестьянки	135
коучи	135
косится	135
кори	135
касатка	135
кардиосклероз	135
интернет-соединение	135
инспектирование	135
инсайдер	135
изоспан	135
завладевает	135
жиз	135
желтушность	135
елки-палки	135
единичка	135
дробит	135
диэлектрик	135
джанет	135
дефектоскоп	135
десктоп	135
декорируется	135
грешница	135
госкомпании	135
горюет	135
горком	135
геническ	135
выхухоль	135
врачует	135
вильярреал	135
васильевка	135
бьорк	135
бунтовщики	135
брахитерапия	135
боксёры	135
блистер	135
бидоны	135
бетононасос	135
бердска	135
артека	135
аргументируется	135
анонимайзер	135
ангажированность	135
анатом	135
ампула	135
альтруист	135
айка	135
авив	135
261-фз	135
1р	135
10л	135
я-концепция	134
щукина	134
шьёт	134
штабелер	134
шпицы	134
шолпан	134
шинглас	134
чернильница	134
чара	134
чабер	134
целиакия	134
цдум	134
хозяйственники	134
френк	134
факультативы	134
учта	134
учиха	134
упивается	134
ужимки	134
тылы	134
трент	134
старикан	134
спайсы	134
соцстрах	134
совкомфлот	134
слипы	134
слизни	134
склеродермия	134
сервак	134
сдвигаются	134
сазерленд	134
рубцевание	134
рисовальщик	134
ремаркетинг	134
рекреация	134
расценка	134
растяжимость	134
разряжение	134
пьянит	134
пупс	134
прокачивается	134
прародина	134
поп-звезда	134
полусфера	134
полусапожки	134
подслушивает	134
погорельцы	134
пмпк	134
пит-стопа	134
перемешивает	134
патонг	134
пассажирооборот	134
отапливает	134
орги	134
опиаты	134
онихомикоз	134
оволосение	134
обрезает	134
обвивает	134
ноотропы	134
нищеброды	134
никнейм	134
низость	134
незабудки	134
мостотрест	134
минотавр	134
микозы	134
мец	134
манул	134
магги	134
лодочник	134
лещи	134
курд	134
кузнецк	134
крузенштерн	134
кретины	134
крестовины	134
краник	134
консервативность	134
композитум	134
комплекция	134
кокошник	134
ключарь	134
кастет	134
камилла	134
загромождает	134
заборчик	134
договаривает	134
дихлофос	134
диорама	134
диморфизм	134
деру	134
держание	134
депопуляция	134
дейност	134
дарители	134
госсектор	134
годжи	134
глобализм	134
гидратация	134
выпрашивает	134
воплотит	134
вкушает	134
видеореклама	134
вешняки	134
вдохи	134
бронирует	134
блэкаут	134
блокировщик	134
бетононасосы	134
бета-блокаторы	134
бенефициары	134
бадяга	134
арес	134
анх	134
авоська	134
юлия	133
эпистемология	133
электровозы	133
эксцентричность	133
щипчики	133
щелканье	133
школа-студия	133
холодает	133
фос	133
филиппинцы	133
физалис	133
устрица	133
украинизация	133
трансплантат	133
транслятор	133
тиамин	133
техрегламент	133
терияки	133
театральность	133
тайлер	133
сыроед	133
счастливцы	133
суши-бар	133
строгание	133
стп	133
соренто	133
сокет	133
сканируется	133
симулякр	133
свитеры	133
самонаблюдение	133
самоактуализация	133
рычажок	133
рцб	133
рудименты	133
рок-фестиваль	133
проступка	133
пойнт	133
повредится	133
петрика	133
отклоняются	133
ноябрь-декабрь	133
носильщик	133
новокузнецка	133
нежится	133
недееспособность	133
наплавка	133
накс	133
мучители	133
многоэтажка	133
миостимулятор	133
минт	133
мелькор	133
мат-лы	133
маркирует	133
магнитик	133
лотосы	133
линкоры	133
лейкопластырь	133
лактат	133
копилки	133
контингенты	133
кондопога	133
клемент	133
кардиохирург	133
капха	133
какой-нить	133
июнь-июль	133
исус	133
имплементация	133
заслушивание	133
закулиса	133
заверяются	133
жезлы	133
дроид	133
долетает	133
диффенбахия	133
детища	133
данн	133
гудзон	133
гугль	133
грибник	133
гнедич	133
гдк	133
гарвард	133
газгольдеры	133
выливает	133
выветрится	133
врастает	133
вотум	133
воспитает	133
владетель	133
видеограф	133
вершится	133
бурчит	133
брасс	133
богомаз	133
бермуды	133
берлога	133
белокрылка	133
банщик	133
бандура	133
аэрофотосъемка	133
аэростаты	133
аффирмация	133
альфа-групп	133
абр	133
аберрация	133
it-компания	133
5ч	133
яб	132
юрик	132
экспрессионизм	132
эгида	132
эволюционизм	132
шпик	132
шлягеры	132
шестиугольник	132
шевроны	132
цукс	132
цдод	132
хромирование	132
христианизация	132
химио	132
хамовники	132
фригидность	132
фиброаденома	132
учеты	132
торговка	132
тмм	132
телефильм	132
телеведущие	132
тавр	132
стагнирует	132
сплетники	132
сальсы	132
саз	132
рыбоводство	132
рулька	132
ротвейлер	132
роникон	132
рекордсменка	132
резиночки	132
распродает	132
раскулачивание	132
разовьет	132
разнотравье	132
разбитость	132
радикализация	132
проектировка	132
проворачивается	132
прислан	132
природоведение	132
правотворчество	132
потрескается	132
полимеризуется	132
подстаканник	132
подгорает	132
побочки	132
пл	132
печёт	132
перекидывается	132
перебивается	132
парапроктит	132
пазар	132
очиток	132
очередники	132
охранение	132
отчуждается	132
осигурява	132
опфр	132
октябрьск	132
обширность	132
нимфоманка	132
неуравновешенность	132
неполучение	132
нарывы	132
навоз	132
муз-тв	132
мосин	132
молочник	132
мозжечка	132
могильщик	132
миропорядок	132
миндалина	132
милок	132
микроволны	132
междусобойчик	132
маклер	132
лигнин	132
крынка	132
кромвель	132
кровопускание	132
компьютерщик	132
комнатки	132
катализирует	132
кактусы	132
какашка	132
казкоммерцбанк	132
импетиго	132
извращает	132
ижсталь	132
ивангород	132
знакомец	132
затемняет	132
запасается	132
заготавливается	132
забросы	132
живуч	132
дьяки	132
драйзер	132
допрашивает	132
добытчики	132
дион	132
дефектология	132
дада	132
гута	132
гура	132
греховность	132
гороховец	132
гомеопаты	132
гельминтозы	132
галант	132
вфп	132
впрыскивается	132
возделывается	132
воздвижение	132
внушаемость	132
взяточник	132
ветрогенератор	132
вертер	132
варфейс	132
бурлеск	132
буксиры	132
бройлеры	132
бродилки	132
бизнес-тренинг	132
бесс	132
атос	132
аракс	132
ангелы-хранители	132
4шт	132
юродивые	131
электроустановки	131
экстирпация	131
щур	131
щепкина	131
черномор	131
фторхинолоны	131
фракталы	131
усадки	131
удостоверится	131
тянь	131
тюремщики	131
труха	131
трибуналы	131
транспортируются	131
таргет	131
тап	131
таганка	131
судоверфь	131
стяжательство	131
стюард	131
статейки	131
спишется	131
спартаковцы	131
сорбонна	131
синоптик	131
свислочь	131
сафин	131
сафари-парк	131
сапиенс	131
рябины	131
росбизнесконсалтинг	131
реликты	131
регат	131
расшатывание	131
рапира	131
раздрай	131
развратница	131
развертывает	131
радетели	131
пятиклассники	131
пьемонт	131
пуховик	131
пузико	131
птср	131
прогреваются	131
приорбанк	131
призри	131
привозится	131
постамат	131
помпоны	131
помощницы	131
полузащитники	131
поломок	131
плюется	131
плейер	131
пилочки	131
печь-камин	131
персты	131
переносица	131
патинирование	131
отвёртка	131
орб	131
олигархат	131
обновка	131
обдувает	131
нищеброд	131
небоскрёб	131
насер	131
напечатает	131
навешивание	131
молоты	131
можжевельники	131
митра	131
матовость	131
манок	131
личи	131
лейбористы	131
левзеи	131
лампадки	131
ксанф	131
креационисты	131
коровяк	131
контраргумент	131
кобзарь	131
киндер	131
кбт	131
кастрюлька	131
калиновка	131
интерполяция	131
интернейшнл	131
импресарио	131
икп	131
зацеп	131
засранцы	131
замы	131
замеряется	131
залегание	131
жулебино	131
женаполковника	131
европротокол	131
дужка	131
домработницы	131
дженсен	131
дегазация	131
девство	131
группируется	131
горнолыжник	131
говд	131
гидролизат	131
выплескивает	131
вояджер	131
волюнтаризм	131
видео-ролик	131
венчается	131
вао	131
буксы	131
безобразия	131
бактериофаги	131
арты	131
анестезиология	131
аит	131
адсорбент	131
абрамцево	131
электрокары	130
штиглица	130
шняга	130
швп	130
шарлатанство	130
чача	130
хрюшки	130
хиротония	130
харп	130
хавьера	130
фир	130
фейри	130
ушивание	130
уретра	130
унтер	130
укротитель	130
тунеядец	130
трамплины	130
тохтамыш	130
торос	130
темир	130
телесериалы	130
тасис	130
сундучки	130
сторожка	130
столяры	130
старатель	130
снуд	130
смачивание	130
сихъ	130
ситроникс	130
синусоида	130
сеянец	130
связьинвест	130
свирель	130
самомотивация	130
рэперы	130
рыщет	130
руки-ноги	130
резервисты	130
распашонка	130
психофизиология	130
противни	130
проталкивает	130
притязание	130
прикамье	130
пощадит	130
послушницы	130
полгорода	130
подрамник	130
погонаж	130
пиролиз	130
печи-камины	130
перепрыгивает	130
партнёрша	130
парменид	130
озвучит	130
однокашник	130
обшит	130
нуб	130
неолит	130
немки	130
наливка	130
наветы	130
набиуллина	130
моник	130
микроген	130
мастэктомия	130
масс-маркет	130
мариса	130
магнезит	130
м-видео	130
лянтор	130
лидогенерация	130
ливийцы	130
лахти	130
ксюха	130
коньково	130
коневодство	130
комплексует	130
каустик	130
капур	130
кантата	130
калининградцы	130
июн	130
институционализация	130
иматра	130
значительность	130
зеты	130
затейник	130
затвердевание	130
забрасывается	130
жизнеописания	130
евграф	130
дребезжит	130
драги	130
достраивается	130
дори	130
дон-строй	130
дознаватели	130
детекция	130
действенность	130
далай-лама	130
грузик	130
госбанка	130
гопота	130
гидрокарбонат	130
геодезист	130
выдергивает	130
въедается	130
врач-специалист	130
восп	130
волгарь	130
воеводство	130
владос	130
ветвится	130
вамп	130
буженина	130
браво	130
болтушка	130
бизнес-школы	130
бендеры	130
белль	130
баянист	130
батискаф	130
атлантика	130
арлекино	130
аргун	130
анионы	130
анальгетик	130
алкоголизация	130
алиас	130
азов-сити	130
агар-агар	130
ν	130
web-сервер	130
4т	130
1960-е	130
қазақ	129
ярка	129
языковед	129
ются	129
эпикриз	129
энергозатрат	129
штрих-коды	129
шляпник	129
цветотерапия	129
хэтчбеки	129
хаотичность	129
фтизиатр	129
фрай	129
факультатив	129
учительство	129
учительницы	129
удержу	129
триал	129
транссексуалы	129
тотальность	129
теломеры	129
тейк	129
тайбэй	129
стеки	129
спутницы	129
сорванец	129
сласти	129
силится	129
серфер	129
сервопривод	129
семинарист	129
священноначалие	129
сбавляет	129
рпц	129
росалкогольрегулирование	129
ровесницы	129
рнпц	129
рифей	129
ригведы	129
рентгенолог	129
разнородность	129
раздирает	129
разветвитель	129
радуги	129
радиосистемы	129
пята	129
пустячок	129
простору	129
прикуриватель	129
придумывается	129
презентабельность	129
полчаса	129
полуфиналы	129
полукустарник	129
половник	129
полиметалл	129
подзывает	129
пидоры	129
перки	129
пепси	129
патефон	129
палех	129
отчаивается	129
отверждение	129
остроги	129
орава	129
оказва	129
обект	129
непредвзятость	129
нашивка	129
нагнетатель	129
муллы	129
мотивирование	129
милитаризм	129
людие	129
лимфоузел	129
лесовозы	129
лептоспироз	129
лезгины	129
лб	129
лагери	129
ксир	129
красава	129
конкурсантки	129
конвоиры	129
кинематографист	129
киевлянка	129
карбофос	129
канониры	129
канадка	129
кале	129
инсулинорезистентность	129
инвариант	129
значи	129
зб	129
защелкивается	129
запретит	129
заимодавец	129
дудник	129
дудинка	129
дротик	129
дресс	129
древляне	129
дребезжание	129
демографы	129
дата-центры	129
гу	129
гнс	129
глазик	129
гирсутизм	129
вложит	129
верея	129
вент	129
везенье	129
варкрафт	129
варенька	129
булгур	129
боковина	129
близнецы-братья	129
бкп	129
бекап	129
бари	129
банк-эмитент	129
ахаха	129
арктик	129
аппроксимация	129
анка	129
адресность	129
автовокзалы	129
аас	129
1980-е	129
10-летие	129
ярл	128
юзает	128
эхолоты	128
эст	128
эркеры	128
электроэнцефалография	128
эвент	128
штрафует	128
шлифует	128
шифровка	128
читабельность	128
частность	128
хоботок	128
формирователь	128
фельдшеры	128
учавствует	128
устрашение	128
упрдор	128
удачливость	128
троксевазин	128
транспондер	128
транзиты	128
транзас	128
тетеньки	128
сътрудничество	128
суккот	128
стропила	128
стоп-кадр	128
ссз	128
сорбит	128
снегири	128
скамеечки	128
свинарник	128
сверлится	128
ростик	128
рмо	128
расспросы	128
пятится	128
птгрп	128
пташки	128
психотехники	128
проституткп	128
прилипала	128
понтон	128
подстроится	128
подрезание	128
пихает	128
перекопка	128
перекладка	128
пейринг	128
паблики	128
ольхон	128
одногодки	128
одарит	128
обрешётка	128
обогатит	128
обезьяне	128
ница	128
неприступность	128
негорючесть	128
неврастения	128
нацики	128
нагрудник	128
мхп	128
миргород	128
микрофинансирование	128
мешковина	128
меццо-сопрано	128
месопотамия	128
медвед	128
матери-одиночки	128
лесозавод	128
лавкрафт	128
лабрадоры	128
кцсон	128
купидон	128
краны-манипуляторы	128
кипы	128
кварки	128
кайтсерфинг	128
исламизм	128
искупает	128
иод	128
интрижка	128
интернет-радио	128
имаш	128
защищённость	128
заклинивает	128
евлогия	128
драгуны	128
дельфиниум	128
делойт	128
декомпенсация	128
дгу	128
двутавр	128
гроссмейстеры	128
гособоронзаказ	128
гоморра	128
гипотермия	128
геологоразведка	128
высмеивание	128
выслеживает	128
выверка	128
времето	128
волчата	128
волга-днепр	128
вмт	128
вкушение	128
визитеры	128
вздувается	128
ведунья	128
вгу	128
вайфай	128
буффон	128
бедствует	128
аэрохоккей	128
афроамериканец	128
андромеды	128
аладдин	128
аконит	128
автокефалия	128
seo-продвижение	128
3d-модель	128
3-комн	128
16-е	128
10см	128
эндшпиль	127
электроникс	127
электризуется	127
экибастуз	127
эг	127
шумка	127
шор	127
шариф	127
шабат	127
цитостатики	127
хэ	127
хитрецы	127
ффомс	127
тяж	127
троль	127
тонар	127
тимус	127
тигель	127
субмарины	127
сторонится	127
стенгазета	127
споты	127
солонина	127
слойки	127
слепни	127
слезоточивость	127
слезинка	127
скакалки	127
рыбница	127
рудольф	127
реставрируется	127
редактура	127
расчёска	127
разрядники	127
развратник	127
пчёлки	127
протвино	127
пром	127
проделает	127
провожатый	127
приэльбрусье	127
примула	127
приволжье	127
прапрадед	127
практикант	127
празник	127
правонарушители	127
почвоведение	127
посинение	127
порабощает	127
помещица	127
поль	127
полиэфир	127
политиканы	127
пожарник	127
поборются	127
петруша	127
первоиерарх	127
пельмень	127
памела	127
палисадник	127
отс	127
огласка	127
обводка	127
нямат	127
нутрилон	127
нерасторопность	127
наружка	127
наби	127
мясоед	127
мусульманки	127
молох	127
миролюбие	127
микромир	127
микродермабразия	127
мерность	127
мандала	127
максимизирует	127
мазур	127
лек	127
лавочник	127
кэс-баскет	127
кусково	127
курень	127
кинозалы	127
канапе	127
йоркшир	127
исчезновения	127
инфопродукт	127
инструктирует	127
имц	127
изкуство	127
зрс	127
заёмщики	127
завещает	127
забьется	127
етап	127
емельяново	127
екатеринбуржцы	127
евростандарт	127
дубравы	127
дубок	127
доезжает	127
динары	127
дамир	127
гранулема	127
гоблин	127
гертруда	127
выхлопы	127
выровняет	127
выправка	127
вылечивает	127
выгружает	127
вывешивает	127
всеобуч	127
вордстат	127
возглашает	127
влюбляет	127
включ	127
вклейка	127
визуализирует	127
ванилин	127
валерьянка	127
бурлак	127
броды	127
бпс	127
биплан	127
биозавивка	127
бизнес-информатика	127
бензогенераторы	127
асептики	127
апокрифы	127
анис	127
ангиопластика	127
анаис	127
альфа-капитал	127
dvd-диск	127
200-летие	127
15а	127
ютится	126
эсхатология	126
эозинофилия	126
шавка	126
чсср	126
чепчики	126
цзилинь	126
хохолок	126
хорс	126
халкидики	126
феврония	126
укомплектование	126
транскрипт	126
ташир	126
суперджет	126
ссадина	126
соцреализм	126
созаемщик	126
скоринг	126
свояк	126
свистки	126
сампо	126
самоотречение	126
саксы	126
рулится	126
рашит	126
пятикнижие	126
прошивается	126
правоприменение	126
почемучка	126
поносит	126
подкармливает	126
пмэф	126
пиление	126
пех	126
патентообладатель	126
пари-матч	126
парео	126
отстегивается	126
отново	126
осуждения	126
олланд	126
олимпус	126
оияи	126
однокурсница	126
одеон	126
огп	126
образчики	126
назарово	126
моторист	126
мон-ре	126
миозит	126
мелодика	126
мбс	126
маринование	126
маб	126
лямка	126
лешие	126
кэнон	126
курганцы	126
кпв	126
костомукша	126
корсика	126
копатели	126
конопатка	126
конники	126
коллоквиум	126
кессоны	126
кейптаун	126
касторка	126
каракули	126
калоши	126
истома	126
иракцы	126
инсценировки	126
имиджмейкер	126
изолента	126
игрек	126
иверы	126
зодчество	126
заступает	126
зас	126
зарубина	126
зарубежнефть	126
замбия	126
ефросинья	126
единоверцы	126
духовники	126
дреды	126
диммер	126
дг	126
гуайдо	126
госбанки	126
госадмтехнадзор	126
глазенки	126
гиф	126
гемолиз	126
гаага	126
выродок	126
воопиик	126
видюха	126
видео-урок	126
вживляется	126
велогонщик	126
ваг	126
бюджетник	126
буковка	126
ближние	126
бест-новострой	126
барыш	126
баланопостит	126
асуп	126
астразенека	126
астильба	126
антракт	126
анемоны	126
авок	126
hет	126
2см	126
ящичек	125
якутскэнерго	125
этос	125
эмболизация	125
эбби	125
шунт	125
шма	125
чтуп	125
чистополь	125
чероки	125
червец	125
чак-чак	125
хэнд	125
ханжа	125
фэйсбук	125
фатум	125
фазенда	125
ученици	125
усаживает	125
уеб	125
увещевает	125
тёлки	125
тувинцы	125
трипсы	125
трилистник	125
топлесс	125
схавает	125
сударушка	125
степка	125
старшой	125
согревание	125
символизируется	125
сервируется	125
сгибы	125
свопы	125
самолюбование	125
рубильники	125
родословие	125
ришон	125
расточительность	125
разглашает	125
работорговля	125
пушистик	125
простимулирует	125
прорезается	125
прокалывается	125
пото	125
потап	125
подберезовики	125
повестки	125
побоится	125
переформирование	125
перебрасывается	125
пенсне	125
патрисия	125
папирусы	125
отречение	125
открещивается	125
откатывается	125
онкомаркеры	125
олимпстрой	125
обтекает	125
неподъемная	125
нашептывает	125
назарет	125
наборчик	125
микобактерии	125
медалист	125
лианы	125
лесостепи	125
ленивцы	125
ленд	125
краш-тесты	125
козельск	125
коба	125
кексики	125
картографирование	125
калорифер	125
истолковывается	125
интернет-сми	125
злоумышленница	125
застрахует	125
зарядится	125
зарастание	125
запугивает	125
запрыгивает	125
запорожсталь	125
заморачиваются	125
закуривает	125
закатывается	125
задира	125
заговаривает	125
жан-батист	125
епт	125
долма	125
дизель-генератор	125
дежавю	125
госструктуры	125
голиаф	125
гики	125
гельвеция	125
выныривает	125
военкоматы	125
вестибюли	125
верёвки	125
верди	125
веб-дизайнеры	125
бронхоскопия	125
бонды	125
близи	125
билборд	125
бизнес-ангелы	125
белнефтехим	125
бахрейн	125
аэп	125
ахтубинск	125
ахейцы	125
аспид	125
апгрейды	125
анаферон	125
амфетамин	125
акторы	125
аквариус	125
автошины	125
web-интерфейс	125
ярс	124
яик	124
юра	124
эхогенность	124
энергоблоки	124
электросварщик	124
элегант	124
штангенциркуль	124
шампиньон	124
цитоплазма	124
хорошеет	124
хорезм	124
холмск	124
хмао	124
франциско	124
фраер	124
физиономии	124
февраль-март	124
усилок	124
урки	124
упраздняет	124
уа	124
тупицы	124
трудоголизм	124
трубогиб	124
тритоны	124
толокнянка	124
тинейджеры	124
термопары	124
темпера	124
тельфер	124
твитер	124
тайминг	124
супрун	124
стоик	124
статы	124
срезка	124
срезание	124
сплетается	124
соответсвующие	124
смс-ки	124
случи	124
слоним	124
славия	124
скалли	124
сабельник	124
рыбешка	124
родоначальники	124
разм	124
развоз	124
пурал	124
пульверизатор	124
псс	124
прочитывает	124
прокручивает	124
провинциалы	124
пресс-формы	124
предоставится	124
предаёт	124
похоронка	124
полосочка	124
пифагорейцы	124
пестово	124
перестук	124
пересорт	124
переменчивость	124
пеликаны	124
пвк	124
пахлава	124
паззлы	124
оур	124
откидывает	124
оргвыводы	124
оптик	124
оппортунизм	124
опорожняется	124
оповестит	124
нуга	124
нир	124
неторопливость	124
неологизмы	124
неоклассика	124
нащупывает	124
наполеон	124
накачивает	124
морозильники	124
мореходы	124
монограмма	124
молчун	124
минэнерго	124
меряется	124
мелочевка	124
мгту	124
масяня	124
малочисленность	124
макрель	124
макошь	124
мадьяры	124
лиет	124
ленобласть	124
лемуры	124
лезгинка	124
ксб	124
кругооборот	124
кровоподтек	124
кричалки	124
краудсорсинг	124
котка	124
косолапость	124
компанията	124
киномакс	124
кии	124
интернационалисты	124
интайм	124
инженер-проектировщик	124
имама	124
зенитчики	124
звездочет	124
законник	124
зазывает	124
ерша	124
донат	124
долгосрочность	124
днс	124
дло	124
диадемы	124
деринат	124
дебилизм	124
двп	124
гособвинение	124
гнус	124
глицерина	124
гкчп	124
гимназистки	124
выдыхается	124
выдумщик	124
втыкает	124
воны	124
вклеивается	124
виндзор	124
видио	124
видеоконтент	124
велюр	124
вельзевул	124
вахтер	124
бен-гурион	124
барабанит	124
баобаба	124
арчи	124
армянка	124
аппартаменты	124
ампул	124
аксоны	124
аип	124
аднексит	124
автопрокат	124
автомеханики	124
автомагнитол	124
автограф-сессия	124
авдеевка	124
авары	124
pr-агентство	124
pos-материалы	124
https://t.co/...✂	124
30с	124
1950-е	124
173-фз	124
этиленгликоль	123
эспераль	123
эманация	123
шрус	123
шпатлевание	123
шейдеры	123
чурается	123
чипсеты	123
часовенка	123
чабан	123
храбрецы	123
химволокно	123
херст	123
ханум	123
флоты	123
финмаркет	123
фасция	123
факир	123
фаер	123
уайт-спирит	123
турагенство	123
треба	123
телес	123
татры	123
суппорты	123
субподрядчики	123
стриптизерши	123
странствует	123
степпер	123
сопляк	123
синдикаты	123
свекр	123
самовыдвиженцы	123
самат	123
сабах	123
рсмд	123
рпг	123
рок-музыканты	123
родич	123
риг	123
рестарт	123
ректороманоскопия	123
реализуемость	123
растирается	123
рассчет	123
размазня	123
радар-детекторы	123
прститутки	123
проэкт	123
протек	123
продюсирование	123
прободение	123
приёмка	123
принцессе	123
приборчик	123
пращуры	123
пояски	123
поздравленья	123
подтормаживает	123
платье-футляр	123
пино	123
пестель	123
переставляет	123
переопределение	123
перебегает	123
пастбище	123
парфенон	123
орлан	123
опрыскивания	123
онлайн-заявка	123
октябрь-ноябрь	123
обри	123
област	123
нрс	123
налокотники	123
моцарелла	123
многовариантность	123
микромассаж	123
медиапланирование	123
мать-природа	123
марч	123
мардук	123
максима	123
лубок	123
ленинградец	123
ксендз	123
кровотока	123
краснознаменск	123
корнет	123
конор	123
комкор	123
клеветники	123
квасу	123
кассиопея	123
картридер	123
кальцит	123
импичмент	123
изгнанники	123
зверье	123
засолка	123
зарядник	123
загсы	123
жирует	123
ехб	123
ефект	123
дэп	123
донья	123
долота	123
дифирамбы	123
денёк	123
демка	123
деепричастие	123
дегенерат	123
гуион	123
грщ	123
гнозис	123
глюкометры	123
гидроцилиндр	123
гель-лаки	123
выставка-конкурс	123
высовывает	123
вымогатели	123
встречный	123
волосожар	123
вествуд	123
верхотурье	123
биоценоз	123
атерома	123
астерикс	123
апф	123
аос	123
аеб	123
абрау	123
rf-лифтинг	123
4а	123
323-фз	123
وسلم	122
ятаган	122
ядохимикаты	122
ягнята	122
юродство	122
эротизм	122
энергосервис	122
экструзия	122
эвенк	122
шурф	122
шпунт	122
чешки	122
чертенок	122
чб	122
центы	122
царь-батюшка	122
хэнк	122
холоду	122
фрики	122
фокусирование	122
уродцы	122
тёлка	122
тропик	122
тафта	122
събитие	122
стэп	122
сталъ	122
сооружает	122
совер	122
служивый	122
скрипачи	122
сайлент	122
рух	122
рпс	122
рокфеллеры	122
ркб	122
расцениваются	122
распря	122
разлук	122
разгильдяйство	122
разветвление	122
работенка	122
пустыри	122
пунктир	122
прохоровка	122
прорезает	122
промзон	122
проигрыши	122
пробои	122
прислужники	122
постапокалипсис	122
послушница	122
подстраховка	122
подводник	122
повеса	122
пискун	122
перевыпуск	122
паренхима	122
пакс	122
оформитель	122
отчитывает	122
осмысливает	122
ордынцы	122
опрелости	122
озирается	122
обследуется	122
обочина	122
нцпк	122
нурофен	122
нужность	122
нефтебаза	122
неплатежеспособность	122
натирается	122
настаёт	122
нарратив	122
намибия	122
надрывы	122
набрасывает	122
мясники	122
мультитул	122
миядзаки	122
миокард	122
минитрактор	122
металлопрофиль	122
металлопластик	122
малые	122
лэптопы	122
леспромхоз	122
крестник	122
корчится	122
концессионер	122
комитент	122
комендатура	122
книжечки	122
кнессет	122
капуччино	122
калькулирование	122
ит-компании	122
ит-инфраструктура	122
исступление	122
имет	122
заложница	122
законодателство	122
завозит	122
заварушка	122
заброска	122
журавушка	122
жорик	122
жестки	122
жа	122
ебется	122
досуги	122
джины	122
джентельмен	122
дедка	122
даф	122
даи	122
госуслуг	122
гиена	122
геохимия	122
гаршина	122
галичане	122
вытаскивается	122
выделятся	122
встраивает	122
врачиха	122
врач-рентгенолог	122
вооот	122
власовцы	122
винды	122
виж	122
видеорепортаж	122
вертикальность	122
вербует	122
варево	122
бэкон	122
богомол	122
бизнес-аналитика	122
беспринципность	122
байты	122
арб	122
антуражу	122
анон	122
анастасия	122
альбумин	122
акдс	122
агрономия	122
автовыкуп	122
pin-код	122
50г	122
янычары	121
яндекс-директ	121
эссекс	121
эпиграмма	121
шлейка	121
шлакоблок	121
чупа-чупс	121
чон	121
четверик	121
холуй	121
харизмы	121
хазария	121
фукус	121
фитили	121
утёс	121
уплачиваются	121
унты	121
умз	121
уверение	121
триумвират	121
термаж	121
ступицы	121
старикашка	121
сосногорск	121
слова-паразиты	121
слизистая	121
скручивает	121
скитается	121
скверик	121
силовик	121
сердючка	121
сен	121
семеноводство	121
селёдка	121
самоа	121
салах	121
рыдание	121
рогатка	121
рифампицин	121
реституция	121
режисер	121
редица	121
регургитация	121
рассылки	121
раскрашивает	121
размолвка	121
разгрузит	121
рабовладельцы	121
пупсик	121
птф	121
псд	121
прор	121
продажник	121
пробизнесбанк	121
придумка	121
приворота	121
превалирование	121
постулируется	121
помысл	121
подвязки	121
погранцы	121
погодки	121
переписчики	121
перевертыш	121
патер	121
ошметки	121
отстирывается	121
отслаивание	121
отливается	121
осциллографы	121
омер	121
олли	121
окрасится	121
окормляет	121
ниппель	121
нижгма	121
неудачница	121
неологизм	121
насаждает	121
нак	121
наведывается	121
мэрт	121
мч	121
мога	121
миропомазание	121
мессер	121
мер	121
медалисты	121
матер	121
маржинальность	121
марафонец	121
мангуст	121
лючок	121
лоскуты	121
лагуз	121
куртизанка	121
конспирология	121
когато	121
ковыряется	121
кнп	121
кири	121
кет	121
квинсленд	121
каякинг	121
камнепад	121
калл	121
йокерит	121
иш	121
информеры	121
интернет-голосование	121
иносми	121
инженер-электрик	121
ина	121
иллюзионисты	121
засасывается	121
зайки	121
женщина-водитель	121
жадина	121
довершает	121
гч	121
графы	121
государ	121
город-государство	121
гомофобия	121
гнездятся	121
глашатаи	121
вст	121
вейдер	121
ватрушка	121
булавы	121
будда	121
бродилка	121
бесхозяйственность	121
астерос	121
антитеррор	121
анафоры	121
амальгама	121
акелла	121
айтишник	121
азазель	121
агитпроп	121
авторучка	121
абразив	121
абонплата	121
63-фз	121
4цар	121
3к	121
ямобур	120
юнэйдс	120
эпидидимит	120
энергообеспечение	120
экстремал	120
экспресс-диагностика	120
шушары	120
чубушник	120
чмз	120
цтп	120
хадж	120
фэст	120
фран	120
флэшки	120
фингал	120
уплощение	120
униаты	120
укоры	120
ударь	120
трут	120
трубочист	120
трейнеры	120
трапеции	120
транспортабельность	120
травматолог-ортопед	120
тица	120
теплолюкс	120
твердение	120
сходня	120
судаки	120
ссбт	120
сосулек	120
сонат	120
сносится	120
смс-сообщение	120
слоники	120
скряга	120
скачан	120
сетевик	120
семипалатинск	120
седрик	120
северянка	120
сбр	120
сахарозаменитель	120
сахарозаменители	120
ручается	120
ростбиф	120
рендж	120
ргкп	120
размыкает	120
раздевает	120
противница	120
прокомментирует	120
прокалывает	120
програмка	120
приставы-исполнители	120
прииск	120
потрошитель	120
поминание	120
подстрекает	120
подкатегории	120
подглядывание	120
повторитель	120
платятся	120
плавни	120
передергивает	120
пеноизол	120
пейджер	120
пбк	120
парестезии	120
отговор	120
осознаётся	120
орлик	120
олененок	120
озаряется	120
нои	120
новогорск	120
неувязочка	120
неолиберализм	120
насечка	120
мразей	120
морион	120
моралисты	120
монодиет	120
мифотворчество	120
минина	120
мерчендайзер	120
меандр	120
массажёр	120
манифестанты	120
маманя	120
любовь-морковь	120
лесоводы	120
ламбрекены	120
корал	120
копошится	120
кондоминиум	120
коммунальник	120
кодер	120
клиринг	120
кирдык	120
кибератаки	120
карманники	120
каратисты	120
канделябр	120
каблучок	120
ильичевск	120
избавитель	120
зеи	120
зачинщик	120
закаляется	120
завывает	120
журавлик	120
жение	120
жаровня	120
еабр	120
доломиты	120
дисконтирование	120
дирижирует	120
дзержинска	120
джойстики	120
джей	120
десанты	120
дендробиум	120
группирует	120
госавтоинспекторы	120
глухие	120
гидротрансформатор	120
гако	120
габионы	120
вышки-туры	120
выстилает	120
водопотребление	120
видеозвонки	120
видео-курс	120
взвешивается	120
вести-москва	120
бюстгалтер	120
бювет	120
буча	120
був	120
бронемашины	120
блогосферы	120
бжд	120
аутисты	120
артистичность	120
ареолы	120
антикоммунизм	120
аморальность	120
амбассадор	120
альгиз	120
альвеолы	120
авторефераты	120
android-смартфон	120
80-летие	120
3я	120
эфко	119
экс-заместитель	119
экзекуция	119
экзаменаторы	119
эвридика	119
щупы	119
шуруповерты	119
шлягер	119
честер	119
человек-легенда	119
футурологи	119
фрк	119
фонбет	119
флэт	119
федрезерв	119
тяготится	119
тулпар	119
троечники	119
традиционность	119
травматологи	119
татум	119
танзания	119
сурьма	119
сульфиды	119
субтропики	119
соотвествует	119
сои	119
синтоизм	119
силлогизм	119
секонд-хенд	119
седация	119
расшивка	119
растрачивает	119
раскалывает	119
ранжируется	119
пэт-кт	119
пустынник	119
пускатели	119
пружинки	119
профайл	119
просыхает	119
продажники	119
приумножает	119
присылается	119
приборка	119
порезка	119
подыгрывает	119
подтачивает	119
пирит	119
перфомансы	119
перечитывает	119
переписчик	119
перегоны	119
ортезы	119
опьяняет	119
оплодотворение	119
одежки	119
огрызается	119
оголение	119
огаи	119
нострификация	119
новатэка	119
нн	119
начин	119
място	119
мпз	119
мошкара	119
мохер	119
мототехника	119
москва-санкт-петербург	119
мосгаз	119
монтенегро	119
многихъ	119
метрик	119
металлисты	119
медиагруппа	119
мгновения	119
матроны	119
марал	119
любисток	119
луция	119
лужок	119
лори	119
лорак	119
лимб	119
лги	119
лайт	119
красноуфимск	119
котоматрица	119
корреспонденции	119
коринф	119
констебль	119
кербер	119
квнщики	119
кашалот	119
катюшка	119
катехизация	119
кардиохирурги	119
караульные	119
канарейки	119
калькутта	119
ирригаторы	119
ираклион	119
интервенты	119
инсулинотерапия	119
изыск	119
изисква	119
заскучает	119
замеряет	119
законники	119
жск	119
енисейск	119
дублеры	119
дрсмд	119
драконица	119
догорает	119
дианетика	119
дзюдоист	119
демоверсия	119
дезертир	119
громы	119
госпредприятие	119
годъ	119
гемостаз	119
выслушивание	119
выровняется	119
вываливает	119
воспевается	119
вижда	119
видеосигнал	119
вестфалия	119
веб-ресурсы	119
вафель	119
ботулотоксин	119
бета-адреноблокаторы	119
барт	119
барк	119
бальнеотерапия	119
атомэнергопроект	119
асутп	119
архиваторы	119
амортизирует	119
алматинцы	119
абсорбент	119
dvd-проигрыватель	119
6с	119
энто	118
чудики	118
чипборд	118
черновол	118
хронотоп	118
холерики	118
хабы	118
фрицы	118
фотокопии	118
фермерство	118
фелпс	118
уво	118
турбизнес	118
тетис	118
теплогенератор	118
твистер	118
тахеометр	118
талдыкорган	118
сунна	118
стрептомицин	118
столетник	118
спекание	118
спа-центры	118
сосочек	118
сориентирует	118
сопение	118
собутыльники	118
слипание	118
скрупулезность	118
скобка	118
синусы	118
символисты	118
серотонина	118
свид	118
рсс	118
роллет	118
рекуперация	118
растушевка	118
размазывается	118
развертки	118
просушивается	118
прогорает	118
прищепка	118
приглушает	118
преумножение	118
предусилитель	118
прада	118
портниха	118
понтоны	118
подполковники	118
подкладывает	118
пн-чт	118
плеяды	118
питатели	118
перебранки	118
парша	118
охриплость	118
осыпает	118
османы	118
окоп	118
оголовок	118
обращенность	118
нух	118
нун	118
нис	118
ниисх	118
нерегулярность	118
нейтропения	118
невропатия	118
неандерталец	118
нап	118
нао	118
нага	118
мотилиум	118
мета-тег	118
медиумы	118
мастершеф	118
малоподвижность	118
малинка	118
мако	118
маат	118
лёгкие	118
лютики	118
лирики	118
кума	118
крыльцо	118
краш-тест	118
крамник	118
крадёт	118
косметички	118
контрацептив	118
коноплянка	118
коммунальщик	118
кислица	118
кипятильник	118
каппадокия	118
канбан	118
канает	118
йон	118
исламабад	118
инфузия	118
интернет-издания	118
ини	118
излияние	118
извергает	118
иерархичность	118
зоар	118
затычка	118
зарина	118
запечатлевает	118
законотворцы	118
закапывает	118
займодавец	118
ельня	118
думка	118
друган	118
добротолюбие	118
дистиллятор	118
дилатация	118
джайпур	118
декламация	118
даффи	118
датирует	118
гхк	118
группирование	118
грудинин	118
грау	118
государственники	118
господарь	118
гнётся	118
гегемон	118
гбу	118
гаск	118
газоблоки	118
гавана	118
вьётся	118
вышибает	118
выставка-форум	118
втс	118
врачеватель	118
восприемники	118
водотоки	118
вмп	118
виртуальность	118
вим-авиа	118
видеотека	118
вается	118
буквица	118
бортинженер	118
блёстки	118
блокадники	118
биодобавка	118
бизоны	118
бейсик	118
банк-кредитор	118
афган	118
архитектоника	118
архиепископы	118
акар	118
агротуризм	118
агитбригада	118
абразивы	118
gps-приемник	118
юниверсал	117
энтомолог	117
электрощит	117
электропакет	117
шармы	117
шанкр	117
чечены	117
чествует	117
черёмушки	117
чение	117
хмырь	117
хизбаллы	117
хакатон	117
фторопласт	117
фондю	117
фолианты	117
тяп-ляп	117
тяжелеет	117
тубы	117
топтание	117
тонгкат	117
тождественность	117
татаро-монголы	117
тарантул	117
тазики	117
сёрфинг	117
сульфата	117
стройкомплекс	117
стамеска	117
средина	117
спаниели	117
сонаты	117
сим-карты	117
секты	117
сейсмичность	117
свирепость	117
сверкание	117
сахарница	117
саммиты	117
рь	117
рцп	117
росукрэнерго	117
розацеа	117
ревёт	117
разбухание	117
пятиэтажка	117
продолжатели	117
похлопывание	117
потроха	117
потение	117
поп-дива	117
пологи	117
половицы	117
полемизирует	117
поглотит	117
плиткорез	117
писака	117
пеньюар	117
педераст	117
отец-основатель	117
отгадка	117
опрокидывается	117
онлайн-курс	117
озорство	117
обществоведение	117
обозначит	117
обновленцы	117
низводит	117
нефроптоз	117
неудовлетворённость	117
несдержанность	117
неподчинение	117
невилла	117
нацгвардия	117
настройщик	117
наслоение	117
мурзик	117
муниципалы	117
москиты	117
монодиеты	117
минтай	117
мини-гольф	117
миалгия	117
мессир	117
мегион	117
мбоудод	117
материалоемкость	117
маросейка	117
лобелия	117
лещина	117
лейцин	117
лайтбокс	117
кром	117
кровопийцы	117
краскопульты	117
котлованы	117
компилируется	117
колониализм	117
колокольни	117
ключица	117
климатологи	117
клейковина	117
керлинг	117
картонка	117
каргополь	117
камфора	117
каменки	117
йеллоустоун	117
историко	117
искариот	117
имплантология	117
ильнур	117
изыскивает	117
изъязвление	117
зумба	117
зональность	117
затребует	117
забегаловка	117
диммеры	117
дерматоз	117
дедовск	117
гробовщик	117
глушко	117
гипогонадизм	117
гиперметропия	117
гематолог	117
галс-девелопмент	117
выкачивает	117
всепрощение	117
впитываемость	117
волочек	117
вкуснотища	117
винодел	117
видеосервер	117
видео-инструкция	117
вешки	117
бубенцы	117
бота	117
бесстрастие	117
белапан	117
батрак	117
барракуда	117
анджелес	117
амбал	117
oс	117
3л	117
3d-моделирование	117
208-фз	117
184-фз	117
11б	117
ّ	116
юзао	116
ювт	116
этология	116
эпл	116
элисты	116
экслибрис	116
эвристики	116
эб	116
щепетильность	116
штапики	116
шредеры	116
шпинель	116
шитьё	116
центристы	116
хэппи-энд	116
фитофтороз	116
утяжелители	116
уолл-стрит	116
тяжеловесы	116
тучково	116
туфли-лодочки	116
транспортник	116
традесканция	116
томит	116
техпроцесс	116
терновник	116
сча	116
стройтрансгаз	116
стройиздат	116
стробоскоп	116
старья	116
спасительница	116
скромница	116
санфаянс	116
самоосознание	116
росгеология	116
роба	116
рислинг	116
регламентирование	116
реактивации	116
ргр	116
разносчик	116
пышки	116
пуритане	116
прорва	116
поп-рок	116
поклёвка	116
подчинённый	116
плебеи	116
плачется	116
пластизол	116
писатели-фантасты	116
пижон	116
перепродает	116
переосмысливает	116
пдс	116
пбу	116
паэлья	116
пародонтология	116
папье-маше	116
палантин	116
отнятие	116
оленеводство	116
окуловка	116
некрозы	116
незаинтересованность	116
недоумки	116
неадекват	116
натуралисты	116
наооборот	116
наестся	116
надсмотрщик	116
мун	116
мтф	116
мострансавто	116
моментум	116
мнутся	116
метаязык	116
массируется	116
марриотт	116
мазды	116
магас	116
ляется	116
люба	116
лос-анжелес	116
лейкозы	116
легирование	116
легинсы	116
ламбрекен	116
костанай	116
колбасило	116
клязьма	116
кильки	116
католикос	116
карлсон	116
кантон	116
кане	116
кадис	116
испдн	116
индастриз	116
зимник	116
зачисляет	116
зацепится	116
закусывает	116
жкс	116
дэнас	116
дубовик	116
друзы	116
драгметаллы	116
дольник	116
детонатор	116
госрегистрация	116
госконтракт	116
гнутся	116
гистерэктомия	116
гипервитаминоз	116
гидротерапия	116
гидрокостюмы	116
геофизик	116
генералиссимус	116
вьюн	116
вьетнамки	116
высматривает	116
всеж	116
воцерковление	116
возымеет	116
внииэф	116
видеоблог	116
ветивер	116
ведьмочка	116
вегетация	116
бум-бум	116
болваны	116
бизнес-инкубаторы	116
атрезия	116
аргонавты	116
амилаза	116
альта-профиль	116
айнур	116
автоцистерны	116
http://goo.gl/...✂	116
gps-навигаторы	116
3цар	116
1970-е	116
электротовары	115
электр	115
щёлкает	115
щучка	115
штриховка	115
шинирование	115
чернокнижник	115
черепок	115
хлорка	115
хлопчатник	115
хипстер	115
хдс	115
фрикцион	115
фрезеровщик	115
форк	115
урюпинск	115
ультрабуки	115
тяжеловоз	115
тумблеры	115
трешки	115
тихи	115
тиват	115
термекс	115
темпераменты	115
сёмга	115
сценограф	115
сур	115
супинатор	115
стихийность	115
стерлинг	115
сопрягается	115
сказитель	115
сист	115
светопропускание	115
сбруя	115
саяногорск	115
сарацины	115
сальмонеллы	115
саамы	115
росчерк	115
рнц	115
редеет	115
регнум	115
регионализация	115
расп	115
пустулы	115
птээп	115
промоушн	115
прожорливость	115
провансаль	115
пригревает	115
прибивает	115
предлагат	115
предаются	115
превед	115
постинор	115
портленд	115
плеяд	115
планировщики	115
пилорамы	115
периостит	115
пенициллины	115
пачкаются	115
паучки	115
отговаривает	115
оскудеет	115
оргалит	115
одаряемый	115
овд	115
объезд	115
общедоступность	115
нлк	115
невыход	115
натр	115
намира	115
наживаются	115
надрывается	115
монстер	115
мож	115
мкц	115
микстура	115
маккей	115
македонцы	115
майолика	115
лишайник	115
крещатика	115
коробится	115
компаунд	115
коляска-трость	115
кожгалантерея	115
клювы	115
кафедрой	115
карга	115
кара-оола	115
капут	115
кальсоны	115
йорки	115
ильмень	115
иллюминаты	115
изломы	115
зыбь	115
заходится	115
запутается	115
замах	115
закупщики	115
заедание	115
заваривание	115
живи	115
ез	115
дуршлаг	115
дружочек	115
доминация	115
дистанцируется	115
дипломатичность	115
депортиво	115
деньжищи	115
деж	115
девон	115
грундфос	115
градозащитники	115
госинспекция	115
горбыль	115
гинеколог-эндокринолог	115
гидроэлектростанции	115
выведется	115
волнистость	115
вливаются	115
взламывает	115
венето	115
веб-сервисы	115
василёк	115
ванадий	115
бурхан	115
брейн	115
брахма	115
болотца	115
бойл	115
бмр	115
благовещенск	115
бинбанка	115
бережку	115
баккара	115
аша	115
асессор	115
архипастыри	115
арон	115
антифризы	115
антиперспиранты	115
анд	115
амина	115
амбре	115
алькор	115
алчевск	115
алкоголичка	115
акцентуация	115
абсурдность	115
абердин	115
99-фз	115
90-летие	115
50гц	115
2ч	115
2ст	115
12а	115
ягуары	114
электросчетчики	114
штаб-квартиры	114
шамбалу	114
чрезмерность	114
черточка	114
цбп	114
футуристы	114
франческо	114
фраксель	114
фотоателье	114
формочка	114
фитнес-зал	114
усложнится	114
тюремщик	114
туск	114
трещотка	114
толь	114
толкотня	114
тикает	114
тепер	114
тартария	114
таймаут	114
сыпет	114
сходка	114
суперфосфата	114
судмедэксперт	114
субсчета	114
снопы	114
скт	114
скатывание	114
синдбад	114
сенокосы	114
сг	114
сахарозы	114
сахар-песок	114
санкционирует	114
садок	114
саддукеи	114
руч	114
решето	114
рефрены	114
расстегивает	114
рассасывает	114
разносторонность	114
размыкается	114
раздолбай	114
радисты	114
прялка	114
проникнется	114
причитает	114
пристрой	114
приравнивание	114
префиксы	114
претворяется	114
пресеты	114
прачка	114
поясницы	114
постукивает	114
портики	114
попутчица	114
политехника	114
подсчитает	114
подкрылки	114
пивоварни	114
печатка	114
петродворец	114
перезагрузится	114
пергола	114
пао	114
официалы	114
отслеживаются	114
оксалаты	114
одиннадцатиклассники	114
облсовет	114
невозмутимость	114
натив	114
насмехается	114
напряги	114
напрягаются	114
мясопродукты	114
мясоеды	114
музыкотерапия	114
мочеточник	114
мопсы	114
монсеньор	114
монокль	114
монады	114
многоугольники	114
микроблог	114
машинистка	114
машзавод	114
либерал-демократы	114
лерка	114
лексема	114
кунг	114
кст	114
коньюктивит	114
консистория	114
клеветник	114
киноакадемия	114
казанка	114
кавалькада	114
исскуство	114
интернет-трейдинг	114
импрессионисты	114
имитаторы	114
затмит	114
заплата	114
залечивает	114
загора	114
жертвенники	114
единоначалие	114
дуплексы	114
доша	114
доказательность	114
дифракция	114
дистресс	114
деревяшка	114
дейр-эз-зор	114
дегустаторы	114
давос	114
город-порт	114
гонартроз	114
глюкагон	114
гидропривод	114
вышгород	114
высер	114
вылечивается	114
выкатывается	114
выбытия	114
видос	114
верха	114
вертолэкспо	114
вербовщики	114
боярство	114
бляха	114
блюдца	114
блант	114
биоматериал	114
бестолочь	114
беслан	114
белоруснефть	114
банник	114
балда	114
ашдод	114
афишируется	114
ассасин	114
алтгу	114
адсорбирует	114
аврор	114
seo-специалист	114
seo-копирайтинг	114
60-летие	114
2д	114
20см	114
11а	114
эрнандес	113
эпидемиолог	113
элия	113
электронагреватель	113
шлам	113
шизофреники	113
шершни	113
шампуры	113
цоп	113
цоколи	113
цзянь	113
художество	113
хмелю	113
хлороз	113
френд	113
финт	113
федерер	113
фальцовка	113
тулуза	113
трансмашхолдинг	113
траки	113
традиционалисты	113
теслы	113
темпус	113
телеэкран	113
телевиденье	113
творенье	113
суперкомпьютеры	113
солнышки	113
сойки	113
скарлет	113
сизаль	113
серьёзность	113
сервант	113
свободолюбие	113
свертывается	113
ряска	113
ручонки	113
редмонд	113
расширятся	113
расчесы	113
растр	113
разминает	113
радиоканал	113
равик	113
пёсик	113
путепроводы	113
пульмонология	113
провидица	113
проблемки	113
посылочка	113
попрошайка	113
пользует	113
подглядывает	113
погруженность	113
платность	113
пинто	113
пиза	113
пастила	113
пазуха	113
падежи	113
оэс	113
отжиманий	113
осыпание	113
остальные	113
омофор	113
околица	113
обливает	113
обезвоживается	113
норманны	113
номос-банк	113
нииар	113
нашея	113
нави	113
музей-квартира	113
моторолы	113
молодчинка	113
модест	113
мини-юбка	113
метрополитен-опера	113
метелка	113
манипура	113
мадина	113
ляет	113
люля-кебаб	113
луна-парк	113
лопает	113
ловчие	113
лафет	113
крид	113
крестики-нолики	113
красногорск	113
кофейник	113
контактность	113
кипер	113
каверы	113
кавалерист	113
инклюзия	113
имэмо	113
иезекииль	113
знамёна	113
запечатывает	113
закупщик	113
закладывание	113
задрот	113
едит	113
дуоденит	113
дремота	113
достраивает	113
домогательства	113
дизель-генераторы	113
дивеево	113
гуково	113
графины	113
гармонист	113
вытекание	113
встречаемость	113
вотчины	113
ворожба	113
волковыск	113
висты	113
виброплита	113
ветонит	113
ведёрко	113
вайгач	113
бутоньерки	113
буренка	113
благоустраивается	113
бифиформ	113
берёзки	113
бдипч	113
балтинфо	113
асия	113
апокриф	113
англо	113
альтруисты	113
агора	113
hr-директор	113
75-летие	113
5года	113
་	112
якир	112
эмирейтс	112
элеганс	112
экзистенция	112
шлепает	112
циферблаты	112
цимес	112
царевна-лягушка	112
харчи	112
хард-рок	112
фун	112
фпб	112
фотозона	112
фотогалереи	112
флегмоны	112
фиброма	112
феррум	112
фаблет	112
уфолог	112
усушка	112
укрсоцбанк	112
туристик	112
траулер	112
сурб	112
странница	112
стоматолог-терапевт	112
сталинка	112
спиннингисты	112
сороконожка	112
со-основатель	112
сметчик	112
славнефть	112
склерозирование	112
скейтборд	112
себялюбие	112
свиблово	112
сверяется	112
саркомы	112
рольшторы	112
род-айленд	112
ретейлеры	112
раскаляется	112
разряжает	112
разражается	112
размечается	112
работка	112
приморцы	112
поселяются	112
порет	112
помысел	112
пожалуется	112
пожалует	112
подписанты	112
подкатегория	112
питтсбург	112
перетягивает	112
пацифизм	112
патриаршество	112
партбилет	112
пакистанцы	112
оттягивание	112
отсуствие	112
отделается	112
осетрина	112
освидетельствование	112
ортодонты	112
орга	112
окленд	112
ознакомит	112
обязаловка	112
обыгрывание	112
облачается	112
нуклеотиды	112
нувориши	112
нотация	112
ностальжи	112
нна	112
нигер	112
нзп	112
ненавистник	112
настрои	112
нарукавники	112
мухоловка	112
музон	112
муар	112
мзкт	112
метформин	112
медиа-центр	112
маневрирует	112
люминофор	112
льготник	112
луиз	112
логарифмы	112
лиаз	112
лейки	112
кубометры	112
кубица	112
криомассаж	112
кооперирование	112
контрактуры	112
конклав	112
клайв	112
кесарь	112
кгк	112
картограф	112
карибы	112
капрон	112
йн	112
истолковывает	112
искривляется	112
имплантант	112
идеята	112
зпт	112
зеркалки	112
зарабатывается	112
запасает	112
заносчивость	112
закорючки	112
законоучитель	112
загород	112
забайкальск	112
жц	112
жермен	112
ерзает	112
дроиды	112
документоведение	112
документалист	112
дойки	112
дифлюкан	112
диляра	112
дивертикулы	112
джихадисты	112
джилекс	112
грузопоток	112
грубит	112
горизонтальность	112
гладиолус	112
ганза	112
гаарец	112
вытаскивание	112
врач-ортопед	112
впрыскивает	112
воспрепятствует	112
волынка	112
вменяет	112
вгд	112
вантуз	112
бэст	112
брызгает	112
бро	112
брейвик	112
боко	112
битрикс	112
биоэпиляция	112
биометрия	112
бескультурье	112
ассирия	112
аскаридоз	112
анналы	112
агрохимия	112
vip-зал	112
4см	112
426-фз	112
400-фз	112
10а	112
юво	111
эспандеры	111
электрочайники	111
щекиноазот	111
шулер	111
шорт	111
шафер	111
цистеин	111
хлысты	111
хари	111
халдеи	111
фотофиксация	111
фиточаи	111
учитель-дефектолог	111
удовлетворённость	111
увенчаются	111
тотьма	111
техэксперт	111
термопара	111
теплосчетчик	111
телемаркетинг	111
тамерлан	111
супротек	111
су-джок	111
стингер	111
спорткары	111
спецпроекты	111
сошка	111
сотбис	111
созданье	111
снабженец	111
скрепляются	111
сепия	111
свитшоты	111
сахалинцы	111
саентологи	111
рэйчел	111
рика	111
рижане	111
репрезентативность	111
река-море	111
рахманин	111
расхаживает	111
рассчитается	111
пятиклассник	111
проституткт	111
пропажи	111
промахивается	111
приемат	111
преемница	111
портулак	111
порожки	111
помолится	111
полумеры	111
поливка	111
покалывает	111
пенька	111
пельмешки	111
пачули	111
патерик	111
пастушок	111
парторг	111
парапеты	111
оратория	111
онуфрий	111
огниво	111
овощеводы	111
обязывается	111
обточка	111
обработчики	111
новости-грузия	111
ниаэп	111
нар	111
мужичонка	111
моэк	111
москва-минск	111
минусовка	111
мини-юбки	111
микрокредитование	111
маечка	111
липопротеиды	111
лексикология	111
ланка	111
лангепас	111
кузня	111
кочка	111
коньячку	111
комуникация	111
комплаенс	111
комбинатор	111
кожзам	111
коалы	111
кнорус	111
квартирант	111
карфагеняне	111
карикатурист	111
кард	111
калоша	111
калибратор	111
кайтинг	111
казтрансгаз	111
кадетство	111
каблучки	111
каббалист	111
йота	111
интернет-столица	111
инсулины	111
икао	111
ивенты	111
зубренок	111
зкс	111
зачинщики	111
заложение	111
закрепитель	111
задумчивость	111
дёргает	111
дружинник	111
донимает	111
дифференцирует	111
дистрибьюция	111
дерматозы	111
деп	111
девиация	111
дворянка	111
двадцатки	111
данцига	111
групповуха	111
градъ	111
горчинка	111
гнёт	111
гештальт-терапия	111
геликон	111
гвп	111
гавр	111
водолечебница	111
вник	111
видеовыход	111
веритас	111
ваикра	111
бутерброд	111
булочная	111
бодхи	111
богатеет	111
бовуар	111
бизнес-структуры	111
библиотечка	111
бессоница	111
батл	111
аудиенция	111
атомщики	111
арестовывает	111
анестезиологи	111
аксакалы	111
аденовирусы	111
агуша	111
авторитарность	111
авиастар-сп	111
40с	111
40-е	111
эпсилон	110
энтероколит	110
эндорфин	110
эндопротезы	110
эллипсоид	110
электронасос	110
щупальце	110
шмот	110
шень	110
шарпея	110
циркачи	110
хулиганит	110
хитрит	110
хедж-фонды	110
хасис	110
фсф	110
фотосъемки	110
фокус-группы	110
финист	110
фильтрат	110
фермент	110
фельетоны	110
фандрайзинг	110
файнс	110
узд	110
угкц	110
тільки	110
тюбинг	110
тул	110
трутни	110
траут	110
трансформирование	110
тода	110
таролог	110
стор	110
стеночки	110
спрыгивает	110
сокрушает	110
совместители	110
совбез	110
смешит	110
словоформы	110
скребет	110
скифия	110
ситилинк	110
седловина	110
сдавливается	110
свайп	110
сава	110
рубится	110
росевробанк	110
рок-опера	110
резание	110
расчитывает	110
разбрызгивание	110
разбивание	110
псалтыри	110
професор	110
провидцы	110
приближенность	110
преподнесение	110
правопреемство	110
полигамия	110
подлесок	110
пинг-понг	110
песчанка	110
першит	110
пересыпь	110
переоценки	110
пароварки	110
остеоартрит	110
ориент	110
оплодотворяет	110
оккупирует	110
окалина	110
обороноспособность	110
облекает	110
обидчики	110
нахлыст	110
мультилендинг	110
мулатки	110
мотокультиватор	110
морочит	110
мимикрия	110
металлочерепицы	110
мендель	110
машиностроители	110
мавзолеи	110
ломти	110
липопротеины	110
липки	110
линзмастер	110
лампад	110
крива	110
кпс	110
каталогизация	110
картофелина	110
карбюраторы	110
итм	110
ит-директор	110
испр	110
интернет-площадка	110
инноватор	110
индивидуалисты	110
изученность	110
зенитки	110
звр	110
закачивает	110
жжот	110
железяки	110
евроньюс	110
евроинтеграция	110
дрыхнет	110
добор	110
дистиллята	110
дисграфия	110
димедрола	110
диез	110
дивергент	110
диасофт	110
дебошир	110
грузило	110
гпо	110
генерализация	110
геллерт	110
гамк	110
выразит	110
выкупит	110
вулканизация	110
всезнайка	110
волынь	110
волынец	110
вознаградит	110
вдохновляется	110
ввгнг	110
бубенчики	110
броз	110
бороздит	110
бонифация	110
бокситы	110
бивень	110
берберы	110
безнадега	110
башар	110
барий	110
барбос	110
бакалея	110
аэропланы	110
аудиоплеер	110
апо	110
антиномия	110
автосигнализации	110
авилон	110
sms-информирование	110
mp3	110
8л	110
79-фз	110
100мл	110
ютюб	109
юла	109
электрокардиограф	109
эклампсия	109
шикотан	109
чекбокс	109
црт	109
хубэй	109
хосеп	109
холодопроизводительность	109
хватаются	109
харвест	109
фотокниги	109
фгк	109
фант	109
файрвол	109
усмиряет	109
украинство	109
тянь-шань	109
торрент-клиент	109
толмачево	109
тога	109
телеметрия	109
тв-шоу	109
танцплощадка	109
сувар	109
стоицизм	109
стог	109
стасик	109
соучредители	109
созидается	109
собутыльник	109
смс-информирование	109
скудность	109
силачи	109
сельхозпредприятие	109
світ	109
самобичевание	109
ромбур	109
резо	109
разминается	109
разгорится	109
псалма	109
прыгуны	109
прострелы	109
прозвание	109
провитамин	109
притеснение	109
пристаёт	109
приоры	109
примочка	109
прибл	109
преэклампсия	109
праймеры	109
почтительность	109
поучаствует	109
получава	109
полипоз	109
подлоги	109
подкидыш	109
перенесется	109
пароксизмы	109
отсечка	109
ореолы	109
оптимус	109
ондулин	109
омичка	109
олифа	109
олеандр	109
овертайм	109
обстреливает	109
обрывок	109
носительница	109
носики	109
ноготок	109
новоалтайск	109
нлп-практик	109
ниспадает	109
никосия	109
нефаз	109
непригодность	109
нелогичность	109
нейрофизиологи	109
натяжитель	109
наложница	109
налипает	109
наборщик	109
муравейники	109
музицирование	109
мсз	109
младенчество	109
миттеран	109
местоблюститель	109
месс	109
менуэт	109
магнитол	109
литавры	109
летчица	109
летун	109
ларцы	109
лавочники	109
кубышка	109
кряхтит	109
кпмг	109
коры	109
копты	109
кокойты	109
кин-дза-дза	109
керамиды	109
кемп	109
каяки	109
кара-даг	109
капюшоны	109
камбэк	109
иус	109
искус	109
иешуа	109
идн	109
зевок	109
заказуха	109
екип	109
доначисление	109
доверится	109
девахи	109
дальневосточники	109
гумвд	109
гуманоид	109
гиперопека	109
гидрология	109
гагаузия	109
вычитка	109
выкачивание	109
выгуливает	109
врач-гастроэнтеролог	109
волжск	109
воздвиженка	109
водопроницаемость	109
властелины	109
видео-ролики	109
веб-разработчики	109
вад	109
бэкапы	109
боулдеринг	109
бортник	109
божія	109
биогумус	109
бизнес-аналитик	109
балтик	109
анонсирование	109
аик	109
автоматизируется	109
юнга	108
электробритва	108
эксимер	108
экс-начальник	108
эконика	108
экологизация	108
чужое	108
человечище	108
хряк	108
хоргос	108
холка	108
холецистэктомия	108
харя	108
фехтовальщик	108
фаталист	108
фальцы	108
ушанки	108
усложняются	108
уравновешивание	108
употр	108
упд	108
укргазбанк	108
уинслет	108
уб	108
тягомотина	108
тюменьэнерго	108
тсд	108
тинейджер	108
термолифтинг	108
таурин	108
срабатывание	108
смска	108
смердит	108
слушательница	108
скорик	108
скандалит	108
сиси	108
силикагель	108
сексология	108
сейсмологи	108
светоотдача	108
рти	108
ритка	108
риамо	108
рзм	108
рефрен	108
рефлектирует	108
расшатывает	108
расформирование	108
разлучает	108
птг	108
прутик	108
просиживание	108
пророчествует	108
продувает	108
продленка	108
пристегивается	108
приор	108
прикормки	108
привесы	108
пречистенка	108
представяне	108
прародительница	108
практиканты	108
ппкп	108
почувствуется	108
помирает	108
полупроводник	108
подливка	108
подавитель	108
пидарас	108
пигмеи	108
перегоняет	108
переаттестация	108
пацифист	108
панагия	108
памм-счета	108
пальпируется	108
оформители	108
отчитается	108
орс	108
ойкумена	108
огорчается	108
оголяется	108
нью-эйдж	108
нуждаемость	108
нсг	108
ночники	108
носоглотка	108
нкгб	108
нитрид	108
неотложка	108
неоднородности	108
наматывает	108
наличка	108
навешивает	108
морщинка	108
монпарнас	108
мокрица	108
могъ	108
ммц	108
миэт	108
миссионерство	108
медобслуживание	108
матадор	108
лнп	108
лесхозы	108
лактулоза	108
кёльн	108
кэс	108
ксерокопирование	108
крыминформ	108
криптовалют	108
коптит	108
конгресс-центр	108
коммуняки	108
комментируется	108
клиницист	108
киммерийцы	108
кета	108
карден	108
исчадие	108
ирга	108
интегра	108
индивидуалист	108
звукописи	108
зацикливается	108
затапливает	108
застывание	108
жизнестойкость	108
жер	108
ебн	108
дэвы	108
домохозяйство	108
дозревает	108
доедает	108
дмз	108
дисменорея	108
дивизионы	108
джуниор	108
джейлбрейк	108
громадина	108
гидроэнергетика	108
геосетка	108
вытирается	108
выравниваются	108
вылегжанин	108
вхл	108
вснп	108
врачи-косметологи	108
возлияния	108
веган	108
ввязывается	108
бпц	108
бесперебойник	108
бесконтрольность	108
бенчмарк	108
баскетболистки	108
баррикады	108
бандеровец	108
аудиовыход	108
арма	108
антитезис	108
анахата	108
автомагазин	108
автобизнес	108
авео	108
1920-е	108
ярлычок	107
яко	107
юп	107
эпиляторы	107
эпидпорог	107
электрошокеры	107
эксгумация	107
штуцеры	107
шебби	107
чашелистики	107
церемонится	107
цбр	107
хохлома	107
херово	107
хаи	107
фотостарение	107
филенка	107
утомит	107
уравниловка	107
улуны	107
укрсиббанк	107
укореняются	107
тэр	107
трёп	107
топазы	107
тл	107
тина	107
телевещание	107
тарт	107
тарантас	107
танкетки	107
табакерка	107
съд	107
сшивание	107
сумятица	107
стянутость	107
страдальцы	107
старицы	107
старательность	107
спиридон	107
спецстрой	107
см-клиника	107
склер	107
скб-банк	107
синтагма	107
сенсорика	107
секвестр	107
секвенирование	107
сдс	107
святогор	107
саурон	107
саттон	107
самсон	107
рупия	107
росгвардия	107
ресоциализация	107
репер	107
рейтузы	107
резус-конфликт	107
раздвигается	107
раздатка	107
равняются	107
простобанк	107
простатэктомия	107
променяет	107
приспосабливает	107
принижение	107
приказчики	107
прибаутки	107
почёт	107
попрошайничество	107
пиодермия	107
пинцеты	107
петлюра	107
петербурженка	107
пересказы	107
первенцы	107
партнёрка	107
паласы	107
отсеивается	107
отрк	107
остава	107
осмысливается	107
ориг	107
оочень	107
окисляются	107
однолюб	107
одновременность	107
огр	107
овощерезка	107
обматывается	107
облетает	107
нёбо	107
нико	107
нефтехим	107
ненавязчивость	107
насельник	107
мусин	107
множители	107
мим-киев	107
милдронат	107
мение	107
мелок	107
медиаобразование	107
лючки	107
листогиб	107
ледок	107
кускус	107
кудесники	107
контролёры	107
колоннады	107
коленкор	107
кокошники	107
кевлар	107
католицизм	107
каннибалы	107
каменеет	107
калоризатор	107
калмык	107
калланетика	107
интернет-пользователь	107
инсинуации	107
изнемогает	107
издевка	107
иванушки	107
зрада	107
захватчик	107
затыкает	107
жолы	107
елизово	107
единообразия	107
еврооблигации	107
евангелия	107
дотягивается	107
джаспер	107
детинец	107
детерминация	107
детализирует	107
деревенщина	107
дендропарк	107
графоман	107
глазка	107
геоэкология	107
генерал-майоры	107
галл	107
вытащит	107
выталкивание	107
вымогатель	107
внд	107
вменяемость	107
вирт	107
визбор	107
виадук	107
вахмистр	107
валеология	107
в	107
булочные	107
брошка	107
брама	107
бодибилдер	107
блефует	107
благословляется	107
бирюлево	107
беспризорники	107
безрукавки	107
бальбоа	107
балык	107
бадан	107
армрестлинг	107
андалусия	107
ананда	107
амеба	107
аластор	107
аккредитивы	107
аделаида	107
адг	107
автоспутник	107
автоломбарды	107
юрюзань	106
юнкерс	106
юбк	106
эфириум	106
экстрактор	106
эконом-вариант	106
эвристика	106
чуйка	106
цниимаш	106
цветочница	106
хула	106
хофбург	106
хотя	106
хокинг	106
форсирует	106
флегмона	106
фланг	106
фасилитация	106
фарион	106
уточки	106
ударится	106
угольники	106
убаюкивает	106
тусур	106
турагенты	106
термофор	106
теннисистки	106
сэп	106
счастливец	106
стройплощадка	106
сторителлинг	106
стволик	106
срв	106
спис	106
спецподразделение	106
спа-отель	106
соскакивает	106
сородич	106
соблазнитель	106
снегоступы	106
смз	106
симы	106
сигурда	106
сестрицы	106
сесиль	106
сайдбар	106
рузы	106
ртс-тендер	106
ропщет	106
романец	106
рок-звезда	106
рогоз	106
рмк	106
ркт	106
репак	106
ремя	106
регионал	106
размерчик	106
размазывает	106
пропишет	106
пролёты	106
продвижения	106
присоски	106
присед	106
припой	106
прикрываются	106
превышается	106
поковки	106
подчинится	106
подрезает	106
пневмоподвеска	106
планерка	106
пищевода	106
перелетает	106
передовики	106
переводоведение	106
паяльники	106
охладит	106
оттачивание	106
отгружает	106
оптимистка	106
океания	106
овощехранилище	106
объектива	106
нип	106
наталия	106
наговор	106
мученицы	106
мускула	106
муми-тролль	106
молодчик	106
модифицирование	106
микросферы	106
межвуз	106
лямбда	106
лфк	106
лотус	106
лмз	106
лерочка	106
легкоатлетка	106
ланцет	106
ксс	106
кряква	106
крестница	106
коршуны	106
кордоны	106
корделия	106
конъюнктива	106
конспирологи	106
компиляторы	106
компаратор	106
кодировки	106
квартиросъемщики	106
каучуки	106
карпини	106
карбункул	106
карбамид	106
казтрансойл	106
казимир	106
исполь	106
иремель	106
инчхон	106
инвестпроект	106
имн	106
изживает	106
знобит	106
знатность	106
звукорежиссеры	106
заселяет	106
заниматся	106
загоняется	106
жодино	106
жилсервис	106
единоразово	106
еврозона	106
дэйл	106
доставки	106
домишко	106
доение	106
диуретик	106
дискаунтер	106
дисбалансы	106
децата	106
депутация	106
гусыня	106
гринн	106
глашатай	106
гкнб	106
гиперпролактинемия	106
геолокация	106
геол	106
галлия	106
втечение	106
всаа	106
восходы	106
виноградарь	106
винник	106
винер	106
видеостудия	106
взаиморасположение	106
вербена	106
вебвизор	106
бфа	106
богуш	106
биточки	106
бесцеремонность	106
беларусьфильм	106
балкарцы	106
бактериофаг	106
аускультация	106
архипо-осиповка	106
артемовск	106
арт-студия	106
амурчане	106
амилоидоз	106
альпинарий	106
аба	106
50см	106
ясновидящие	105
эскадр	105
энтеросорбенты	105
щедры	105
штурманы	105
шашлычная	105
шалунья	105
человек-амфибия	105
цикламен	105
цианид	105
цветочницы	105
цветопробы	105
хэнкок	105
хрещатик	105
хлои	105
фромма	105
фрирайд	105
фрея	105
фотоэлемент	105
утюжка	105
утилизирует	105
усобицы	105
уникс	105
туб	105
тимка	105
театровед	105
такава	105
существенность	105
строймастер	105
стихотворец	105
старшеклассница	105
спорщики	105
спортплощадка	105
социопат	105
соц	105
созерцатель	105
соблазнительница	105
сионист	105
синовит	105
сибас	105
сжимание	105
серхио	105
сепаратист	105
сбербанк-аст	105
рсхб	105
рокарий	105
родиола	105
реюньон	105
рецептики	105
рейкьявик	105
рационализатор	105
растопит	105
расстраиваются	105
распутывает	105
распутица	105
раскладывание	105
разрыхление	105
разр	105
разгосударствление	105
разблокирует	105
пятидесятница	105
пудели	105
прыгунки	105
просиживает	105
промо-акция	105
продавец-кассир	105
прихватывает	105
предикаты	105
почтовик	105
потертость	105
помывка	105
полчище	105
полицмейстер	105
полинейропатия	105
полина	105
пилотка	105
петрарка	105
пересчитает	105
перестраховка	105
перепосты	105
пелопоннес	105
пейзажист	105
парабены	105
оха	105
отметина	105
операционист	105
обьясняет	105
обтягивает	105
обособляется	105
нервишки	105
немига	105
нейлон	105
нань	105
наистина	105
мясокомбинаты	105
мышата	105
мультиповар	105
моудод	105
мнётся	105
микротест	105
микроклизм	105
миац	105
мздоимство	105
металлоснабжение	105
маятники	105
марь	105
мазурка	105
льдина	105
лодырь	105
литотрипсия	105
лимитируется	105
лилейник	105
лесосибирск	105
лепта	105
латиноамериканцы	105
кэжуал	105
кульбит	105
крольчата	105
корректирование	105
коротышки	105
компрометирует	105
команда-победитель	105
ккп	105
кают-компания	105
качественность	105
катавасия	105
капустник	105
кабриолеты	105
йоханнес	105
исд	105
инфотекс	105
интернет-трафик	105
зацепы	105
затормаживается	105
замахивается	105
закрашивает	105
заводчица	105
жёлуди	105
жуёт	105
желтушка	105
енп	105
дуа	105
драматизация	105
доставление	105
джессики	105
детерминирует	105
дерётся	105
денщик	105
дантон	105
гуп	105
гсн	105
грузики	105
гранулята	105
гпк	105
город-спутник	105
гоз	105
гифки	105
гипохлорит	105
гипокалиемия	105
гипертоник	105
гидроцикл	105
гальванизация	105
высолы	105
высечка	105
выпол	105
врачи-стоматологи	105
воробушек	105
володимир	105
вклинивается	105
виват	105
ветшает	105
валар	105
бюрократизация	105
булочник	105
бран	105
бобик	105
бензины	105
белиберда	105
басс	105
бал-маскарад	105
байопик	105
байкальск	105
атмосферник	105
аскеты	105
аптекари	105
антонимы	105
амниоцентез	105
алфавиты	105
агзс	105
автоэлектрик	105
авторевю	105
автомагнитола	105
qr-коды	105
25с	105
10к	105
юристъ	104
юкон	104
юк	104
югорчане	104
эфиопы	104
этан	104
эскапизм	104
электронщик	104
электронагреватели	104
электровелосипед	104
экс-игрок	104
экономность	104
шишечка	104
шарлиз	104
черёмуха	104
хлюпает	104
фэнтази	104
фьорд	104
фугасы	104
фрол	104
фотодокументы	104
флэш-память	104
фанагория	104
фан-клуб	104
учителя-предметники	104
упаковываются	104
укрнафты	104
узумаки	104
страшилище	104
стихир	104
спрайты	104
солон	104
собибор	104
соавторство	104
смекта	104
словоупотребление	104
синтезируются	104
сгупс	104
свит	104
сваливание	104
самоутверждается	104
самосуда	104
салтыкова-щедрина	104
робокоп	104
резервирует	104
реализаторы	104
рассредоточение	104
распределители	104
распаривание	104
рамадан	104
разнос	104
прямохождение	104
прорицательница	104
проректоры	104
пропекается	104
прозревает	104
прист	104
премиксы	104
преломляет	104
предводительница	104
праправнук	104
правомочие	104
прабабка	104
потребительство	104
полонез	104
подстраиваются	104
поджигается	104
подгорица	104
подвешивание	104
пн-сб	104
пипетки	104
перетренированность	104
пензенцы	104
партньор	104
паралимпийцы	104
очаровашка	104
оториноларинголог	104
оснащённость	104
оргвзнос	104
опф	104
однопартийцы	104
объедки	104
облучатель	104
ныряльщик	104
недоброжелатель	104
неграждане	104
невропатологи	104
невозврат	104
накачивается	104
наив	104
наездница	104
наделает	104
набукко	104
мурманчане	104
мсч	104
монди	104
мигалки	104
меланхолики	104
мас	104
мамин-сибиряк	104
лощина	104
логойск	104
лобода	104
лишку	104
ленятся	104
лежкость	104
лачуги	104
лаваль	104
кулики	104
кроссовка	104
коста-дель-соль	104
косметикс	104
коромысло	104
копие	104
конструктивность	104
коммуникативность	104
коммунары	104
комиссариаты	104
колористика	104
клавесин	104
киберпонедельник	104
квиддич	104
квартир	104
катрен	104
кардшаринг	104
камеди	104
итраконазол	104
интернет-зависимость	104
интернет-версия	104
изомеры	104
избр	104
иголочка	104
злословие	104
замерщики	104
забегает	104
жк-телевизор	104
жандармерия	104
емнип	104
едь	104
дренажи	104
домоводство	104
дисководы	104
динка	104
дженоа	104
дерматовенерология	104
дерзает	104
демпси	104
демо	104
демагоги	104
декаданс	104
дауншифтинг	104
гюрза	104
гпп	104
госинспектор	104
голубики	104
глюкофаж	104
глумится	104
глиттер	104
гистограммы	104
гипервентиляция	104
гардения	104
вычурность	104
вычищает	104
выдувает	104
впуск	104
возвеличивание	104
витаминки	104
валидатор	104
бретельки	104
брдм	104
божок	104
боеголовка	104
биопарокс	104
билетики	104
бизнес-отель	104
безбрачие	104
афты	104
астер	104
асм	104
архит	104
апитерапия	104
анталья	104
амстор	104
аллергология	104
алиссум	104
активируются	104
аквалор	104
аби	104
hr-специалисты	104
эмулирует	103
электромагниты	103
экс-сотрудник	103
экос	103
шлюшки	103
шаттлы	103
чреваты	103
читка	103
чика	103
цкс	103
цион	103
холуи	103
хбп	103
фреймворки	103
фотоискусство	103
фонема	103
флебология	103
фиорентина	103
филька	103
феминизм	103
фармстандарт	103
фарисейство	103
фарадей	103
условията	103
удостоится	103
тэо	103
трясётся	103
трепло	103
точение	103
тостеры	103
тербинафин	103
теплоэнерго	103
съдържа	103
столыпина	103
сталевары	103
сочинение-рассуждение	103
соринка	103
созополь	103
сникерс	103
смок	103
скопирует	103
скашивание	103
синус-лифтинг	103
синто	103
сизиф	103
середняки	103
середа	103
секстиль	103
саспенс	103
самбисты	103
рфяц-внииэф	103
роялти	103
ризница	103
регионоведение	103
ревматология	103
разлуки	103
разбалансировка	103
разбавитель	103
профайн	103
проставки	103
променад	103
проктология	103
прихвостни	103
примитивность	103
правоохранитель	103
пости	103
поселяне	103
поношение	103
подкладывается	103
подкаблучник	103
петруха	103
перекрёстки	103
перекачивание	103
переедает	103
парниша	103
палица	103
отара	103
осцилляторы	103
окислители	103
носок	103
недоношенность	103
натурализация	103
наргиз	103
надувание	103
мучатся	103
мочеточники	103
мособлгаз	103
мордашки	103
моралист	103
молебствие	103
модернисты	103
многоплановость	103
ммг	103
минералогия	103
мехатроника	103
мельчает	103
машина-автомат	103
манат	103
малика	103
магнитогорцы	103
любопытные	103
лонг	103
лимфостаз	103
лизун	103
либхер	103
кураторство	103
кубаньэнерго	103
кубанцы	103
кронпринц	103
кроманьонцы	103
кресла-качалки	103
крахмалы	103
корыта	103
контур-экстерн	103
контаминация	103
конвертики	103
коленка	103
кипрей	103
квартиры-студии	103
кашмир	103
караулит	103
каны	103
калмычка	103
кавминвод	103
историята	103
испрашивается	103
иррадиирует	103
интернет-аукцион	103
интекс	103
инвестбанк	103
инаковость	103
ик-подсветка	103
извещается	103
зеленоградск	103
зейнаб	103
звукопоглощение	103
ергаки	103
емэйл	103
евреонал	103
думцы	103
драгон	103
дивертисмент	103
дезоморфин	103
гыгы	103
грузоперевозчики	103
гринфилд	103
гренадеры	103
градуировка	103
гидросистема	103
геотаргетинг	103
гематокрит	103
геликон-опера	103
гаминатор	103
г-н	103
выжимается	103
видеофайл	103
видеомагнитофоны	103
взращивание	103
веротерпимость	103
вагриус	103
бушлат	103
букинг	103
бора	103
богородск	103
биткойн	103
бесчинствует	103
бейлис	103
безбожие	103
архаика	103
альвеолит	103
актерство	103
агрохолдинги	103
автогражданка	103
автогонки	103
https://ru.wikipedia.org/...✂	103
7я	103
7см	103
2000-е	103
южноуральцы	102
электродинамика	102
чужестранец	102
чужеземцы	102
цзюнь	102
церн	102
хлорофиллипт	102
хенрик	102
хвастун	102
фрайбург	102
фонемы	102
флоренс	102
фенрир	102
фасилитатор	102
уценка	102
умпо	102
узурпация	102
тёлочка	102
тусклость	102
тропарево	102
трамвайчик	102
трактиръ	102
толстуха	102
тачскрин	102
тануки	102
сшивается	102
страта	102
статусность	102
спарк-интерфакс	102
спамер	102
спа-салоны	102
соха	102
сменщик	102
служащая	102
скаттер	102
сигнификатор	102
сертолово	102
святится	102
сатанист	102
самолет-разведчик	102
сабина	102
ртв-подмосковье	102
росводоканал	102
рианна	102
ретрансляция	102
репринт	102
рекурсия	102
ревнивец	102
рассыхается	102
пыж	102
протекция	102
прорезыватель	102
проклейка	102
притупление	102
притесняет	102
припоминается	102
приманивает	102
пресыщение	102
ппб	102
почемучки	102
понякога	102
полюсы	102
ползва	102
подражатели	102
подкосы	102
плевки	102
питбуля	102
пиджачок	102
переносчик	102
перемалывает	102
пауэрс	102
пасынкование	102
парестезия	102
отыгрывается	102
отрешение	102
отрезание	102
отказники	102
ординатор	102
оправка	102
оголовка	102
обожение	102
ноктюрн	102
нистагма	102
незнает	102
напутствия	102
мусорка	102
мтп	102
мотивированность	102
моссовет	102
моногамия	102
минобр	102
минимаркет	102
мильгамма	102
мизинцы	102
мизантроп	102
мезонити	102
мамашка	102
макгонагалл	102
магистраты	102
ляхи	102
люфтганза	102
люберец	102
лпонп	102
логины	102
лит-ре	102
линц	102
либерия	102
легализует	102
лебёдка	102
кэролин	102
крымэнерго	102
креатинина	102
кофе-машина	102
косячок	102
кораблестроение	102
конференц-центр	102
контест	102
компасы	102
комисия	102
колкото	102
козленок	102
кожедуб	102
кладр	102
кандиды	102
кагоцел	102
итиль	102
имбп	102
звукорежиссёр	102
зачаток	102
замучает	102
замедлится	102
заика	102
заборчики	102
жрд	102
живой	102
жемчужинка	102
дтэк	102
дорада	102
донцы	102
докторанты	102
доверяется	102
дец	102
дебитор	102
двухкомнатная	102
гумат	102
головни	102
глобалисты	102
главстрой	102
геронтология	102
вонючка	102
возм	102
воздуходувки	102
водоочистка	102
видеооператоры	102
венгерская	102
ватутинки	102
будующее	102
бляхи	102
бисептол	102
бизнес-парк	102
беллетрист	102
бездуховность	102
безвиз	102
баф	102
афимолл	102
апологетика	102
аза	102
автокатастрофа	102
аварцы	102
5шт	102
1цар	102
яблонька	101
электрокотлы	101
эксцентрик	101
эзотерик	101
эгмонт	101
шс	101
шпет	101
шороху	101
шоки	101
шелкопряд	101
черносотенцы	101
цор	101
цитируемость	101
церемониал	101
хейфец	101
форварды	101
фландрия	101
фитнес-тренер	101
фейсбука	101
фазиль	101
утроба	101
уралполит	101
упрёк	101
ульяновцы	101
тывы	101
трихомонада	101
триумфатор	101
толчея	101
толкучка	101
ткм	101
темечко	101
телемеханика	101
телезвезда	101
твп	101
танц	101
сыроежки	101
судостроители	101
структури	101
стоматологии	101
стереосистема	101
стервятник	101
старбакс	101
стажёр	101
спасу	101
скукота	101
сиянье	101
синапсы	101
симпатяга	101
сдирает	101
самокритичность	101
русада	101
речник	101
рекламщик	101
рассказывание	101
рассказово	101
разносчики	101
пятновыводители	101
пузырчатка	101
просочится	101
проносит	101
примутся	101
применяемость	101
правопреемники	101
потеряются	101
полуправда	101
покойная	101
подружится	101
подгружает	101
платан	101
пицунда	101
перерабатываются	101
перепел	101
перекупщик	101
параллелепипед	101
панельки	101
офицерство	101
отступит	101
отсебятина	101
освод	101
оккупант	101
обыграет	101
облегание	101
обвисание	101
нгту	101
нарконон	101
накидывает	101
муфтията	101
муссоны	101
мужчинка	101
моторесурс	101
москит	101
москвички	101
модерируется	101
мешалки	101
метрдотель	101
мвп	101
манекенщица	101
личко	101
липчане	101
лида	101
лабытнанги	101
кузбассразрезуголь	101
кувырки	101
кресс	101
кренится	101
крем-воск	101
крез	101
красуются	101
крамола	101
космизм	101
корсары	101
контрактник	101
консервирует	101
конкор	101
конвоир	101
книжица	101
кибербезопасность	101
квадрокоптеры	101
кацапы	101
катафалк	101
каракуль	101
каракол	101
калитва	101
казаки-разбойники	101
кавер-группа	101
ит-аутсорсинг	101
искушает	101
ирек	101
интерисует	101
индоевропейцы	101
ингрия	101
известкование	101
зсд	101
золотце	101
звязда	101
заглатывание	101
заваруха	101
жироуловитель	101
дукат	101
доминион	101
дозируется	101
десятиклассники	101
десятиклассник	101
дагестанец	101
гранатомёт	101
госуд	101
годность	101
гипнотерапия	101
гематит	101
галерист	101
выкупается	101
выдохи	101
вываживание	101
временщики	101
визуалы	101
везикулы	101
вежа	101
веганство	101
вваливается	101
вариантность	101
валькирий	101
бэк-вокал	101
буферы	101
брелка	101
ботсваны	101
бессюжетность	101
бенилюкс	101
баррикада	101
бакенбарды	101
аметисты	101
акимы	101
азар	101
автожир	101
абие	101
ρ	101
url-адрес	101
spa-процедуры	101
pos-система	101
http://kotomatrix.ru/...✂	101
19-е	101
ящур	100
ялта-интурист	100
эксцентриситет	100
щенята	100
щебенка	100
шлакоблоки	100
чтпз	100
челябинец	100
цесарки	100
церезит	100
хронометры	100
хренотень	100
хи-хи	100
фуросемид	100
фрезия	100
фибриноген	100
уэйт	100
утюжки	100
урегулирует	100
упанишады	100
улучшатся	100
укрэксимбанк	100
україни	100
трояны	100
тросики	100
трансмутация	100
торн	100
тонны	100
токсикозы	100
товарищь	100
тиристор	100
тетерин	100
тгп	100
танто	100
тангенс	100
счетовод	100
суёт	100
султанат	100
станичники	100
спср-экспресс	100
спортейдж	100
спандекс	100
сопля	100
соловейчик	100
собеседования	100
слюдянка	100
слесарь-ремонтник	100
синергизм	100
сиде	100
сена	100
селеста	100
сб-вс	100
реглан	100
ргвиа	100
разыгрывание	100
разъединители	100
пышка	100
пытает	100
путешественницы	100
прощупывание	100
просеивание	100
просвечивается	100
произнесет	100
проблематичность	100
пристрелка	100
ппш	100
полевка	100
поддержки	100
погранзаставы	100
поглотители	100
плунжер	100
перепелица	100
перемежается	100
переименовывается	100
пережевывание	100
перебежчики	100
первопричины	100
палы	100
отопители	100
отграничение	100
освободители	100
орнелла	100
ординарец	100
орвд	100
опекуна	100
онлайн-магазины	100
омолаживание	100
окунает	100
одноклубники	100
обменивает	100
обертки	100
обговариваются	100
неприятели	100
неимение	100
нездоровье	100
недоразвитость	100
невежа	100
не-ет	100
налим	100
мяско	100
монео	100
монд	100
молитвенники	100
могилка	100
мзср	100
медитирующий	100
махра	100
маньчжурия	100
луидор	100
лишатся	100
личка	100
летуны	100
лазутчик	100
лазанье	100
купчиха	100
кует	100
кросспостинг	100
кортес	100
коронарография	100
копирайты	100
киноварь	100
кель	100
караулы	100
капотня	100
како	100
казахфильм	100
казанец	100
исламизация	100
инфразвук	100
инвайт	100
инари	100
иланг-иланг	100
игромир	100
заразы	100
заки	100
заваривает	100
едро	100
дотянется	100
динамовец	100
дефектовка	100
дермабразия	100
деревяшки	100
демонизация	100
деиндустриализация	100
дагаз	100
дават	100
грудина	100
гогот	100
гиперхолестеринемия	100
гештальт-терапевт	100
галия	100
галитоз	100
галеты	100
вэб	100
выучит	100
вставание	100
вооружается	100
вниигаз	100
влачит	100
виссарион	100
визант	100
видоизменяет	100
видео-уроки	100
вибромассаж	100
вечерка	100
весчь	100
вершки	100
вероника	100
везунчики	100
веб-приложения	100
бунтарство	100
бронепробиваемость	100
боярд	100
битлы	100
биоармирование	100
березняки	100
беннет	100
барабаш	100
баптист	100
бандера	100
аэровокзал	100
атман	100
архэнергосбыт	100
ареол	100
антиперспирант	100
анизотропия	100
альпика-сервис	100
али-баба	100
алга	100
аланья	100
азалии	100
агранулоцитоз	100
автотрасса	100
автозаполнение	100
автоаксессуары	100
email-маркетинг	100
5мл	100
1квт	100
0л	100

